question,answers,topic,chunk_id,content
what is strip cropping.,Planting different crops in alternating strips across the slope helps to reduce erosion by breaking up the flow of water. The alternating strips of different crops create barriers that trap sediment and prevent it from being washed away.,crops,chunk_0,"Question: what is strip cropping.
Answer: Planting different crops in alternating strips across the slope helps to reduce erosion by breaking up the flow of water. The alternating strips of different crops create barriers that trap sediment and prevent it from being washed away."
how was harvesting done before the evolution of machinery?,Gathering and removing mature plants from the field had to be done by hand,crops,chunk_1,"Question: how was harvesting done before the evolution of machinery?
Answer: Gathering and removing mature plants from the field had to be done by hand"
"What are growth regulators, and how are they used in citrus cultivation?","Growth regulators are chemicals used to manipulate plant growth and development. In citrus cultivation, they can be used to regulate fruit size, promote flowering, or manage tree vigor.",crops,chunk_2,"Question: What are growth regulators, and how are they used in citrus cultivation?
Answer: Growth regulators are chemicals used to manipulate plant growth and development. In citrus cultivation, they can be used to regulate fruit size, promote flowering, or manage tree vigor."
which farm tool was used by farmers to thresh or beat the dried wheat in order to separate its edible grain seeds from its stalks,flails ,crops,chunk_3,"Question: which farm tool was used by farmers to thresh or beat the dried wheat in order to separate its edible grain seeds from its stalks
Answer: flails "
What spacing should I use when planting banana plants?,"Banana plants are typically spaced around 2 to 3 meters apart in rows, with rows spaced approximately 2 to 3 meters apart as well. Proper spacing ensures adequate airflow and sunlight penetration.",crops,chunk_4,"Question: What spacing should I use when planting banana plants?
Answer: Banana plants are typically spaced around 2 to 3 meters apart in rows, with rows spaced approximately 2 to 3 meters apart as well. Proper spacing ensures adequate airflow and sunlight penetration."
What management strategies are effective against Downy Mildew?,Three sprayings with Mancozeb 0.2% are effective. Spraying should start 20 days after transplanting and be repeated at 10-12 day intervals.,crops,chunk_5,"Question: What management strategies are effective against Downy Mildew?
Answer: Three sprayings with Mancozeb 0.2% are effective. Spraying should start 20 days after transplanting and be repeated at 10-12 day intervals."
what is fertilization?,the process of adding nutrients to the soil to improve crop growth and yield,crops,chunk_6,"Question: what is fertilization?
Answer: the process of adding nutrients to the soil to improve crop growth and yield"
What are the symptoms of bacterial soft rot in chilli plants?,"Symptoms include light to dark-colored, water-soaked lesions on the fruit, which may be sunken. Affected areas rapidly expand, particularly under high temperatures, leading to loss of texture in tissues. Bacterial ooze may develop from affected areas, and secondary organisms may invade the rotted tissue. Post-harvest softening of the stem end of the fruit is also observed, and affected fruit may hang from the plant like a water-filled bag.",crops,chunk_7,"Question: What are the symptoms of bacterial soft rot in chilli plants?
Answer: Symptoms include light to dark-colored, water-soaked lesions on the fruit, which may be sunken. Affected areas rapidly expand, particularly under high temperatures, leading to loss of texture in tissues. Bacterial ooze may develop from affected areas, and secondary organisms may invade the rotted tissue. Post-harvest softening of the stem end of the fruit is also observed, and affected fruit may hang from the plant like a water-filled bag."
"When is the optimal time to harvest guavas, and how can I determine their ripeness?","Guavas are best harvested when they attain maturity, which varies by variety. Ripe guavas typically exhibit changes in skin color, slight softness upon gentle pressure, and a fragrant aroma. They should detach easily from the tree when gently twisted. Harvest timing depends on these ripeness indicators, ensuring the fruits are at their peak flavor and quality.",crops,chunk_8,"Question: When is the optimal time to harvest guavas, and how can I determine their ripeness?
Answer: Guavas are best harvested when they attain maturity, which varies by variety. Ripe guavas typically exhibit changes in skin color, slight softness upon gentle pressure, and a fragrant aroma. They should detach easily from the tree when gently twisted. Harvest timing depends on these ripeness indicators, ensuring the fruits are at their peak flavor and quality."
Describe the role of the Agriculture Infrastructure Fund (2023) in enhancing post-harvest management.,"Launched to enhance post-harvest management and promote infrastructure development in the agriculture sector, this policy provides financial support to farmers for building storage facilities and transportation networks.",crops,chunk_9,"Question: Describe the role of the Agriculture Infrastructure Fund (2023) in enhancing post-harvest management.
Answer: Launched to enhance post-harvest management and promote infrastructure development in the agriculture sector, this policy provides financial support to farmers for building storage facilities and transportation networks."
which fruit crops can cassava be intercropped with?,"mango, citrus, and avocado",crops,chunk_10,"Question: which fruit crops can cassava be intercropped with?
Answer: mango, citrus, and avocado"
how can farmers improve soil fertility of a clay soil.,"Improve drainage: Incorporate organic matter, such as compost or well-rotted manure, into the soil to improve its structure and drainage capacity.

Amend the soil: Add sand or other coarse materials to clay soil to improve its texture and increase its drainage ability.

Implement proper tillage practices: Avoid over-tilling or working the soil when it is too wet, as this can lead to compaction. Use appropriate tillage techniques to break up compacted soil layers and improve root penetration.

Apply organic matter: Regularly add organic matter, such as compost or cover crops, to the soil to enhance its fertility, structure, and water-holding capacity.

Practice crop rotation: Rotate maize with other crops that have different root structures and nutrient requirements to help break up compacted soil and reduce the risk of soil-borne diseases.",crops,chunk_11,"Question: how can farmers improve soil fertility of a clay soil.
Answer: Improve drainage: Incorporate organic matter, such as compost or well-rotted manure, into the soil to improve its structure and drainage capacity.

Amend the soil: Add sand or other coarse materials to clay soil to improve its texture and increase its drainage ability.

Implement proper tillage practices: Avoid over-tilling or working the soil when it is too wet, as this can lead to compaction. Use appropriate tillage techniques to break up compacted soil layers and improve root penetration.

Apply organic matter: Regularly add organic matter, such as compost or cover crops, to the soil to enhance its fertility, structure, and water-holding capacity.

Practice crop rotation: Rotate maize with other crops that have different root structures and nutrient requirements to help break up compacted soil and reduce the risk of soil-borne diseases."
Npk and dap winch one is good for planting maize?,"It is important to note that the choice of fertilizer and application rate may depend on the specific soil and environmental conditions, as well as the maize variety and intended use of the crop. It is recommended to conduct a soil test and consult with a local agricultural expert to determine the appropriate fertilizer and application rate for a specific situation.",crops,chunk_12,"Question: Npk and dap winch one is good for planting maize?
Answer: It is important to note that the choice of fertilizer and application rate may depend on the specific soil and environmental conditions, as well as the maize variety and intended use of the crop. It is recommended to conduct a soil test and consult with a local agricultural expert to determine the appropriate fertilizer and application rate for a specific situation."
What causes cassava seedling blight?,Xanthomonas axonopodis pv. manihotis is the pathogen that causes bacterial blight of cassava,crops,chunk_13,"Question: What causes cassava seedling blight?
Answer: Xanthomonas axonopodis pv. manihotis is the pathogen that causes bacterial blight of cassava"
How is Automation used in farming?,"Incorporates robotics and AI for tasks like planting, harvesting, and monitoring farm operations.",crops,chunk_14,"Question: How is Automation used in farming?
Answer: Incorporates robotics and AI for tasks like planting, harvesting, and monitoring farm operations."
how can yellowing be used to check cassava maturity.,"As the cassava plant matures, the leaves will begin to turn yellow and dry up. This is a sign that the plant is ready for harvesting",crops,chunk_15,"Question: how can yellowing be used to check cassava maturity.
Answer: As the cassava plant matures, the leaves will begin to turn yellow and dry up. This is a sign that the plant is ready for harvesting"
Is it late to plant maize in this mid September.,"The optimal planting time for maize varies depending on the specific region and climate conditions. In general, maize is typically planted during the spring season when temperatures are warm and frost is no longer a concern.

Planting maize in mid-September may be considered late in many regions, especially if you are in a location where winters or cool temperatures arrive early. Late planting can result in several challenges, including reduced yields and increased risk of crop damage from frost or cold weather.
",crops,chunk_16,"Question: Is it late to plant maize in this mid September.
Answer: The optimal planting time for maize varies depending on the specific region and climate conditions. In general, maize is typically planted during the spring season when temperatures are warm and frost is no longer a concern.

Planting maize in mid-September may be considered late in many regions, especially if you are in a location where winters or cool temperatures arrive early. Late planting can result in several challenges, including reduced yields and increased risk of crop damage from frost or cold weather.
"
"Apart from insecticide, what other method used to control bean weevils?",Use resistant varieties and increase water availability for crop vigor to reduce bean weevil infestations.,crops,chunk_17,"Question: Apart from insecticide, what other method used to control bean weevils?
Answer: Use resistant varieties and increase water availability for crop vigor to reduce bean weevil infestations."
Suggest the advantages of clay soil,"Poor drainage: Clay soils have small pore spaces, which can lead to slow drainage and waterlogging in areas with heavy rainfall. This can reduce soil aeration and lead to root rot in some crops.
Heavy and difficult to work: Clay soils are heavy and can be difficult to till and cultivate with farming equipment.
Slow to warm up: Clay soils can be slow to warm up in the spring, which can delay planting and crop growth.
Prone to compaction: Clay soils are prone to compaction, which can reduce soil aeration and root growth.",crops,chunk_18,"Question: Suggest the advantages of clay soil
Answer: Poor drainage: Clay soils have small pore spaces, which can lead to slow drainage and waterlogging in areas with heavy rainfall. This can reduce soil aeration and lead to root rot in some crops.
Heavy and difficult to work: Clay soils are heavy and can be difficult to till and cultivate with farming equipment.
Slow to warm up: Clay soils can be slow to warm up in the spring, which can delay planting and crop growth.
Prone to compaction: Clay soils are prone to compaction, which can reduce soil aeration and root growth."
"How do I determine when to harvest citrus fruits, and what signs indicate they are ripe?","Knowing when to harvest citrus fruits involves observing color changes, checking for slight softness when gently pressed, and smelling for a sweet aroma. Additionally, some varieties may exhibit easier detachment from the tree when fully ripe.",crops,chunk_19,"Question: How do I determine when to harvest citrus fruits, and what signs indicate they are ripe?
Answer: Knowing when to harvest citrus fruits involves observing color changes, checking for slight softness when gently pressed, and smelling for a sweet aroma. Additionally, some varieties may exhibit easier detachment from the tree when fully ripe."
what is the recommended spacing for long 1.,spaced by 75x30cm with a seed rate of 25kg/ha,crops,chunk_20,"Question: what is the recommended spacing for long 1.
Answer: spaced by 75x30cm with a seed rate of 25kg/ha"
name one open-pollinated maize variety that was developed in West Africa and is well-suited to drought-prone regions.,SAWAH,crops,chunk_21,"Question: name one open-pollinated maize variety that was developed in West Africa and is well-suited to drought-prone regions.
Answer: SAWAH"
what other reasons makes cassava a staple food crop.,"Cassava is a hardy crop that can tolerate drought and poor soil conditions. This makes it an important crop for smallholder farmers who may have limited access to water and resources.
",crops,chunk_22,"Question: what other reasons makes cassava a staple food crop.
Answer: Cassava is a hardy crop that can tolerate drought and poor soil conditions. This makes it an important crop for smallholder farmers who may have limited access to water and resources.
"
What steps can be taken to preserve the quality of citrus fruits after harvesting?,"To preserve the quality of citrus fruits after harvesting, it is essential to handle them carefully to avoid bruising, promptly cool them to maintain freshness, store them in controlled atmospheres to prevent deterioration, and handle them gently during transportation and packaging to minimize damage.",crops,chunk_23,"Question: What steps can be taken to preserve the quality of citrus fruits after harvesting?
Answer: To preserve the quality of citrus fruits after harvesting, it is essential to handle them carefully to avoid bruising, promptly cool them to maintain freshness, store them in controlled atmospheres to prevent deterioration, and handle them gently during transportation and packaging to minimize damage."
How do Crop Insurance Schemes (2022) protect farmers?,"Various crop insurance schemes are in place to protect farmers from financial losses due to crop failure, ensuring a safety net for their livelihoods.",crops,chunk_24,"Question: How do Crop Insurance Schemes (2022) protect farmers?
Answer: Various crop insurance schemes are in place to protect farmers from financial losses due to crop failure, ensuring a safety net for their livelihoods."
what is the importance of intercropping beans with sweet potatoes.,"Sweet potatoes have a shallow root system, which can help to reduce competition with beans for nutrients in the soil.",crops,chunk_25,"Question: what is the importance of intercropping beans with sweet potatoes.
Answer: Sweet potatoes have a shallow root system, which can help to reduce competition with beans for nutrients in the soil."
How do I know when my corn is ready to harvest?,"Corn is typically ready to harvest when the kernels are firm and have reached their full size, and the ears have a mature appearance",crops,chunk_26,"Question: How do I know when my corn is ready to harvest?
Answer: Corn is typically ready to harvest when the kernels are firm and have reached their full size, and the ears have a mature appearance"
how is threshing done for bean crops?,manually or by using machines such as threshers or combines,crops,chunk_27,"Question: how is threshing done for bean crops?
Answer: manually or by using machines such as threshers or combines"
How is maize  stored after harvesting?,use of hermetic storage bags or containers ,crops,chunk_28,"Question: How is maize  stored after harvesting?
Answer: use of hermetic storage bags or containers "
What are the best practices for storing harvested onions?,"Harvested onions should be cured in a warm, dry, well-ventilated area for 2-3 weeks to dry out outer skins and reduce moisture content. Once cured, remove tops and roots and store onions in a cool, dry, dark place with good air circulation. Properly cured and stored onions can last for several months, depending on the variety and storage conditions.",crops,chunk_29,"Question: What are the best practices for storing harvested onions?
Answer: Harvested onions should be cured in a warm, dry, well-ventilated area for 2-3 weeks to dry out outer skins and reduce moisture content. Once cured, remove tops and roots and store onions in a cool, dry, dark place with good air circulation. Properly cured and stored onions can last for several months, depending on the variety and storage conditions."
When is the best time to plant garlic?,"Garlic is typically planted in fall, a few weeks before the first frost date, to allow for root establishment before winter dormancy. In regions with mild winters or cool summers, garlic can also be planted in early spring for a summer harvest. Cloves are planted individually with the pointed end up, spaced apart in rows or beds, and covered with soil.",crops,chunk_30,"Question: When is the best time to plant garlic?
Answer: Garlic is typically planted in fall, a few weeks before the first frost date, to allow for root establishment before winter dormancy. In regions with mild winters or cool summers, garlic can also be planted in early spring for a summer harvest. Cloves are planted individually with the pointed end up, spaced apart in rows or beds, and covered with soil."
name ways farmers can increase soil fertility without using artificial fertilizers.,"Crop rotation: By alternating the types of crops grown in a particular field, the soil can retain nutrients and prevent depletion of specific nutrients.",crops,chunk_31,"Question: name ways farmers can increase soil fertility without using artificial fertilizers.
Answer: Crop rotation: By alternating the types of crops grown in a particular field, the soil can retain nutrients and prevent depletion of specific nutrients."
What are the favorable conditions for the development of post-harvest tuber rots in potato plants?,"Optimum temperature for development is 30-35ºC, with alternate periods of wet and dry soil conditions favoring disease spread.",crops,chunk_32,"Question: What are the favorable conditions for the development of post-harvest tuber rots in potato plants?
Answer: Optimum temperature for development is 30-35ºC, with alternate periods of wet and dry soil conditions favoring disease spread."
What marketing strategies can I use to promote my onion crop?,"Effective marketing strategies for onions include branding, packaging, direct sales at farmers' markets or local grocery stores, community-supported agriculture (CSA) programs, and online sales platforms. Offering specialty or heirloom onion varieties, promoting unique flavor profiles, and engaging with customers through cooking demonstrations or recipe sharing can also help attract buyers and build brand loyalty.",crops,chunk_33,"Question: What marketing strategies can I use to promote my onion crop?
Answer: Effective marketing strategies for onions include branding, packaging, direct sales at farmers' markets or local grocery stores, community-supported agriculture (CSA) programs, and online sales platforms. Offering specialty or heirloom onion varieties, promoting unique flavor profiles, and engaging with customers through cooking demonstrations or recipe sharing can also help attract buyers and build brand loyalty."
"What factors influence citrus market prices, and how do growers adapt to market fluctuations?","Factors influencing citrus market prices include supply and demand dynamics, weather conditions affecting crop yields, consumer preferences, and global trade policies. Growers adapt to market fluctuations by diversifying crops, optimizing production efficiency, and engaging in value-added activities such as organic certification or direct marketing.",crops,chunk_34,"Question: What factors influence citrus market prices, and how do growers adapt to market fluctuations?
Answer: Factors influencing citrus market prices include supply and demand dynamics, weather conditions affecting crop yields, consumer preferences, and global trade policies. Growers adapt to market fluctuations by diversifying crops, optimizing production efficiency, and engaging in value-added activities such as organic certification or direct marketing."
what is the duration of NARO 1 maize variety for maturity.,75 to 90 days after planting,crops,chunk_35,"Question: what is the duration of NARO 1 maize variety for maturity.
Answer: 75 to 90 days after planting"
How does the Botrytis leaf blight pathogen survive during dormant periods?,"The pathogen overwinters as sclerotia, which are produced on infected onion bulbs left in cull piles, on mother bulbs stored for seed production, and on bulbs left in the field. Sclerotia also overwinter directly in the soil and on leaves that persist as debris in commercial onion fields.",crops,chunk_36,"Question: How does the Botrytis leaf blight pathogen survive during dormant periods?
Answer: The pathogen overwinters as sclerotia, which are produced on infected onion bulbs left in cull piles, on mother bulbs stored for seed production, and on bulbs left in the field. Sclerotia also overwinter directly in the soil and on leaves that persist as debris in commercial onion fields."
what are other reasons  why crops are sprayed,"to prevent rats, mice, and insects from contaminating foods while they are being stored",crops,chunk_37,"Question: what are other reasons  why crops are sprayed
Answer: to prevent rats, mice, and insects from contaminating foods while they are being stored"
"When is the best time to harvest apples, and how do I determine their ripeness?","Apples are best harvested when they reach maturity, which varies by variety and region. Ripe apples exhibit characteristic color, firmness, and flavor. They should detach easily from the tree with a slight twist or pull. Harvest timing depends on intended use, with some varieties harvested for immediate consumption and others for storage.",crops,chunk_38,"Question: When is the best time to harvest apples, and how do I determine their ripeness?
Answer: Apples are best harvested when they reach maturity, which varies by variety and region. Ripe apples exhibit characteristic color, firmness, and flavor. They should detach easily from the tree with a slight twist or pull. Harvest timing depends on intended use, with some varieties harvested for immediate consumption and others for storage."
How can mangoes be effectively marketed?,"Establish direct connections with local markets, retailers, and consumers. Emphasize the unique attributes of your mangoes, including variety, flavor, and freshness, for effective marketing.",crops,chunk_39,"Question: How can mangoes be effectively marketed?
Answer: Establish direct connections with local markets, retailers, and consumers. Emphasize the unique attributes of your mangoes, including variety, flavor, and freshness, for effective marketing."
What management practices can be implemented to control black scurf in potato plants?,"Use disease-free seed tubers for planting. Slight infections can be controlled by treating seed tubers with mercuric chloride solution for 1.5 hours or acidulated mercuric chloride solution for 5 minutes. Treating the soil with pentachloronitrobenzene at a rate of 70 kg/ha can lower disease incidence, but it is expensive and cumbersome. Planting well-sporulated tubers shallowly can help control the disease. Disease severity is reduced if the land is left fallow for 2 years.",crops,chunk_40,"Question: What management practices can be implemented to control black scurf in potato plants?
Answer: Use disease-free seed tubers for planting. Slight infections can be controlled by treating seed tubers with mercuric chloride solution for 1.5 hours or acidulated mercuric chloride solution for 5 minutes. Treating the soil with pentachloronitrobenzene at a rate of 70 kg/ha can lower disease incidence, but it is expensive and cumbersome. Planting well-sporulated tubers shallowly can help control the disease. Disease severity is reduced if the land is left fallow for 2 years."
How does brown rot or bangle blight spread and survive in potato plants?,"The main sources of primary infection are infected soil and seed tubers. Brown rot affected plant parts decay and release masses of bacteria into the soil, where they can remain viable from season to season. The bacteria in the soil are disseminated by wind from one field to another. Infection usually occurs through wounds in the root system. The pathogen can survive for various periods in infested soil or water, forming a reservoir source of inoculum. It can also spread from infected to healthy fields through soil transfer on machinery and surface runoff water after irrigation or rainfall. Infected semi-aquatic weeds may also play a role in disseminating the pathogen by releasing bacteria from roots into irrigation water supplies.",crops,chunk_41,"Question: How does brown rot or bangle blight spread and survive in potato plants?
Answer: The main sources of primary infection are infected soil and seed tubers. Brown rot affected plant parts decay and release masses of bacteria into the soil, where they can remain viable from season to season. The bacteria in the soil are disseminated by wind from one field to another. Infection usually occurs through wounds in the root system. The pathogen can survive for various periods in infested soil or water, forming a reservoir source of inoculum. It can also spread from infected to healthy fields through soil transfer on machinery and surface runoff water after irrigation or rainfall. Infected semi-aquatic weeds may also play a role in disseminating the pathogen by releasing bacteria from roots into irrigation water supplies."
What are the symptoms exhibited by citrus trees affected by Tristeza or quick decline?,"Tristeza or quick decline in citrus trees presents a range of symptoms depending on the rootstock and citrus variety. In sweet orange or mandarin on susceptible rootstocks, leaves develop deficiency symptoms and abscise, roots decay, twigs die back, and fruit set diminishes, leaving only a skeleton remains. Sour orange rootstocks may exhibit fine pitting of the inner bark. Acid lime leaves may show a large number of vein flecks, and the tree may become stunted and eventually die, with a very much reduced yield and small fruits.",crops,chunk_42,"Question: What are the symptoms exhibited by citrus trees affected by Tristeza or quick decline?
Answer: Tristeza or quick decline in citrus trees presents a range of symptoms depending on the rootstock and citrus variety. In sweet orange or mandarin on susceptible rootstocks, leaves develop deficiency symptoms and abscise, roots decay, twigs die back, and fruit set diminishes, leaving only a skeleton remains. Sour orange rootstocks may exhibit fine pitting of the inner bark. Acid lime leaves may show a large number of vein flecks, and the tree may become stunted and eventually die, with a very much reduced yield and small fruits."
how did seed drill helped farmres,allowed farmers to sow seeds in well-spaced rows at specific depths at a specific rate,crops,chunk_43,"Question: how did seed drill helped farmres
Answer: allowed farmers to sow seeds in well-spaced rows at specific depths at a specific rate"
Is cassava propagated through seeds or other means?,"Cassava is propagated through stem cuttings rather than seeds, as it does not produce viable seeds for germination.",crops,chunk_44,"Question: Is cassava propagated through seeds or other means?
Answer: Cassava is propagated through stem cuttings rather than seeds, as it does not produce viable seeds for germination."
Where can we farmers get the beans seeds with iron content?,Look for seed suppliers that specialize in breeding and supplying seeds with higher iron content. You can search online for seed suppliers in your area or contact your local agricultural extension office for recommendations.,crops,chunk_45,"Question: Where can we farmers get the beans seeds with iron content?
Answer: Look for seed suppliers that specialize in breeding and supplying seeds with higher iron content. You can search online for seed suppliers in your area or contact your local agricultural extension office for recommendations."
Where else can we farmers get the beans seeds with iron content?,Check with research institutions: Agricultural research institutions often conduct research on crop varieties with higher iron content. You can check with local research institutions or universities to see if they have developed bean varieties with higher iron content and if those seeds are available for purchase.,crops,chunk_46,"Question: Where else can we farmers get the beans seeds with iron content?
Answer: Check with research institutions: Agricultural research institutions often conduct research on crop varieties with higher iron content. You can check with local research institutions or universities to see if they have developed bean varieties with higher iron content and if those seeds are available for purchase."
Which soil is best suited for growing mangoes?,"For successful mango cultivation, it's best to opt for well-drained, sandy or loamy soil with a pH between 5.5 and 7.5. Ensure the soil is enriched with organic matter and avoid waterlogged or heavy clay soils.",crops,chunk_47,"Question: Which soil is best suited for growing mangoes?
Answer: For successful mango cultivation, it's best to opt for well-drained, sandy or loamy soil with a pH between 5.5 and 7.5. Ensure the soil is enriched with organic matter and avoid waterlogged or heavy clay soils."
What is the optimal timing for planting chili peppers?,"Chili peppers are best planted after the last frost date in spring when the soil temperature reaches approximately 18°C to 21°C. However, in regions with milder winters or longer growing seasons, planting can occur earlier. To gain a head start, starting seeds indoors 6-8 weeks before the last frost date is recommended. This indoor cultivation allows for early establishment and may result in earlier harvests.",crops,chunk_48,"Question: What is the optimal timing for planting chili peppers?
Answer: Chili peppers are best planted after the last frost date in spring when the soil temperature reaches approximately 18°C to 21°C. However, in regions with milder winters or longer growing seasons, planting can occur earlier. To gain a head start, starting seeds indoors 6-8 weeks before the last frost date is recommended. This indoor cultivation allows for early establishment and may result in earlier harvests."
What soil amendments are beneficial for guava cultivation?,"Guavas thrive in well-drained, fertile soil rich in organic matter. Soil amendments such as compost, aged manure, and organic mulches help improve soil structure, moisture retention, and nutrient availability for healthy guava growth. Incorporating gypsum can also help improve soil drainage in clayey soils.",crops,chunk_49,"Question: What soil amendments are beneficial for guava cultivation?
Answer: Guavas thrive in well-drained, fertile soil rich in organic matter. Soil amendments such as compost, aged manure, and organic mulches help improve soil structure, moisture retention, and nutrient availability for healthy guava growth. Incorporating gypsum can also help improve soil drainage in clayey soils."
How can clay soil be improved?,"Both sandy and clay soils have unique characteristics that can make it challenging to sustain a variety of crops. However, there are several ways in which the properties of these soil types can be improved to make them more fertile and productive for crop growth. Add organic matter, user cover crops,crop rotation, use of soil amendments.",crops,chunk_50,"Question: How can clay soil be improved?
Answer: Both sandy and clay soils have unique characteristics that can make it challenging to sustain a variety of crops. However, there are several ways in which the properties of these soil types can be improved to make them more fertile and productive for crop growth. Add organic matter, user cover crops,crop rotation, use of soil amendments."
"When is the best time to harvest apples, and how do I know they are ripe?","Apples are typically harvested when they reach maturity, which varies by variety and growing region. Ripe apples often develop their characteristic color, firmness, and flavor. They should be easily detachable from the tree with a slight twist or pull. Harvest timing also depends on intended use, with some varieties harvested for immediate consumption while others are picked for storage.",crops,chunk_51,"Question: When is the best time to harvest apples, and how do I know they are ripe?
Answer: Apples are typically harvested when they reach maturity, which varies by variety and growing region. Ripe apples often develop their characteristic color, firmness, and flavor. They should be easily detachable from the tree with a slight twist or pull. Harvest timing also depends on intended use, with some varieties harvested for immediate consumption while others are picked for storage."
How does Exocortis of scaly butt spread within citrus orchards?,"Exocortis of scaly butt spreads within citrus orchards primarily through the transmission of infected budwood and contaminated tools. Unlike many other citrus diseases, it does not spread through vectors or seeds. Infected budwood and tools used in grafting processes are the primary means of transmission for this disease.",crops,chunk_52,"Question: How does Exocortis of scaly butt spread within citrus orchards?
Answer: Exocortis of scaly butt spreads within citrus orchards primarily through the transmission of infected budwood and contaminated tools. Unlike many other citrus diseases, it does not spread through vectors or seeds. Infected budwood and tools used in grafting processes are the primary means of transmission for this disease."
"What type of fertilizer should I use for tomato plants, and how often?","Tomato plants require balanced fertilization with a focus on phosphorus (P) and potassium (K) for healthy growth and fruit production. Apply a complete fertilizer with a ratio of 5-10-10 or similar NPK (Nitrogen-Phosphorus-Potassium) blend at planting time, followed by additional applications every 3-4 weeks during the growing season. Avoid excessive nitrogen fertilization, as it can lead to lush foliage growth at the expense of fruit development.",crops,chunk_53,"Question: What type of fertilizer should I use for tomato plants, and how often?
Answer: Tomato plants require balanced fertilization with a focus on phosphorus (P) and potassium (K) for healthy growth and fruit production. Apply a complete fertilizer with a ratio of 5-10-10 or similar NPK (Nitrogen-Phosphorus-Potassium) blend at planting time, followed by additional applications every 3-4 weeks during the growing season. Avoid excessive nitrogen fertilization, as it can lead to lush foliage growth at the expense of fruit development."
how are cover crops used in agroecosystem where water for crop production is in short supply, cover crops can be used as a mulch to conserve water by shading and cooling the soil surface,crops,chunk_54,"Question: how are cover crops used in agroecosystem where water for crop production is in short supply
Answer:  cover crops can be used as a mulch to conserve water by shading and cooling the soil surface"
What management practices can be implemented to control late blight in potato plants?,"Effective control involves regular spraying and dusting during the growing season. Spraying should begin before the disease appears and continue at intervals of 10-15 days. Protective spraying with mancozeb or zineb 0.2% can prevent tuber infection. Foliage destruction before harvest by spraying with a suitable herbicide is beneficial. Resistant varieties like Kufri Naveen, Kufri Jeevan, Kufri Alenkar, Kufri Khasi Garo, and Kufri Moti are recommended.",crops,chunk_55,"Question: What management practices can be implemented to control late blight in potato plants?
Answer: Effective control involves regular spraying and dusting during the growing season. Spraying should begin before the disease appears and continue at intervals of 10-15 days. Protective spraying with mancozeb or zineb 0.2% can prevent tuber infection. Foliage destruction before harvest by spraying with a suitable herbicide is beneficial. Resistant varieties like Kufri Naveen, Kufri Jeevan, Kufri Alenkar, Kufri Khasi Garo, and Kufri Moti are recommended."
Is cross-pollination necessary for guava trees to bear fruit?,"Guava trees are predominantly self-pollinating, meaning they can set fruit without external pollen sources. However, cross-pollination facilitated by insects can improve fruit set and yield. Although not obligatory, promoting pollinator activity by planting pollinator-attracting flora nearby can enhance pollination efficiency and subsequently boost fruit production in guava orchards.",crops,chunk_56,"Question: Is cross-pollination necessary for guava trees to bear fruit?
Answer: Guava trees are predominantly self-pollinating, meaning they can set fruit without external pollen sources. However, cross-pollination facilitated by insects can improve fruit set and yield. Although not obligatory, promoting pollinator activity by planting pollinator-attracting flora nearby can enhance pollination efficiency and subsequently boost fruit production in guava orchards."
which cassava variety is grown in Brasil?,BRS Kiriris,crops,chunk_57,"Question: which cassava variety is grown in Brasil?
Answer: BRS Kiriris"
What strategies can be employed to manage Stem end rot in mango trees?,"Effective management of Stem end rot in mango trees involves several practices. Farmers should destroy diseased plants and use disease-free planting material. Incidence can be reduced by spraying 100-200ppm NAA (Naphthaleneacetic acid) during October. Pruning of diseased parts along the basal 15-20 cm of apparently healthy portions is recommended, followed by spraying with Carbendazim (0.1%) or Captafol (0.2%). These treatments help control the disease and prevent its spread within the mango orchard.",crops,chunk_58,"Question: What strategies can be employed to manage Stem end rot in mango trees?
Answer: Effective management of Stem end rot in mango trees involves several practices. Farmers should destroy diseased plants and use disease-free planting material. Incidence can be reduced by spraying 100-200ppm NAA (Naphthaleneacetic acid) during October. Pruning of diseased parts along the basal 15-20 cm of apparently healthy portions is recommended, followed by spraying with Carbendazim (0.1%) or Captafol (0.2%). These treatments help control the disease and prevent its spread within the mango orchard."
how can farmers harvest rain water.,"They can construct catchment basins, dig small ponds or cisterns, or even collect runoff from roofs and other surfaces to conserve water.",crops,chunk_59,"Question: how can farmers harvest rain water.
Answer: They can construct catchment basins, dig small ponds or cisterns, or even collect runoff from roofs and other surfaces to conserve water."
"How can I determine the right time to harvest bananas, and what signs should I look for?","The right time to harvest bananas is determined by changes in skin color, size, firmness, and the development of a distinct aroma. Additionally, mature bananas will detach easily from the bunch when they're ready for harvest.",crops,chunk_60,"Question: How can I determine the right time to harvest bananas, and what signs should I look for?
Answer: The right time to harvest bananas is determined by changes in skin color, size, firmness, and the development of a distinct aroma. Additionally, mature bananas will detach easily from the bunch when they're ready for harvest."
why do crops require regular maintainance after planting,to ensure healthy growth and yield,crops,chunk_61,"Question: why do crops require regular maintainance after planting
Answer: to ensure healthy growth and yield"
What are the common pests and diseases that affect maize?,"armyworms, cutworms, and aphids, while diseases such as corn smut and gray leaf spot can also affect the crop",crops,chunk_62,"Question: What are the common pests and diseases that affect maize?
Answer: armyworms, cutworms, and aphids, while diseases such as corn smut and gray leaf spot can also affect the crop"
What is the life cycle of powdery mildew in chilli plants?,"The powdery mildew disease cycle starts when spores (conidia) land on a chilli leaf. Spores germinate and grow into the leaf, parasitizing the plant as a food source. After a latency period of 18-21 days, the fungus grows out of the breathing pores (stomates) on the underside of the leaf, producing spores borne singly on numerous, fine strands or stalks (conidiophores). These strands become visible as white patches or mildew colonies on the underside of the leaf. Repeated cycles of powdery mildew can lead to severe outbreaks that economically damage the crop.",crops,chunk_63,"Question: What is the life cycle of powdery mildew in chilli plants?
Answer: The powdery mildew disease cycle starts when spores (conidia) land on a chilli leaf. Spores germinate and grow into the leaf, parasitizing the plant as a food source. After a latency period of 18-21 days, the fungus grows out of the breathing pores (stomates) on the underside of the leaf, producing spores borne singly on numerous, fine strands or stalks (conidiophores). These strands become visible as white patches or mildew colonies on the underside of the leaf. Repeated cycles of powdery mildew can lead to severe outbreaks that economically damage the crop."
When is the ideal time to gather grapes for wine production?,Grapes designated for wine production are usually collected at the point when they achieve optimal sugar levels and flavor maturity. This determination is made through consistent sampling and analysis of grape juice. Harvest timing varies based on grape variety and the desired wine style.,crops,chunk_64,"Question: When is the ideal time to gather grapes for wine production?
Answer: Grapes designated for wine production are usually collected at the point when they achieve optimal sugar levels and flavor maturity. This determination is made through consistent sampling and analysis of grape juice. Harvest timing varies based on grape variety and the desired wine style."
What are some common onion varieties suitable for cultivation?,"Common onion varieties include Yellow Granex, Red Creole, White Lisbon, Walla Walla, and Vidalia, among others. Varieties vary in bulb size, color, flavor, and storage qualities, allowing growers to choose based on culinary preferences, market demand, and growing conditions. The choice of variety depends on factors such as climate, soil type, and intended use (fresh consumption, cooking, or storage).",crops,chunk_65,"Question: What are some common onion varieties suitable for cultivation?
Answer: Common onion varieties include Yellow Granex, Red Creole, White Lisbon, Walla Walla, and Vidalia, among others. Varieties vary in bulb size, color, flavor, and storage qualities, allowing growers to choose based on culinary preferences, market demand, and growing conditions. The choice of variety depends on factors such as climate, soil type, and intended use (fresh consumption, cooking, or storage)."
"I always see some maize combs having a variety of colors ranging from purple , blue , red , orange , yellow , white etc. what causes such maize to have all those colors in one comb,?",recombination during pollination.,crops,chunk_66,"Question: I always see some maize combs having a variety of colors ranging from purple , blue , red , orange , yellow , white etc. what causes such maize to have all those colors in one comb,?
Answer: recombination during pollination."
What is the primary disease that impacts bananas?,"Panama disease, caused by Fusarium oxysporum f. sp. cubense, is the primary disease affecting bananas. It is a soil-borne fungal disease that enters the plant through roots and wounds caused by nematodes, posing a serious threat to banana cultivation globally.",crops,chunk_67,"Question: What is the primary disease that impacts bananas?
Answer: Panama disease, caused by Fusarium oxysporum f. sp. cubense, is the primary disease affecting bananas. It is a soil-borne fungal disease that enters the plant through roots and wounds caused by nematodes, posing a serious threat to banana cultivation globally."
Which variety of dk maize is good in amolatar?,"DK 8033 is a maize variety that has been widely grown in Uganda, including in the Amolatar region",crops,chunk_68,"Question: Which variety of dk maize is good in amolatar?
Answer: DK 8033 is a maize variety that has been widely grown in Uganda, including in the Amolatar region"
What environmental factors contribute to successful mango cultivation?,"Successful mango cultivation relies on favorable environmental conditions such as tropical climates with temperatures ranging from 25°C to 30°C, well-drained soil, and ample sunlight exposure. Farmers should also ensure regular watering and implement frost protection measures to create the ideal environment for mango trees to thrive and produce high-quality fruits.",crops,chunk_69,"Question: What environmental factors contribute to successful mango cultivation?
Answer: Successful mango cultivation relies on favorable environmental conditions such as tropical climates with temperatures ranging from 25°C to 30°C, well-drained soil, and ample sunlight exposure. Farmers should also ensure regular watering and implement frost protection measures to create the ideal environment for mango trees to thrive and produce high-quality fruits."
how do cover crops suppress weeds during growth.,"During growth these cover crops compete vigorously with weeds for available space, light, and nutrients",crops,chunk_70,"Question: how do cover crops suppress weeds during growth.
Answer: During growth these cover crops compete vigorously with weeds for available space, light, and nutrients"
What is the recommended time for planting apple trees?,"The recommended time for planting apple trees is late winter to early spring, when the trees are dormant. This timing allows for root establishment before the onset of the growing season. Alternatively, container-grown apple trees can be planted at any time during the growing season, provided they receive proper care.",crops,chunk_71,"Question: What is the recommended time for planting apple trees?
Answer: The recommended time for planting apple trees is late winter to early spring, when the trees are dormant. This timing allows for root establishment before the onset of the growing season. Alternatively, container-grown apple trees can be planted at any time during the growing season, provided they receive proper care."
"what is volunteer plant
","A plant, which usually comes up from seed (root or cutting) left on/in the ground
from a previous crop",crops,chunk_72,"Question: what is volunteer plant

Answer: A plant, which usually comes up from seed (root or cutting) left on/in the ground
from a previous crop"
How does post-harvest tuber rot spread and survive in potato plants?,"The mycelium and sclerotia of Sclerotium rolfsii subsist in the soil and are responsible for crop infection. The pathogen is disseminated through infected soil, running water, and farm implements. Mycelium and sclerotia may also be carried to soil with seed tubers. In dry soil, sclerotia can remain viable for more than two years.",crops,chunk_73,"Question: How does post-harvest tuber rot spread and survive in potato plants?
Answer: The mycelium and sclerotia of Sclerotium rolfsii subsist in the soil and are responsible for crop infection. The pathogen is disseminated through infected soil, running water, and farm implements. Mycelium and sclerotia may also be carried to soil with seed tubers. In dry soil, sclerotia can remain viable for more than two years."
what are the three phases of  Food Supply Continuum,"pre?harvest, harvest and postharvest",crops,chunk_74,"Question: what are the three phases of  Food Supply Continuum
Answer: pre?harvest, harvest and postharvest"
how does dormancy affects seed germination., allows the seed to delay germination until conditions are more favorable for seedling growth and survival.,crops,chunk_75,"Question: how does dormancy affects seed germination.
Answer:  allows the seed to delay germination until conditions are more favorable for seedling growth and survival."
How can apple harvesting practices be optimized to preserve quality and minimize damage?,"To preserve quality and minimize damage, apples should be hand-harvested with a twisting motion to gently detach them from the tree. Special care should be taken to avoid harming the spur or nearby branches. Harvesting in the morning when temperatures are cooler and fruits are firmer can help maintain freshness and extend storage life.",crops,chunk_76,"Question: How can apple harvesting practices be optimized to preserve quality and minimize damage?
Answer: To preserve quality and minimize damage, apples should be hand-harvested with a twisting motion to gently detach them from the tree. Special care should be taken to avoid harming the spur or nearby branches. Harvesting in the morning when temperatures are cooler and fruits are firmer can help maintain freshness and extend storage life."
what is Agroforestry.,"Agroforestry involves the integration of trees with crops and/or livestock, which can help to increase soil organic matter, reduce erosion, and improve soil structure.",crops,chunk_77,"Question: what is Agroforestry.
Answer: Agroforestry involves the integration of trees with crops and/or livestock, which can help to increase soil organic matter, reduce erosion, and improve soil structure."
what are the control measures for Cassava Anthracnose Disease:," use of disease-free planting material, crop rotation, and the application of fungicides.",crops,chunk_78,"Question: what are the control measures for Cassava Anthracnose Disease:
Answer:  use of disease-free planting material, crop rotation, and the application of fungicides."
What is the best way to store harvested mangoes?,"Mangoes should be stored at cool temperatures (around 10°C) and high humidity to slow ripening. Wrapping them individually in paper can prevent bruising, extending shelf life.",crops,chunk_79,"Question: What is the best way to store harvested mangoes?
Answer: Mangoes should be stored at cool temperatures (around 10°C) and high humidity to slow ripening. Wrapping them individually in paper can prevent bruising, extending shelf life."
does harvesting maize early before its dried causes mycotoxin contamination?,"Maize that is harvested before it is fully dried is at a higher risk of mycotoxin contamination, which can pose health risks to both humans and animals if consumed.",crops,chunk_80,"Question: does harvesting maize early before its dried causes mycotoxin contamination?
Answer: Maize that is harvested before it is fully dried is at a higher risk of mycotoxin contamination, which can pose health risks to both humans and animals if consumed."
How does Bird’s Eye Spot/Anthracnose spread and persist in grapevines?,"Bird’s Eye Spot/Anthracnose in grapevines spreads through seed-borne infected vine, cuttings, and air-borne conidia. It also persists as dormant mycelium in infected stem-cankers. Warm wet weather and low-lying, badly drained soils favor its spread and survival.",crops,chunk_81,"Question: How does Bird’s Eye Spot/Anthracnose spread and persist in grapevines?
Answer: Bird’s Eye Spot/Anthracnose in grapevines spreads through seed-borne infected vine, cuttings, and air-borne conidia. It also persists as dormant mycelium in infected stem-cankers. Warm wet weather and low-lying, badly drained soils favor its spread and survival."
What criteria can farmers use to assess the quality of fertilizers?,Farmers can assess the quality of fertilizers by checking if their chemical composition supports crop production and meets the nutritional requirements of the crops.,crops,chunk_82,"Question: What criteria can farmers use to assess the quality of fertilizers?
Answer: Farmers can assess the quality of fertilizers by checking if their chemical composition supports crop production and meets the nutritional requirements of the crops."
why should you use mound planting.,"method ensures good soil drainage, which is essential for cassava growth. It also helps to reduce soil erosion and increases yields",crops,chunk_83,"Question: why should you use mound planting.
Answer: method ensures good soil drainage, which is essential for cassava growth. It also helps to reduce soil erosion and increases yields"
What characteristics should a good crop store have to prevent pest,"Good ventilation: Proper air circulation is crucial to prevent the buildup of moisture, which can attract pests like molds, mites, and insects. The store should have vents or fans to allow fresh air to enter and stale air to exit.

Dryness: Most pests prefer humid conditions, so a dry store is less attractive to them. The store should be free from leaks, and the walls and floor should be made of materials that do not absorb moisture.

Cleanliness: A clean store reduces the likelihood of pest infestation. Any spilled grain or produce should be promptly cleaned up, and the store should be regularly swept and sanitized.

Pest monitoring: Regular inspection of stored crops is essential to detect any signs of pest infestation early. Traps or baits can be used to monitor and control pests.

Pest control: If pests are detected, appropriate control measures should be taken immediately. This can include the use of insecticides, fumigation, or physical removal of infested crops.

Proper storage containers: Crops should be stored in appropriate containers, such as airtight containers, to prevent pests from entering. The containers should be made of materials that do not release harmful chemicals or odors that can affect the quality of the stored crops.

Proper storage location: The store should be located away from sources of pests, such as animal pens or garbage dumps. Additionally, the store should be located in an area that is accessible for regular monitoring and maintenance.",crops,chunk_84,"Question: What characteristics should a good crop store have to prevent pest
Answer: Good ventilation: Proper air circulation is crucial to prevent the buildup of moisture, which can attract pests like molds, mites, and insects. The store should have vents or fans to allow fresh air to enter and stale air to exit.

Dryness: Most pests prefer humid conditions, so a dry store is less attractive to them. The store should be free from leaks, and the walls and floor should be made of materials that do not absorb moisture.

Cleanliness: A clean store reduces the likelihood of pest infestation. Any spilled grain or produce should be promptly cleaned up, and the store should be regularly swept and sanitized.

Pest monitoring: Regular inspection of stored crops is essential to detect any signs of pest infestation early. Traps or baits can be used to monitor and control pests.

Pest control: If pests are detected, appropriate control measures should be taken immediately. This can include the use of insecticides, fumigation, or physical removal of infested crops.

Proper storage containers: Crops should be stored in appropriate containers, such as airtight containers, to prevent pests from entering. The containers should be made of materials that do not release harmful chemicals or odors that can affect the quality of the stored crops.

Proper storage location: The store should be located away from sources of pests, such as animal pens or garbage dumps. Additionally, the store should be located in an area that is accessible for regular monitoring and maintenance."
What are the symptoms of post-harvest tuber rots caused by Sclerotium rolfsii in potato plants?,"The initial symptom is wilting, followed by the appearance of yellowish-brown colored sclerotia on the infected tuber. The tuber rots and develops a milky white and floccose appearance.",crops,chunk_85,"Question: What are the symptoms of post-harvest tuber rots caused by Sclerotium rolfsii in potato plants?
Answer: The initial symptom is wilting, followed by the appearance of yellowish-brown colored sclerotia on the infected tuber. The tuber rots and develops a milky white and floccose appearance."
why DK maize variety widely grown in Uganda. ,"It is known for its high yield potential, good disease resistance, and adaptability to various growing conditions",crops,chunk_86,"Question: why DK maize variety widely grown in Uganda. 
Answer: It is known for its high yield potential, good disease resistance, and adaptability to various growing conditions"
How can I best prune guava trees to achieve optimal growth and maximize fruit production?,"To achieve optimal growth and maximize fruit production in guava trees, it's essential to prune them by removing dead or diseased branches, shaping the canopy for improved airflow and sunlight penetration, and thinning out excessive growth to promote fruiting. Pruning activities are typically carried out post-harvest or during the dormant season to enhance tree vitality and productivity.",crops,chunk_87,"Question: How can I best prune guava trees to achieve optimal growth and maximize fruit production?
Answer: To achieve optimal growth and maximize fruit production in guava trees, it's essential to prune them by removing dead or diseased branches, shaping the canopy for improved airflow and sunlight penetration, and thinning out excessive growth to promote fruiting. Pruning activities are typically carried out post-harvest or during the dormant season to enhance tree vitality and productivity."
What is the best fertilizers for beans? farmers are in need  of rhizobium  is it possible for me to get them and sell to my farmers?,"it is possible for farmers to obtain rhizobia inoculants for their beans. Inoculants are available in various forms, including powders and liquids, and they can be applied to the seed before planting or directly to the soil. Inoculation of beans with rhizobia has been shown to increase yields and improve plant health.",crops,chunk_88,"Question: What is the best fertilizers for beans? farmers are in need  of rhizobium  is it possible for me to get them and sell to my farmers?
Answer: it is possible for farmers to obtain rhizobia inoculants for their beans. Inoculants are available in various forms, including powders and liquids, and they can be applied to the seed before planting or directly to the soil. Inoculation of beans with rhizobia has been shown to increase yields and improve plant health."
"which indicator can be used to check for cassava maturity.
",Time since planting,crops,chunk_89,"Question: which indicator can be used to check for cassava maturity.

Answer: Time since planting"
What are effective strategies for preventing brown streak disease in cassava?,Effective strategies for preventing brown streak disease in cassava include planting clean material free from infection and choosing disease-resistant varieties.,crops,chunk_90,"Question: What are effective strategies for preventing brown streak disease in cassava?
Answer: Effective strategies for preventing brown streak disease in cassava include planting clean material free from infection and choosing disease-resistant varieties."
"which  cassava variety can i plant in the high altitude regions of Uganda, such as Kabale and Kisoro.",NASE 19,crops,chunk_91,"Question: which  cassava variety can i plant in the high altitude regions of Uganda, such as Kabale and Kisoro.
Answer: NASE 19"
What are the measures farmers can take minimize crop losses during storage," Harvesting crops at the right time and in the right way is important to ensure that they are not damaged during the process. The crops should be harvested when they are mature but not overripe, and the tools used should be in good condition to prevent damage to the crops.",crops,chunk_92,"Question: What are the measures farmers can take minimize crop losses during storage
Answer:  Harvesting crops at the right time and in the right way is important to ensure that they are not damaged during the process. The crops should be harvested when they are mature but not overripe, and the tools used should be in good condition to prevent damage to the crops."
what factors should be considered when a applying NPK fertilizers on maize plants.,"soil fertility, crop growth stage, and local recommendations",crops,chunk_93,"Question: what factors should be considered when a applying NPK fertilizers on maize plants.
Answer: soil fertility, crop growth stage, and local recommendations"
What should farmers avoid when controlling weeds during bean germination?,"Farmers should avoid applying herbicides for weed control during bean germination to prevent the accidental killing of young bean plants along with the weeds, which could lead to crop loss.",crops,chunk_94,"Question: What should farmers avoid when controlling weeds during bean germination?
Answer: Farmers should avoid applying herbicides for weed control during bean germination to prevent the accidental killing of young bean plants along with the weeds, which could lead to crop loss."
"When is the optimal time to harvest bananas, and how can I determine if they're ready for harvest?","Bananas should be harvested when they reach physiological maturity, indicated by changes in skin color, size, firmness, and the development of a distinct aroma. Mature bananas also detach easily from the bunch when ready for harvest.",crops,chunk_95,"Question: When is the optimal time to harvest bananas, and how can I determine if they're ready for harvest?
Answer: Bananas should be harvested when they reach physiological maturity, indicated by changes in skin color, size, firmness, and the development of a distinct aroma. Mature bananas also detach easily from the bunch when ready for harvest."
What are the factors affecting response of crops to fertilizers,Soil type and properties,crops,chunk_96,"Question: What are the factors affecting response of crops to fertilizers
Answer: Soil type and properties"
"When is the best time to harvest bananas, and how do I know if they're ready?","Bananas are typically harvested when they reach physiological maturity, indicated by changes in skin color, size, and firmness. Mature bananas also develop a distinct aroma and detach easily from the bunch.",crops,chunk_97,"Question: When is the best time to harvest bananas, and how do I know if they're ready?
Answer: Bananas are typically harvested when they reach physiological maturity, indicated by changes in skin color, size, and firmness. Mature bananas also develop a distinct aroma and detach easily from the bunch."
How does Pythium aphanidermatum spread and survive in chilli fields?,"The pathogen is soil-borne, and zoospores spread through irrigation water. The disease can spread to the main field by planting infected seedlings.",crops,chunk_98,"Question: How does Pythium aphanidermatum spread and survive in chilli fields?
Answer: The pathogen is soil-borne, and zoospores spread through irrigation water. The disease can spread to the main field by planting infected seedlings."
"When is the optimal time to harvest sapotas, and how can their ripeness be determined?","Sapotas are typically harvested when they attain maturity, which varies depending on the cultivar. Ripe sapotas often display a change in skin color, slight softness upon gentle pressure, and emit a fragrant aroma. Additionally, ripe sapotas detach easily from the tree with a gentle twist, signaling readiness for harvest. Careful observation of these indicators ensures optimal fruit quality.",crops,chunk_99,"Question: When is the optimal time to harvest sapotas, and how can their ripeness be determined?
Answer: Sapotas are typically harvested when they attain maturity, which varies depending on the cultivar. Ripe sapotas often display a change in skin color, slight softness upon gentle pressure, and emit a fragrant aroma. Additionally, ripe sapotas detach easily from the tree with a gentle twist, signaling readiness for harvest. Careful observation of these indicators ensures optimal fruit quality."
How does the combine harvester help farmers?,The combine harvester saves the farmers time and labor.,crops,chunk_100,"Question: How does the combine harvester help farmers?
Answer: The combine harvester saves the farmers time and labor."
what support structures do climbing beans require for their growth through to harvesting., poles or trellises,crops,chunk_101,"Question: what support structures do climbing beans require for their growth through to harvesting.
Answer:  poles or trellises"
How can Soft rot be identified in Apple trees based on observable characteristics?,"Soft rot in Apple trees is characterized by the appearance of young spots starting from the stem end of the fruit, presenting as a light brown watery rot. As the fruit matures, the affected area expands, causing the skin to wrinkle. In humid conditions, a bluish-green sporulating growth may emerge, emitting a distinctive musty odor. Infection commonly arises from skin injuries caused by insects or during post-harvest handling, storage, and transport.",crops,chunk_102,"Question: How can Soft rot be identified in Apple trees based on observable characteristics?
Answer: Soft rot in Apple trees is characterized by the appearance of young spots starting from the stem end of the fruit, presenting as a light brown watery rot. As the fruit matures, the affected area expands, causing the skin to wrinkle. In humid conditions, a bluish-green sporulating growth may emerge, emitting a distinctive musty odor. Infection commonly arises from skin injuries caused by insects or during post-harvest handling, storage, and transport."
"Why is crop rotation important for tomato cultivation, and how should it be implemented?","Crop rotation helps prevent soil depletion, nutrient imbalances, and buildup of pests and diseases associated with continuous tomato cultivation. Rotate tomatoes with non-solanaceous crops such as legumes, leafy greens, or root vegetables to break pest and disease cycles and improve soil health. Avoid planting tomatoes in the same location more frequently than once every 3-4 years to maintain soil fertility and reduce disease pressure.",crops,chunk_103,"Question: Why is crop rotation important for tomato cultivation, and how should it be implemented?
Answer: Crop rotation helps prevent soil depletion, nutrient imbalances, and buildup of pests and diseases associated with continuous tomato cultivation. Rotate tomatoes with non-solanaceous crops such as legumes, leafy greens, or root vegetables to break pest and disease cycles and improve soil health. Avoid planting tomatoes in the same location more frequently than once every 3-4 years to maintain soil fertility and reduce disease pressure."
what processes are involved during harvest phase of  Food Supply Continuum,"harvesting the meat, fruit, vegetable or food product and processing it into a usable form",crops,chunk_104,"Question: what processes are involved during harvest phase of  Food Supply Continuum
Answer: harvesting the meat, fruit, vegetable or food product and processing it into a usable form"
What management strategies can be used for these diseases?,"For Bacterial Soft Rot and Hollow Stem, seed treatment with organomercurial and spraying the crop with zineb 0.2% gives adequate protection against the disease.",crops,chunk_105,"Question: What management strategies can be used for these diseases?
Answer: For Bacterial Soft Rot and Hollow Stem, seed treatment with organomercurial and spraying the crop with zineb 0.2% gives adequate protection against the disease."
What is the right spacing of cassava,"The recommended spacing for cassava depends on various factors such as the variety of cassava, soil fertility, and the intended use of cassava (for roots or leaves). However, a commonly used spacing for cassava is around 1 meter (3 feet) between plants within rows and 1.5 to 2 meters (5 to 6.5 feet) between rows. This spacing allows sufficient room for the cassava plants to grow and develop a healthy root system. It is advisable to consult local agricultural extension services or cassava experts for specific spacing recommendations tailored to your local conditions.",crops,chunk_106,"Question: What is the right spacing of cassava
Answer: The recommended spacing for cassava depends on various factors such as the variety of cassava, soil fertility, and the intended use of cassava (for roots or leaves). However, a commonly used spacing for cassava is around 1 meter (3 feet) between plants within rows and 1.5 to 2 meters (5 to 6.5 feet) between rows. This spacing allows sufficient room for the cassava plants to grow and develop a healthy root system. It is advisable to consult local agricultural extension services or cassava experts for specific spacing recommendations tailored to your local conditions."
How can Tip over or Heart rot in banana plants be effectively managed?,"Effective management of Tip over or Heart rot involves planting disease-free suckers, removing infected plants, and destroying them. Additionally, drenching with Methoxy ethyl mercuric chloride (Emisan-6) at 0.1%, Sodium hypochlorite at 10%, or Bleaching powder at 20g/litre/tree can help control the disease.",crops,chunk_107,"Question: How can Tip over or Heart rot in banana plants be effectively managed?
Answer: Effective management of Tip over or Heart rot involves planting disease-free suckers, removing infected plants, and destroying them. Additionally, drenching with Methoxy ethyl mercuric chloride (Emisan-6) at 0.1%, Sodium hypochlorite at 10%, or Bleaching powder at 20g/litre/tree can help control the disease."
How does white rot spread and persist in onion and garlic crops?,"White rot is worst in warm summers or during warm spells in autumn or spring. Sclerotia, which persist in the soil for up to eight years, are the primary inoculum. Flood water transports sclerotia from field to field.",crops,chunk_108,"Question: How does white rot spread and persist in onion and garlic crops?
Answer: White rot is worst in warm summers or during warm spells in autumn or spring. Sclerotia, which persist in the soil for up to eight years, are the primary inoculum. Flood water transports sclerotia from field to field."
which types of crops are used to retain and recycle soil nitrogen already present.,catch crops,crops,chunk_109,"Question: which types of crops are used to retain and recycle soil nitrogen already present.
Answer: catch crops"
which bean variety is very adoptable to different growing conditions.,Canadian Wonder,crops,chunk_110,"Question: which bean variety is very adoptable to different growing conditions.
Answer: Canadian Wonder"
"When is the best time to harvest sapotas, and how do I know they are ripe?","Sapotas are typically harvested when they reach maturity, which varies by variety. Ripe sapotas often exhibit a change in skin color, a slight softness to touch, and a fragrant aroma. They should detach easily from the tree when gently twisted.",crops,chunk_111,"Question: When is the best time to harvest sapotas, and how do I know they are ripe?
Answer: Sapotas are typically harvested when they reach maturity, which varies by variety. Ripe sapotas often exhibit a change in skin color, a slight softness to touch, and a fragrant aroma. They should detach easily from the tree when gently twisted."
What are the common pests and diseases affecting banana plants?,"Common pests affecting banana plants include banana weevils, nematodes, and aphids, while diseases such as Panama disease (Fusarium wilt) and black Sigatoka can significantly impact banana cultivation.",crops,chunk_112,"Question: What are the common pests and diseases affecting banana plants?
Answer: Common pests affecting banana plants include banana weevils, nematodes, and aphids, while diseases such as Panama disease (Fusarium wilt) and black Sigatoka can significantly impact banana cultivation."
What is total seed population of wheat in an acre?," Wheat seeding rates can vary depending on factors like variety, soil fertility, and intended yield. A common range for wheat is around 1.5 to 2.5 million seeds per acre, aiming for a plant population of 1 to 1.5 million plants per acre.",crops,chunk_113,"Question: What is total seed population of wheat in an acre?
Answer:  Wheat seeding rates can vary depending on factors like variety, soil fertility, and intended yield. A common range for wheat is around 1.5 to 2.5 million seeds per acre, aiming for a plant population of 1 to 1.5 million plants per acre."
What is the appropriate distance for planting beans,"The appropriate distance for planting beans can vary depending on several factors such as the bean variety, soil fertility, and available resources. However, as a general guideline, bush beans are typically planted with a spacing of 6-8 inches (15-20 cm) between plants and 18-24 inches (45-60 cm) between rows. This spacing allows the plants to have enough room for proper growth, airflow, and access to sunlight. For pole beans, which require support, you can plant them in rows spaced about 3 feet (90 cm) apart, with the plants spaced 6-8 inches (15-20 cm) apart within the rows.",crops,chunk_114,"Question: What is the appropriate distance for planting beans
Answer: The appropriate distance for planting beans can vary depending on several factors such as the bean variety, soil fertility, and available resources. However, as a general guideline, bush beans are typically planted with a spacing of 6-8 inches (15-20 cm) between plants and 18-24 inches (45-60 cm) between rows. This spacing allows the plants to have enough room for proper growth, airflow, and access to sunlight. For pole beans, which require support, you can plant them in rows spaced about 3 feet (90 cm) apart, with the plants spaced 6-8 inches (15-20 cm) apart within the rows."
What are the limitations of using seeds for propagations.,"Seeds produced by sexually reproducing plants can exhibit genetic variability, resulting in inconsistent traits among plants grown from seed.",crops,chunk_115,"Question: What are the limitations of using seeds for propagations.
Answer: Seeds produced by sexually reproducing plants can exhibit genetic variability, resulting in inconsistent traits among plants grown from seed."
"How is the spread of armyworms facilitated, and why is it challenging to contain their spread?","The spread of armyworms is facilitated by their ability to fly long distances, which makes it difficult to contain their spread. The pest can also survive in crop residues, making it challenging to eradicate them completely",crops,chunk_116,"Question: How is the spread of armyworms facilitated, and why is it challenging to contain their spread?
Answer: The spread of armyworms is facilitated by their ability to fly long distances, which makes it difficult to contain their spread. The pest can also survive in crop residues, making it challenging to eradicate them completely"
name examples of cover crops.,"Secale cereale (rye), Vicia villosa (hairy vetch), Trifolium pratense (red clover), Sorghum bicolor (sorghum-sudangrass), and species in the family Brassicaceae, particularly mustards",crops,chunk_117,"Question: name examples of cover crops.
Answer: Secale cereale (rye), Vicia villosa (hairy vetch), Trifolium pratense (red clover), Sorghum bicolor (sorghum-sudangrass), and species in the family Brassicaceae, particularly mustards"
What methods should I employ to prune sapota trees effectively?,"Effective pruning of sapota trees entails the removal of dead or diseased branches, shaping the canopy to improve air circulation and light exposure, and thinning out excessive growth to facilitate fruiting. It is recommended to perform pruning after harvest or during the dormant season to stimulate new growth and enhance fruit quality.",crops,chunk_118,"Question: What methods should I employ to prune sapota trees effectively?
Answer: Effective pruning of sapota trees entails the removal of dead or diseased branches, shaping the canopy to improve air circulation and light exposure, and thinning out excessive growth to facilitate fruiting. It is recommended to perform pruning after harvest or during the dormant season to stimulate new growth and enhance fruit quality."
"What causes damping off in chilli seedlings, and what are its symptoms?","Damping off in chilli seedlings is caused by Pythium aphanidermatum. Symptoms include seedlings being killed before emergence, water soaking, and shriveling of the stem.",crops,chunk_119,"Question: What causes damping off in chilli seedlings, and what are its symptoms?
Answer: Damping off in chilli seedlings is caused by Pythium aphanidermatum. Symptoms include seedlings being killed before emergence, water soaking, and shriveling of the stem."
What soil conditions are ideal for mango farming?,"Mango cultivation thrives in soil that is well-drained, sandy or loamy, with a pH level ranging from 5.5 to 7.5. It's crucial to maintain soil richness in organic matter and prevent waterlogging or heavy clay.",crops,chunk_120,"Question: What soil conditions are ideal for mango farming?
Answer: Mango cultivation thrives in soil that is well-drained, sandy or loamy, with a pH level ranging from 5.5 to 7.5. It's crucial to maintain soil richness in organic matter and prevent waterlogging or heavy clay."
What are the symptoms of Leaf Blight (Blast)?,"Symptoms include the appearance of hundreds of white specks on the foliage, with the disease spreading rapidly and potentially killing the tops of the entire crop.",crops,chunk_121,"Question: What are the symptoms of Leaf Blight (Blast)?
Answer: Symptoms include the appearance of hundreds of white specks on the foliage, with the disease spreading rapidly and potentially killing the tops of the entire crop."
How long can I replant the beans.,"Beans can be replanted in subsequent growing seasons as long as the seeds are viable and suitable for planting. The viability of bean seeds can vary depending on factors such as the specific bean variety, storage conditions, and seed quality. It is generally recommended to use fresh, high-quality seeds for optimal germination and plant performance.",crops,chunk_122,"Question: How long can I replant the beans.
Answer: Beans can be replanted in subsequent growing seasons as long as the seeds are viable and suitable for planting. The viability of bean seeds can vary depending on factors such as the specific bean variety, storage conditions, and seed quality. It is generally recommended to use fresh, high-quality seeds for optimal germination and plant performance."
Do I need to put the cassava stem in the sun for some time before planting?,"Yes, it stimulates sprouting",crops,chunk_123,"Question: Do I need to put the cassava stem in the sun for some time before planting?
Answer: Yes, it stimulates sprouting"
How should I prune mango trees?,"Pruning mango trees involves removing dead or diseased branches, shaping the canopy for better light penetration, and controlling tree height for easier harvesting.",crops,chunk_124,"Question: How should I prune mango trees?
Answer: Pruning mango trees involves removing dead or diseased branches, shaping the canopy for better light penetration, and controlling tree height for easier harvesting."
how can climate affect soil fertility.,"Temperature, rainfall, and other weather factors can affect the rate of nutrient release from fertilizers and the growth and development of crops. For example, high temperatures and low rainfall can lead to rapid nutrient leaching and reduced nutrient availability, while cool temperatures and adequate rainfall can promote nutrient uptake and plant growth",crops,chunk_125,"Question: how can climate affect soil fertility.
Answer: Temperature, rainfall, and other weather factors can affect the rate of nutrient release from fertilizers and the growth and development of crops. For example, high temperatures and low rainfall can lead to rapid nutrient leaching and reduced nutrient availability, while cool temperatures and adequate rainfall can promote nutrient uptake and plant growth"
What are the 20 latest technologies being used for farming (market trends)?,"1. Bee Vectoring Technologies: Utilizing bees for precision delivery of agricultural inputs
2. Precision Agriculture: Implementing technology for precise farming practices, enhancing efficiency
3. Indoor Vertical Farming: Growing crops in vertically stacked layers, optimizing space and resource usage
4. Farm Automation: Meeting demand through automation for tasks like planting, harvesting, and monitoring
5. Digitalization: Embracing digital technologies to streamline farming operations and data management
6. Sustainability Practices: Adapting to eco-friendly methods, aligning with global sustainability goals
7. Internet of Things (IoT) in Smart Farming: Monitoring crop fields and livestock through IoT for enhanced decision-making
8. Autonomous Farming Equipment: Rise of robotics and AI for autonomous farm machinery
9. AI Smart Farming: Leveraging artificial intelligence for optimized farming processes
10. Climate-Resilient Technologies: Integrating tech to cope with climate instability and protect against adverse weather conditions",crops,chunk_126,"Question: What are the 20 latest technologies being used for farming (market trends)?
Answer: 1. Bee Vectoring Technologies: Utilizing bees for precision delivery of agricultural inputs
2. Precision Agriculture: Implementing technology for precise farming practices, enhancing efficiency
3. Indoor Vertical Farming: Growing crops in vertically stacked layers, optimizing space and resource usage
4. Farm Automation: Meeting demand through automation for tasks like planting, harvesting, and monitoring
5. Digitalization: Embracing digital technologies to streamline farming operations and data management
6. Sustainability Practices: Adapting to eco-friendly methods, aligning with global sustainability goals
7. Internet of Things (IoT) in Smart Farming: Monitoring crop fields and livestock through IoT for enhanced decision-making
8. Autonomous Farming Equipment: Rise of robotics and AI for autonomous farm machinery
9. AI Smart Farming: Leveraging artificial intelligence for optimized farming processes
10. Climate-Resilient Technologies: Integrating tech to cope with climate instability and protect against adverse weather conditions"
why is post-harvest management important for preserving the quality of beans?,to prevent mold growth and insect infestation,crops,chunk_127,"Question: why is post-harvest management important for preserving the quality of beans?
Answer: to prevent mold growth and insect infestation"
What is post-harvest management?,Proper storage conditions,crops,chunk_128,"Question: What is post-harvest management?
Answer: Proper storage conditions"
how is root rot spread?,"spread through infected soil, water, and planting material",crops,chunk_129,"Question: how is root rot spread?
Answer: spread through infected soil, water, and planting material"
What management strategies can be used to control Tomato Mosaic Virus (TMV) in tomato plants?,"Seeds from disease-free healthy plants should be selected for sowing. Soaking seeds in a solution of Trisodium Phosphate (90 g/litre of water) a day before sowing helps reduce disease incidence. Thoroughly rinse and dry seeds in shade. In the nursery, remove and destroy all infected plants carefully. Avoid using seedlings infected with the viral disease for transplanting. Undertake crop rotation with crops other than tobacco, potato, chili, capsicum, brinjal, etc.",crops,chunk_130,"Question: What management strategies can be used to control Tomato Mosaic Virus (TMV) in tomato plants?
Answer: Seeds from disease-free healthy plants should be selected for sowing. Soaking seeds in a solution of Trisodium Phosphate (90 g/litre of water) a day before sowing helps reduce disease incidence. Thoroughly rinse and dry seeds in shade. In the nursery, remove and destroy all infected plants carefully. Avoid using seedlings infected with the viral disease for transplanting. Undertake crop rotation with crops other than tobacco, potato, chili, capsicum, brinjal, etc."
What symptoms are exhibited by citrus trees affected by Greening?,"Citrus trees affected by Greening exhibit a variety of symptoms, including stunted leaves, sparse foliation, twig dieback, and predominantly green, worthless fruits. Additionally, symptoms may include foliar chlorosis, mottling resembling zinc deficiency, leathery young leaves with prominent veins and a dull olive green color, circular green dots on leaves, upright twigs producing smaller leaves, and small, lopsided fruits with curved columella and one side developing full orange color while the other remains dull olive green. These fruits may also be low in juice and soluble solids, high in acid, and have poorly developed, dark-colored, and aborted seeds.",crops,chunk_131,"Question: What symptoms are exhibited by citrus trees affected by Greening?
Answer: Citrus trees affected by Greening exhibit a variety of symptoms, including stunted leaves, sparse foliation, twig dieback, and predominantly green, worthless fruits. Additionally, symptoms may include foliar chlorosis, mottling resembling zinc deficiency, leathery young leaves with prominent veins and a dull olive green color, circular green dots on leaves, upright twigs producing smaller leaves, and small, lopsided fruits with curved columella and one side developing full orange color while the other remains dull olive green. These fruits may also be low in juice and soluble solids, high in acid, and have poorly developed, dark-colored, and aborted seeds."
why should  cassava be processed or sold quickly after harvesting.," to prevent spoilage and maintain quality.
",crops,chunk_132,"Question: why should  cassava be processed or sold quickly after harvesting.
Answer:  to prevent spoilage and maintain quality.
"
how do we call the cover crops that increases soil fertility.,green manure,crops,chunk_133,"Question: how do we call the cover crops that increases soil fertility.
Answer: green manure"
"During  Food Supply Continuum, what processes are included inside pre-harvest phase.","the producer or farmer, transportation of the product, and marketing of the product",crops,chunk_134,"Question: During  Food Supply Continuum, what processes are included inside pre-harvest phase.
Answer: the producer or farmer, transportation of the product, and marketing of the product"
what is Seed dormancy?," is a natural mechanism that prevents a seed from germinating under unfavorable conditions, such as inadequate moisture, unsuitable temperature, or insufficient light",crops,chunk_135,"Question: what is Seed dormancy?
Answer:  is a natural mechanism that prevents a seed from germinating under unfavorable conditions, such as inadequate moisture, unsuitable temperature, or insufficient light"
List inputs whose cost would lead farmers to increase prices.,"land, equipment, fertilizer, chemical, seed, buildings and facilities, maintenance, labor, fuel, heating, feed, taxes, insurance",crops,chunk_136,"Question: List inputs whose cost would lead farmers to increase prices.
Answer: land, equipment, fertilizer, chemical, seed, buildings and facilities, maintenance, labor, fuel, heating, feed, taxes, insurance"
name one way a farmer can guard against drought?,"Crop Selection: Farmers should select crops that are adapted to their local climate and can tolerate drought conditions. Crops such as maize, sorghum, and millet are more drought-tolerant than others and can still produce a reasonable yield under limited water conditions.",crops,chunk_137,"Question: name one way a farmer can guard against drought?
Answer: Crop Selection: Farmers should select crops that are adapted to their local climate and can tolerate drought conditions. Crops such as maize, sorghum, and millet are more drought-tolerant than others and can still produce a reasonable yield under limited water conditions."
What spacing is recommended for cassava planting?,"The recommended spacing for cassava planting can vary depending on several factors, including the variety of cassava, soil fertility, and intended use of the crop. However, a common spacing for cassava is between 1 meter to 1.5 meters between rows and 0.8 meters to 1 meter between plants within a row.",crops,chunk_138,"Question: What spacing is recommended for cassava planting?
Answer: The recommended spacing for cassava planting can vary depending on several factors, including the variety of cassava, soil fertility, and intended use of the crop. However, a common spacing for cassava is between 1 meter to 1.5 meters between rows and 0.8 meters to 1 meter between plants within a row."
How is intercropping helpful in cassava production.,This helps to maximize land use and improve soil fertility,crops,chunk_139,"Question: How is intercropping helpful in cassava production.
Answer: This helps to maximize land use and improve soil fertility"
how is stake planting done?,"In stake planting, cassava stems are first planted in a nursery bed and allowed to develop roots before being transplanted to the main field",crops,chunk_140,"Question: how is stake planting done?
Answer: In stake planting, cassava stems are first planted in a nursery bed and allowed to develop roots before being transplanted to the main field"
What are the advantages of using dwarfing rootstocks in citrus orchards?,"Dwarfing rootstocks offer several advantages in citrus orchards, including reduced tree size, improved yield efficiency, easier harvesting, and enhanced disease resistance.",crops,chunk_141,"Question: What are the advantages of using dwarfing rootstocks in citrus orchards?
Answer: Dwarfing rootstocks offer several advantages in citrus orchards, including reduced tree size, improved yield efficiency, easier harvesting, and enhanced disease resistance."
Which type of seed is resistant to pests and diseases,"Hybrid seeds: Hybrid seeds are produced by cross-breeding two or more distinct plant varieties to create a new variety with desirable traits, such as disease and pest resistance.

Genetically modified (GM) seeds: GM seeds have been genetically altered to express certain traits, such as resistance to specific pests or diseases. For example, Bt (Bacillus thuringiensis) maize has been genetically modified to produce a protein toxic to certain insect pests.

Heirloom or heritage seeds: Heirloom or heritage seeds are non-hybrid seeds that have been passed down from generation to generation, often for centuries. These seeds have developed natural resistance to local pests and diseases over time.

Open-pollinated seeds: Open-pollinated seeds are non-hybrid seeds that have been pollinated by natural means, such as wind or insects. These seeds can be genetically diverse and may exhibit natural resistance to pests and diseases.",crops,chunk_142,"Question: Which type of seed is resistant to pests and diseases
Answer: Hybrid seeds: Hybrid seeds are produced by cross-breeding two or more distinct plant varieties to create a new variety with desirable traits, such as disease and pest resistance.

Genetically modified (GM) seeds: GM seeds have been genetically altered to express certain traits, such as resistance to specific pests or diseases. For example, Bt (Bacillus thuringiensis) maize has been genetically modified to produce a protein toxic to certain insect pests.

Heirloom or heritage seeds: Heirloom or heritage seeds are non-hybrid seeds that have been passed down from generation to generation, often for centuries. These seeds have developed natural resistance to local pests and diseases over time.

Open-pollinated seeds: Open-pollinated seeds are non-hybrid seeds that have been pollinated by natural means, such as wind or insects. These seeds can be genetically diverse and may exhibit natural resistance to pests and diseases."
Which crop is the major source of food in africa?,Cassava ,crops,chunk_143,"Question: Which crop is the major source of food in africa?
Answer: Cassava "
What are the effects of reliable rain fall,"improved crop yields, better soil health, enhanced biodiversity, reduced risk of drought, and improved water quality.",crops,chunk_144,"Question: What are the effects of reliable rain fall
Answer: improved crop yields, better soil health, enhanced biodiversity, reduced risk of drought, and improved water quality."
how can crop rotation helps to improve red soil for maize growth.," by alternating maize with other crops to break pest and disease cycles, improve soil health, and reduce nutrient depletion.",crops,chunk_145,"Question: how can crop rotation helps to improve red soil for maize growth.
Answer:  by alternating maize with other crops to break pest and disease cycles, improve soil health, and reduce nutrient depletion."
name ways how farmers can minimize negative impact of burning maize residues.,"farmers can adopt several practices, including:

Incorporating maize residues into the soil: Instead of burning, farmers can plow or till the maize residues into the soil to help build soil organic matter and improve soil health.

Using maize residues for mulch: Maize residues can be spread on the soil surface as a mulch to help conserve soil moisture, suppress weeds, and improve soil fertility.

Composting maize residues: Maize residues can be composted to produce a nutrient-rich soil amendment that can be used to improve soil fertility.

Rotating crops: Crop rotation can help to break pest and disease cycles, reducing the need for burning to control these problems.",crops,chunk_146,"Question: name ways how farmers can minimize negative impact of burning maize residues.
Answer: farmers can adopt several practices, including:

Incorporating maize residues into the soil: Instead of burning, farmers can plow or till the maize residues into the soil to help build soil organic matter and improve soil health.

Using maize residues for mulch: Maize residues can be spread on the soil surface as a mulch to help conserve soil moisture, suppress weeds, and improve soil fertility.

Composting maize residues: Maize residues can be composted to produce a nutrient-rich soil amendment that can be used to improve soil fertility.

Rotating crops: Crop rotation can help to break pest and disease cycles, reducing the need for burning to control these problems."
what advise has been to farmers in uganda about CBSD.,"Farmers in Uganda have been advised to use clean and disease-free planting materials, adopt good agronomic practices, and plant resistant varieties to control CBSD.",crops,chunk_147,"Question: what advise has been to farmers in uganda about CBSD.
Answer: Farmers in Uganda have been advised to use clean and disease-free planting materials, adopt good agronomic practices, and plant resistant varieties to control CBSD."
name the activities of crop maintanance.,"weed and pest control, fertilization, and irrigation.",crops,chunk_148,"Question: name the activities of crop maintanance.
Answer: weed and pest control, fertilization, and irrigation."
What is the economic importance of Banana Bunchy Top virus?,"Banana Bunchy Top virus is economically important as it is covered by domestic quarantine regulations due to significant economic losses. Planting infected suckers results in 100% loss, estimated at Rs. 4 crores every year.",crops,chunk_149,"Question: What is the economic importance of Banana Bunchy Top virus?
Answer: Banana Bunchy Top virus is economically important as it is covered by domestic quarantine regulations due to significant economic losses. Planting infected suckers results in 100% loss, estimated at Rs. 4 crores every year."
"When is the best time to harvest guavas, and how do I know they are ripe?","Guavas are typically harvested when they reach maturity, which varies by variety. Ripe guavas often exhibit a change in skin color, a slight softness to touch, and a fragrant aroma. They should detach easily from the tree when gently twisted.",crops,chunk_150,"Question: When is the best time to harvest guavas, and how do I know they are ripe?
Answer: Guavas are typically harvested when they reach maturity, which varies by variety. Ripe guavas often exhibit a change in skin color, a slight softness to touch, and a fragrant aroma. They should detach easily from the tree when gently twisted."
What management strategies are effective against Pythium root rot?,"Effective management strategies include seed treatment with Thiram or Captan at 4g/kg, dipping bulbs in a Thiram solution at 0.25%, and soil drenching with Copper oxychloride at 0.25% around the root region of plants after sprouting.",crops,chunk_151,"Question: What management strategies are effective against Pythium root rot?
Answer: Effective management strategies include seed treatment with Thiram or Captan at 4g/kg, dipping bulbs in a Thiram solution at 0.25%, and soil drenching with Copper oxychloride at 0.25% around the root region of plants after sprouting."
What management practices can be implemented to control Tristeza or quick decline in citrus orchards?,"Effective management of Tristeza or quick decline in citrus orchards involves implementing several practices. For sweet orange and mandarin, avoiding susceptible rootstocks is crucial. For acid lime, using seedlings preimmunized with the mild strain of tristeza can help prevent infection. Additionally, careful monitoring and management of aphid populations, along with sanitation practices to prevent the spread of infected budwood, are essential for controlling the disease in citrus orchards.",crops,chunk_152,"Question: What management practices can be implemented to control Tristeza or quick decline in citrus orchards?
Answer: Effective management of Tristeza or quick decline in citrus orchards involves implementing several practices. For sweet orange and mandarin, avoiding susceptible rootstocks is crucial. For acid lime, using seedlings preimmunized with the mild strain of tristeza can help prevent infection. Additionally, careful monitoring and management of aphid populations, along with sanitation practices to prevent the spread of infected budwood, are essential for controlling the disease in citrus orchards."
What is the ideal planting density for maize?,"The ideal planting density for maize can vary depending on the specific climate and soil conditions. In general, a planting density of around 70,000 to 80,000 plants per hectare is recommended for optimal yield. However, the ideal density may vary depending on factors such as the variety of maize being planted and the availability of water and nutrients",crops,chunk_153,"Question: What is the ideal planting density for maize?
Answer: The ideal planting density for maize can vary depending on the specific climate and soil conditions. In general, a planting density of around 70,000 to 80,000 plants per hectare is recommended for optimal yield. However, the ideal density may vary depending on factors such as the variety of maize being planted and the availability of water and nutrients"
why is it important in agriculture?,It is an essential aspect of agriculture that plays a crucial role in ensuring sustainable crop yields and protecting the environment.,crops,chunk_154,"Question: why is it important in agriculture?
Answer: It is an essential aspect of agriculture that plays a crucial role in ensuring sustainable crop yields and protecting the environment."
what are the effects of climate change,"decreased crop yields, increased pest and disease pressure, and other challenges for farmers.",crops,chunk_155,"Question: what are the effects of climate change
Answer: decreased crop yields, increased pest and disease pressure, and other challenges for farmers."
how can farmers control Cassava green mite.,it is important to regularly monitor the cassava crop for signs of infestation. Early detection and treatment can prevent the spread of the mites and minimize crop damage,crops,chunk_156,"Question: how can farmers control Cassava green mite.
Answer: it is important to regularly monitor the cassava crop for signs of infestation. Early detection and treatment can prevent the spread of the mites and minimize crop damage"
name one pest that can cause beans to wither immediately after germination.,Bean Seed Maggot,crops,chunk_157,"Question: name one pest that can cause beans to wither immediately after germination.
Answer: Bean Seed Maggot"
What is the disease cycle of white rot in onion and garlic crops?,"The disease cycle of white rot involves dormant sclerotia that germinate in response to root exudates unique to Allium spp. Cool weather is needed for germination, and optimal soil moisture levels for host root growth facilitate sclerotia germination. Mycelium grows through the soil, forming appressoria upon encountering host roots, allowing for attachment and penetration. Sclerotia are formed on decaying host tissue and can spread to neighboring plants via mycelial growth. If bulbs survive to storage, the pathogen may continue to decay them under conditions of high humidity and low temperatures. Management Crop rotation and clean seed are effective controls, along with heavy manuring with organic manures and seed dressing with fungicides like Benomyl, Carbendazim, or Thiophanate-methyl.",crops,chunk_158,"Question: What is the disease cycle of white rot in onion and garlic crops?
Answer: The disease cycle of white rot involves dormant sclerotia that germinate in response to root exudates unique to Allium spp. Cool weather is needed for germination, and optimal soil moisture levels for host root growth facilitate sclerotia germination. Mycelium grows through the soil, forming appressoria upon encountering host roots, allowing for attachment and penetration. Sclerotia are formed on decaying host tissue and can spread to neighboring plants via mycelial growth. If bulbs survive to storage, the pathogen may continue to decay them under conditions of high humidity and low temperatures. Management Crop rotation and clean seed are effective controls, along with heavy manuring with organic manures and seed dressing with fungicides like Benomyl, Carbendazim, or Thiophanate-methyl."
how can Livestock integration helps increase soil fertility.,"Grazing livestock on pasture land can help add organic matter to the soil through manure and urine deposition. Additionally, crop residues and other organic materials can be fed to livestock and the resulting manure can be applied to the soil to improve fertility.",crops,chunk_159,"Question: how can Livestock integration helps increase soil fertility.
Answer: Grazing livestock on pasture land can help add organic matter to the soil through manure and urine deposition. Additionally, crop residues and other organic materials can be fed to livestock and the resulting manure can be applied to the soil to improve fertility."
what is isolation.,"A minimum separation distance required in a seed multiplication field in order to prevent
contamination by physical mixtures or disease vectors",crops,chunk_160,"Question: what is isolation.
Answer: A minimum separation distance required in a seed multiplication field in order to prevent
contamination by physical mixtures or disease vectors"
Does the type of chemical used for storage affect the germination of seeds?,"No, the chemical used for storage does not typically affect seed germination.",crops,chunk_161,"Question: Does the type of chemical used for storage affect the germination of seeds?
Answer: No, the chemical used for storage does not typically affect seed germination."
Do apple trees require cross-pollination for fruit production?,"Most apple varieties are not self-pollinating and require cross-pollination from another compatible apple variety for optimal fruit set. While some apple varieties are self-fertile or partially self-fertile, cross-pollination generally results in better yields and fruit quality.",crops,chunk_162,"Question: Do apple trees require cross-pollination for fruit production?
Answer: Most apple varieties are not self-pollinating and require cross-pollination from another compatible apple variety for optimal fruit set. While some apple varieties are self-fertile or partially self-fertile, cross-pollination generally results in better yields and fruit quality."
"What is field curing, and why is it important for bean crops?","the beans are left to dry further in the sun, a process known as field curing",crops,chunk_163,"Question: What is field curing, and why is it important for bean crops?
Answer: the beans are left to dry further in the sun, a process known as field curing"
What are the indicators of readiness for harvesting bananas?,"Indicators that bananas are ready for harvest include a change in fruit color from green to yellow, slightly rounded edges, and individual fruits detaching easily from the bunch as they ripen, signaling maturity.",crops,chunk_164,"Question: What are the indicators of readiness for harvesting bananas?
Answer: Indicators that bananas are ready for harvest include a change in fruit color from green to yellow, slightly rounded edges, and individual fruits detaching easily from the bunch as they ripen, signaling maturity."
What methods can be used to control Tip over or Heart rot in banana plants?,"To control Tip over or Heart rot in banana plants, employ strategies such as planting disease-free suckers, removing infected plants, and destroying them. Additionally, drenching with Methoxy ethyl mercuric chloride (Emisan-6) at 0.1%, Sodium hypochlorite at 10%, or Bleaching powder at 20g/litre/tree can be effective.",crops,chunk_165,"Question: What methods can be used to control Tip over or Heart rot in banana plants?
Answer: To control Tip over or Heart rot in banana plants, employ strategies such as planting disease-free suckers, removing infected plants, and destroying them. Additionally, drenching with Methoxy ethyl mercuric chloride (Emisan-6) at 0.1%, Sodium hypochlorite at 10%, or Bleaching powder at 20g/litre/tree can be effective."
What management practices can be implemented to control fruit rot and die back in chilli plants caused by Colletotrichum capsici?,"Use of disease-free seeds is important. Seed treatment with Thiram or Captan at 4g/kg is effective in eliminating seed-borne inoculum. Good control of the disease has been reported by three sprayings with Ziram at 0.25%, Captan at 0.2%, or Miltox at 0.2%. Chemicals like wettable sulphur at 0.2%, copper oxychloride at 0.25%, and Zineb at 0.15% not only reduce disease incidence but also increase fruit yield. The first spraying should be given just before flowering, the second at fruit formation, and the third a fortnight after the second spraying.",crops,chunk_166,"Question: What management practices can be implemented to control fruit rot and die back in chilli plants caused by Colletotrichum capsici?
Answer: Use of disease-free seeds is important. Seed treatment with Thiram or Captan at 4g/kg is effective in eliminating seed-borne inoculum. Good control of the disease has been reported by three sprayings with Ziram at 0.25%, Captan at 0.2%, or Miltox at 0.2%. Chemicals like wettable sulphur at 0.2%, copper oxychloride at 0.25%, and Zineb at 0.15% not only reduce disease incidence but also increase fruit yield. The first spraying should be given just before flowering, the second at fruit formation, and the third a fortnight after the second spraying."
How does the process of aging impact the quality and traits of wine?,"Aging enhances wine complexity, softens tannins, and harmonizes flavors. Wines can be aged using different methods, such as stainless steel tanks, oak barrels, or bottles, each contributing unique attributes to the final product. Aging potential varies based on factors like grape variety and wine style.",crops,chunk_167,"Question: How does the process of aging impact the quality and traits of wine?
Answer: Aging enhances wine complexity, softens tannins, and harmonizes flavors. Wines can be aged using different methods, such as stainless steel tanks, oak barrels, or bottles, each contributing unique attributes to the final product. Aging potential varies based on factors like grape variety and wine style."
Name the crops that can be successfully grown in sandy soil,"Sweet potatoes
Carrots
Peppers
Tomatoes
Watermelons
Pineapples
Cucumbers
Okra",crops,chunk_168,"Question: Name the crops that can be successfully grown in sandy soil
Answer: Sweet potatoes
Carrots
Peppers
Tomatoes
Watermelons
Pineapples
Cucumbers
Okra"
Can farmers save and replant GMO seeds?,"GMO seeds, like any others, can be saved and replanted",crops,chunk_169,"Question: Can farmers save and replant GMO seeds?
Answer: GMO seeds, like any others, can be saved and replanted"
How can Anthracnose in bananas be managed?,"Anthracnose in bananas can be managed by post-harvest dipping of fruits in Carbendazim 400 ppm, Benomyl 1000 ppm, or Aureofunginsol 100 ppm. Minimizing bruising, prompt cooling, and proper sanitation also help manage the disease.",crops,chunk_170,"Question: How can Anthracnose in bananas be managed?
Answer: Anthracnose in bananas can be managed by post-harvest dipping of fruits in Carbendazim 400 ppm, Benomyl 1000 ppm, or Aureofunginsol 100 ppm. Minimizing bruising, prompt cooling, and proper sanitation also help manage the disease."
 which variety of maize has a hard outer layer and is used for making popcorn.,Popcorn maize,crops,chunk_171,"Question:  which variety of maize has a hard outer layer and is used for making popcorn.
Answer: Popcorn maize"
"What diseases are citrus trees prone to, and what preventative measures can be taken to avoid them?","Citrus trees are susceptible to diseases such as citrus greening (HLB), citrus canker, and citrus black spot. Preventative measures include regular inspection, proper sanitation practices, and planting disease-resistant citrus varieties.",crops,chunk_172,"Question: What diseases are citrus trees prone to, and what preventative measures can be taken to avoid them?
Answer: Citrus trees are susceptible to diseases such as citrus greening (HLB), citrus canker, and citrus black spot. Preventative measures include regular inspection, proper sanitation practices, and planting disease-resistant citrus varieties."
how can farmers improve productivity of local maize variety.,"Farmers can improve the productivity of local maize breeds by using improved farming practices such as proper land preparation, timely planting, weed control, and appropriate use of fertilizers and pesticides.",crops,chunk_173,"Question: how can farmers improve productivity of local maize variety.
Answer: Farmers can improve the productivity of local maize breeds by using improved farming practices such as proper land preparation, timely planting, weed control, and appropriate use of fertilizers and pesticides."
"How do I know when tomatoes are ripe for harvest, and how should they be picked?","Tomatoes are ripe for harvest when they reach full color and firmness, depending on the variety. Ripe tomatoes should be firm but slightly yield to gentle pressure. Harvest tomatoes by grasping the fruit and twisting it gently until it separates from the stem. Avoid pulling or tearing the fruit to prevent damage. Harvest tomatoes regularly to encourage continuous fruit production and prevent overripening on the vine.",crops,chunk_174,"Question: How do I know when tomatoes are ripe for harvest, and how should they be picked?
Answer: Tomatoes are ripe for harvest when they reach full color and firmness, depending on the variety. Ripe tomatoes should be firm but slightly yield to gentle pressure. Harvest tomatoes by grasping the fruit and twisting it gently until it separates from the stem. Avoid pulling or tearing the fruit to prevent damage. Harvest tomatoes regularly to encourage continuous fruit production and prevent overripening on the vine."
Can I use chemicals to control weeds when beans are just germinating?,"No, using herbicides at this stage can kill the young beans along with the weeds, leading to crop loss.",crops,chunk_175,"Question: Can I use chemicals to control weeds when beans are just germinating?
Answer: No, using herbicides at this stage can kill the young beans along with the weeds, leading to crop loss."
what are some of the consideration to be done during ban placement of fertilizers.," specific crop, soil conditions, and nutrient requirements",crops,chunk_176,"Question: what are some of the consideration to be done during ban placement of fertilizers.
Answer:  specific crop, soil conditions, and nutrient requirements"
When is the ideal time to pick mangoes?,"Mangoes are typically ready for harvest between April and August, depending on the variety.",crops,chunk_177,"Question: When is the ideal time to pick mangoes?
Answer: Mangoes are typically ready for harvest between April and August, depending on the variety."
How does Bacterial Leaf Spot spread and survive in tomato plants?,"The pathogen survives in diseased plant debris, volunteer plants, and is seed-borne. It enters through stomata or injuries and lenticels. Secondary spread occurs through rain splashes, and the disease spreads to new areas through infected seeds and diseased transplants.",crops,chunk_178,"Question: How does Bacterial Leaf Spot spread and survive in tomato plants?
Answer: The pathogen survives in diseased plant debris, volunteer plants, and is seed-borne. It enters through stomata or injuries and lenticels. Secondary spread occurs through rain splashes, and the disease spreads to new areas through infected seeds and diseased transplants."
define Intercropping.,"Planting different crops together in the same field can help improve soil fertility by reducing pests and diseases, improving soil structure, and adding organic matter to the soil.",crops,chunk_179,"Question: define Intercropping.
Answer: Planting different crops together in the same field can help improve soil fertility by reducing pests and diseases, improving soil structure, and adding organic matter to the soil."
What are the primary sources of infection for Cercospora capsici in chilli fields?,"The primary sources of infection for Cercospora capsici in chilli fields are infected seeds, volunteer plants, and infected plant debris. Secondary spread occurs through airborne conidia.",crops,chunk_180,"Question: What are the primary sources of infection for Cercospora capsici in chilli fields?
Answer: The primary sources of infection for Cercospora capsici in chilli fields are infected seeds, volunteer plants, and infected plant debris. Secondary spread occurs through airborne conidia."
What management practices can be implemented to control fusarium wilt in chilli plants?,"Use wilt-resistant varieties. Drench with 1% Bordeaux mixture or Blue copper or Fytolan at 0.25% for protection. Seed treatment with 4g Trichoderma viride formulation or 2g Carbendazim per kg seed is effective. Mix 2kg T. viride formulation with 50kg FYM, sprinkle water, and cover with a thin polythene sheet. When mycelial growth is visible on the heap after 15 days, apply the mixture in rows of chilli in an area of one acre.",crops,chunk_181,"Question: What management practices can be implemented to control fusarium wilt in chilli plants?
Answer: Use wilt-resistant varieties. Drench with 1% Bordeaux mixture or Blue copper or Fytolan at 0.25% for protection. Seed treatment with 4g Trichoderma viride formulation or 2g Carbendazim per kg seed is effective. Mix 2kg T. viride formulation with 50kg FYM, sprinkle water, and cover with a thin polythene sheet. When mycelial growth is visible on the heap after 15 days, apply the mixture in rows of chilli in an area of one acre."
What are some best practices for post-harvest handling of citrus fruits to maintain quality?,"Best practices for post-harvest handling of citrus fruits include careful harvesting to avoid bruising, prompt cooling to preserve freshness, proper storage in controlled atmospheres, and gentle handling to prevent damage.",crops,chunk_182,"Question: What are some best practices for post-harvest handling of citrus fruits to maintain quality?
Answer: Best practices for post-harvest handling of citrus fruits include careful harvesting to avoid bruising, prompt cooling to preserve freshness, proper storage in controlled atmospheres, and gentle handling to prevent damage."
Ways farmers can guard against drought.,Crop rotation,crops,chunk_183,"Question: Ways farmers can guard against drought.
Answer: Crop rotation"
What is the proper way to prune mango trees?,"Proper pruning of mango trees includes removing dead or diseased branches, shaping the canopy to enhance sunlight exposure, and controlling tree height for convenient harvesting.",crops,chunk_184,"Question: What is the proper way to prune mango trees?
Answer: Proper pruning of mango trees includes removing dead or diseased branches, shaping the canopy to enhance sunlight exposure, and controlling tree height for convenient harvesting."
What is total seed population in an acre?,"he recommended plant population for maize varies, but a common range is around 20,000 to 40,000 plants per acre. This translates to seeding rates of approximately 25,000 to 50,000 seeds per acre, considering germination rates and seedling mortality.",crops,chunk_185,"Question: What is total seed population in an acre?
Answer: he recommended plant population for maize varies, but a common range is around 20,000 to 40,000 plants per acre. This translates to seeding rates of approximately 25,000 to 50,000 seeds per acre, considering germination rates and seedling mortality."
Which method of fertilizer application do we use during weeding beans?,"The type of fertilizer recommended for top-dressing maize depends on the soil nutrient status and the crop's nutrient requirements. However, generally, a nitrogen-rich fertilizer is recommended for top-dressing maize because nitrogen is one of the primary nutrients required for maize growth and development.",crops,chunk_186,"Question: Which method of fertilizer application do we use during weeding beans?
Answer: The type of fertilizer recommended for top-dressing maize depends on the soil nutrient status and the crop's nutrient requirements. However, generally, a nitrogen-rich fertilizer is recommended for top-dressing maize because nitrogen is one of the primary nutrients required for maize growth and development."
How can Mango malformation in mango trees be managed?,"Effective management of Mango malformation in mango trees involves several practices. Farmers should destroy diseased plants and use disease-free planting material. Incidence can be reduced by spraying 100-200ppm NAA (Naphthaleneacetic acid) during October. Pruning of diseased parts along the basal 15-20 cm of apparently healthy portions is recommended, followed by spraying with Carbendazim (0.1%) or Captafol (0.2%). These treatments help control the disease and prevent its spread within the mango orchard.",crops,chunk_187,"Question: How can Mango malformation in mango trees be managed?
Answer: Effective management of Mango malformation in mango trees involves several practices. Farmers should destroy diseased plants and use disease-free planting material. Incidence can be reduced by spraying 100-200ppm NAA (Naphthaleneacetic acid) during October. Pruning of diseased parts along the basal 15-20 cm of apparently healthy portions is recommended, followed by spraying with Carbendazim (0.1%) or Captafol (0.2%). These treatments help control the disease and prevent its spread within the mango orchard."
what are fertilizers?,Fertilizers are substances that are added to soil to improve the growth and quality of crops,crops,chunk_188,"Question: what are fertilizers?
Answer: Fertilizers are substances that are added to soil to improve the growth and quality of crops"
what is the impact of using old seeds.,"Using old seeds may also increase the risk of seed-borne diseases and pests, which can cause further damage to the crop and reduce yields",crops,chunk_189,"Question: what is the impact of using old seeds.
Answer: Using old seeds may also increase the risk of seed-borne diseases and pests, which can cause further damage to the crop and reduce yields"
what is the use  autonomous crop robots.,harvest and seed crops,crops,chunk_190,"Question: what is the use  autonomous crop robots.
Answer: harvest and seed crops"
Which chemical is best for preserving beans seeds for long periods against weevils,"The chemical most commonly used for preserving beans seeds against weevils is called diatomaceous earth. It is a natural, non-toxic substance made from the fossilized remains of diatoms, which are a type of algae. When diatomaceous earth is applied to bean seeds, it dehydrates and kills the weevils by drying out their outer layer.",crops,chunk_191,"Question: Which chemical is best for preserving beans seeds for long periods against weevils
Answer: The chemical most commonly used for preserving beans seeds against weevils is called diatomaceous earth. It is a natural, non-toxic substance made from the fossilized remains of diatoms, which are a type of algae. When diatomaceous earth is applied to bean seeds, it dehydrates and kills the weevils by drying out their outer layer."
name some of the common water management practices,"soil moisture monitoring, crop water requirements estimation, crop selection, and crop rotation.",crops,chunk_192,"Question: name some of the common water management practices
Answer: soil moisture monitoring, crop water requirements estimation, crop selection, and crop rotation."
Why is diammonium phosphate put in planting hole.,"Diammonium phosphate (DAP) is often used as a fertilizer in planting holes for several reasons. Firstly, DAP contains both nitrogen and phosphorus, which are essential nutrients for plant growth and development. Nitrogen is necessary for the formation of proteins, chlorophyll, and other important molecules in plants, while phosphorus is needed for root growth, flower and seed development, and overall plant health.
",crops,chunk_193,"Question: Why is diammonium phosphate put in planting hole.
Answer: Diammonium phosphate (DAP) is often used as a fertilizer in planting holes for several reasons. Firstly, DAP contains both nitrogen and phosphorus, which are essential nutrients for plant growth and development. Nitrogen is necessary for the formation of proteins, chlorophyll, and other important molecules in plants, while phosphorus is needed for root growth, flower and seed development, and overall plant health.
"
"How do market conditions affect citrus growers, and what strategies do they employ to navigate price fluctuations?","Market conditions, including supply and demand dynamics, weather events, and consumer preferences, significantly impact citrus growers. To navigate price fluctuations, growers employ strategies such as diversifying crops, investing in technology for better yield management, engaging in direct marketing channels, and adapting production practices based on market signals and forecasts.",crops,chunk_194,"Question: How do market conditions affect citrus growers, and what strategies do they employ to navigate price fluctuations?
Answer: Market conditions, including supply and demand dynamics, weather events, and consumer preferences, significantly impact citrus growers. To navigate price fluctuations, growers employ strategies such as diversifying crops, investing in technology for better yield management, engaging in direct marketing channels, and adapting production practices based on market signals and forecasts."
How often can i sprinkle liquid manure?,"Generally, liquid manure can be applied every 2-4 weeks during the growing season for most crops. However, it is important to avoid over-application, which can lead to nutrient imbalances, water pollution, and plant damage.",crops,chunk_195,"Question: How often can i sprinkle liquid manure?
Answer: Generally, liquid manure can be applied every 2-4 weeks during the growing season for most crops. However, it is important to avoid over-application, which can lead to nutrient imbalances, water pollution, and plant damage."
which other pest management practices can help to prevent and control green mite infestations,"nclude crop rotation, use of resistant varieties, and maintaining proper plant nutrition and moisture levels.",crops,chunk_196,"Question: which other pest management practices can help to prevent and control green mite infestations
Answer: nclude crop rotation, use of resistant varieties, and maintaining proper plant nutrition and moisture levels."
Can and urea what is suitable for top dressing in maize?,"Yes, both CAN (Calcium Ammonium Nitrate) and Urea are suitable for top dressing in maize. Both are nitrogen fertilizers that can provide the crop with the essential nutrients needed for growth and development.",crops,chunk_197,"Question: Can and urea what is suitable for top dressing in maize?
Answer: Yes, both CAN (Calcium Ammonium Nitrate) and Urea are suitable for top dressing in maize. Both are nitrogen fertilizers that can provide the crop with the essential nutrients needed for growth and development."
what is crop rotation,Crop rotation is the practice of growing a series of different crops in the same area over several seasons,crops,chunk_198,"Question: what is crop rotation
Answer: Crop rotation is the practice of growing a series of different crops in the same area over several seasons"
which caterpillar pests  can cause significant damage to cassava crops.,Armyworms ,crops,chunk_199,"Question: which caterpillar pests  can cause significant damage to cassava crops.
Answer: Armyworms "
How does Powdery mildew spread within mango orchards?,"Powdery mildew spreads within mango orchards primarily by surviving as dormant mycelium in affected leaves. Secondary spread occurs through airborne conidia. During the disease cycle, spores blown by wind from infected areas adhere to hairy, unopened flowers near the tip of the inflorescence and germinate within five to seven hours. The fungus grows rapidly during cloudy weather accompanied by heavy morning mist. Warm, humid weather and low night temperatures also favor dissemination of the pathogen.",disease,chunk_200,"Question: How does Powdery mildew spread within mango orchards?
Answer: Powdery mildew spreads within mango orchards primarily by surviving as dormant mycelium in affected leaves. Secondary spread occurs through airborne conidia. During the disease cycle, spores blown by wind from infected areas adhere to hairy, unopened flowers near the tip of the inflorescence and germinate within five to seven hours. The fungus grows rapidly during cloudy weather accompanied by heavy morning mist. Warm, humid weather and low night temperatures also favor dissemination of the pathogen."
Explain how the Plant Quarantine Clearance (2011) policy prevents the spread of pests and diseases.,"Aimed at preventing the spread of pests and diseases, this policy facilitates safe trade of plant and plant products.",disease,chunk_201,"Question: Explain how the Plant Quarantine Clearance (2011) policy prevents the spread of pests and diseases.
Answer: Aimed at preventing the spread of pests and diseases, this policy facilitates safe trade of plant and plant products."
how do we control plant diseases?,use of pesticides and other measures to control.,disease,chunk_202,"Question: how do we control plant diseases?
Answer: use of pesticides and other measures to control."
"which fungal disease causes yellowing and browning of the leaves, with characteristic cigar-shaped lesions",Northern corn leaf blight,disease,chunk_203,"Question: which fungal disease causes yellowing and browning of the leaves, with characteristic cigar-shaped lesions
Answer: Northern corn leaf blight"
How can I protect apple orchards from extreme weather events?,"Orchard management practices such as proper irrigation, mulching, and windbreak establishment can help mitigate the impact of extreme weather events like droughts, floods, and storms. Using weather-resistant apple varieties, implementing soil conservation measures, and installing hail nets or protective covers are additional strategies to enhance climate resilience and safeguard orchard productivity.",disease,chunk_204,"Question: How can I protect apple orchards from extreme weather events?
Answer: Orchard management practices such as proper irrigation, mulching, and windbreak establishment can help mitigate the impact of extreme weather events like droughts, floods, and storms. Using weather-resistant apple varieties, implementing soil conservation measures, and installing hail nets or protective covers are additional strategies to enhance climate resilience and safeguard orchard productivity."
When and how should apple trees be pruned?,"Apple trees should be pruned during the dormant season to remove dead, diseased, or overcrowded branches and shape the canopy for optimal sunlight penetration and airflow. Pruning involves cutting branches at a slight angle just above a bud or lateral branch. Proper pruning helps stimulate new growth and maintains tree health.",disease,chunk_205,"Question: When and how should apple trees be pruned?
Answer: Apple trees should be pruned during the dormant season to remove dead, diseased, or overcrowded branches and shape the canopy for optimal sunlight penetration and airflow. Pruning involves cutting branches at a slight angle just above a bud or lateral branch. Proper pruning helps stimulate new growth and maintains tree health."
What is the life cycle of the Bitter rot fungus in Apple trees?,"The Bitter rot fungus survives in mummified fruit, cracks, and crevices in bark, as well as cankers produced by the fungus or other diseases like fire blight. It can also reside in jagged edges of broken limbs. The fungus enters unbroken fruit skin, and waterborne spores are released during rainfall throughout the growing season. The appearance of Bitter rot is influenced by factors such as fruit maturity, temperature, humidity, and disease presence.",disease,chunk_206,"Question: What is the life cycle of the Bitter rot fungus in Apple trees?
Answer: The Bitter rot fungus survives in mummified fruit, cracks, and crevices in bark, as well as cankers produced by the fungus or other diseases like fire blight. It can also reside in jagged edges of broken limbs. The fungus enters unbroken fruit skin, and waterborne spores are released during rainfall throughout the growing season. The appearance of Bitter rot is influenced by factors such as fruit maturity, temperature, humidity, and disease presence."
name districts in karamoja regions that can be affected by drought.,"Abim, Amudat, Kaabong, Kotido, Moroto, Napak, and Nakapiripirit",disease,chunk_207,"Question: name districts in karamoja regions that can be affected by drought.
Answer: Abim, Amudat, Kaabong, Kotido, Moroto, Napak, and Nakapiripirit"
"What's the disease that causes black circular patches around the base of mango fruits, eventually turning the entire fruit black?","Stem end rot, caused by Diplodia natalensis, is the disease affecting mango trees. It's characterized by the dark epicarp around the base of the pedicel, which enlarges to form a circular, black patch on the fruit. Under humid conditions, this patch extends rapidly, turning the entire fruit black within two or three days. The pulp becomes brown and somewhat softer.",disease,chunk_208,"Question: What's the disease that causes black circular patches around the base of mango fruits, eventually turning the entire fruit black?
Answer: Stem end rot, caused by Diplodia natalensis, is the disease affecting mango trees. It's characterized by the dark epicarp around the base of the pedicel, which enlarges to form a circular, black patch on the fruit. Under humid conditions, this patch extends rapidly, turning the entire fruit black within two or three days. The pulp becomes brown and somewhat softer."
How does Scab/Verucosis spread within citrus orchards?,"Scab/Verucosis spreads within citrus orchards through various means. The pathogen survives in the off-season as ascospores and spreads through conidia. These conidia are produced in acervuli and facilitate the dissemination of the disease within citrus orchards, leading to widespread infection and the manifestation of characteristic symptoms of Scab/Verucosis.",disease,chunk_209,"Question: How does Scab/Verucosis spread within citrus orchards?
Answer: Scab/Verucosis spreads within citrus orchards through various means. The pathogen survives in the off-season as ascospores and spreads through conidia. These conidia are produced in acervuli and facilitate the dissemination of the disease within citrus orchards, leading to widespread infection and the manifestation of characteristic symptoms of Scab/Verucosis."
What is the cause of Cigar End Rot in bananas?,"Cigar End Rot in bananas is caused by Verticillium theobromae, Trachsphaera fructigena, and Gloeosporium musarum.",disease,chunk_210,"Question: What is the cause of Cigar End Rot in bananas?
Answer: Cigar End Rot in bananas is caused by Verticillium theobromae, Trachsphaera fructigena, and Gloeosporium musarum."
"What's the name of the disease affecting Apple trees, characterized by powdery white patches on various parts?","The disease affecting Apple trees, characterized by powdery white patches on buds, blossoms, leaves, twigs, and fruit, is known as Powdery mildew.",disease,chunk_211,"Question: What's the name of the disease affecting Apple trees, characterized by powdery white patches on various parts?
Answer: The disease affecting Apple trees, characterized by powdery white patches on buds, blossoms, leaves, twigs, and fruit, is known as Powdery mildew."
which farming tools can spread bacterial blight when contaminated.,pruning shears or machetes,disease,chunk_212,"Question: which farming tools can spread bacterial blight when contaminated.
Answer: pruning shears or machetes"
What chemical can a farmer use to spray beans affected by hailstorm?,"When beans are affected by hailstorm, the damage is usually physical and can lead to wounds on the plants. These wounds can create openings for various diseases and pests to attack the plant. Therefore, it is recommended to use a broad-spectrum fungicide that can control a wide range of diseases and protect the plant from further damage",disease,chunk_213,"Question: What chemical can a farmer use to spray beans affected by hailstorm?
Answer: When beans are affected by hailstorm, the damage is usually physical and can lead to wounds on the plants. These wounds can create openings for various diseases and pests to attack the plant. Therefore, it is recommended to use a broad-spectrum fungicide that can control a wide range of diseases and protect the plant from further damage"
how can Cassava mosaic disease spread ,Whitefly infestations,disease,chunk_214,"Question: how can Cassava mosaic disease spread 
Answer: Whitefly infestations"
"What are the characteristics of Pythium aphanidermatum, the pathogen causing damping off in chilli plants?","The mycelium is hyaline, coenocytic, and zoosporangia are lobed and branched. Zoospores are biflagellate, and oogonia are spherical with smooth walls. Antheridia are monoclinous, intercalary or terminal. Oospores are aplerotic, single with a thick wall.",disease,chunk_215,"Question: What are the characteristics of Pythium aphanidermatum, the pathogen causing damping off in chilli plants?
Answer: The mycelium is hyaline, coenocytic, and zoosporangia are lobed and branched. Zoospores are biflagellate, and oogonia are spherical with smooth walls. Antheridia are monoclinous, intercalary or terminal. Oospores are aplerotic, single with a thick wall."
which disease is transmitted by leafhoppers.,Maize streak virus,disease,chunk_216,"Question: which disease is transmitted by leafhoppers.
Answer: Maize streak virus"
name the diet in which diary cows should be fed on.,diet high in protein and calcium,disease,chunk_217,"Question: name the diet in which diary cows should be fed on.
Answer: diet high in protein and calcium"
What are the signs that your mango fruit might have Stem end rot?,"Stem end rot in mango fruits manifests as a dark epicarp around the base of the pedicel, enlarging to form a circular, black patch. Under humid conditions, this patch extends rapidly, turning the entire fruit black within two or three days. The pulp becomes brown and somewhat softer. Dead twigs and bark of the trees may also be affected, with the disease spreading via rains.",disease,chunk_218,"Question: What are the signs that your mango fruit might have Stem end rot?
Answer: Stem end rot in mango fruits manifests as a dark epicarp around the base of the pedicel, enlarging to form a circular, black patch. Under humid conditions, this patch extends rapidly, turning the entire fruit black within two or three days. The pulp becomes brown and somewhat softer. Dead twigs and bark of the trees may also be affected, with the disease spreading via rains."
"What disease is causing issues with citrus trees, including symptoms such as leaf yellowing, bark cracking, and excessive gumming?","Citrus trees are affected by a disease known as gummosis, which presents symptoms such as leaf yellowing, bark cracking, and excessive gumming on the surface. Severe cases may result in bark rot, leading to tree drying and premature death, also known as foot rot or collar-rot.",disease,chunk_219,"Question: What disease is causing issues with citrus trees, including symptoms such as leaf yellowing, bark cracking, and excessive gumming?
Answer: Citrus trees are affected by a disease known as gummosis, which presents symptoms such as leaf yellowing, bark cracking, and excessive gumming on the surface. Severe cases may result in bark rot, leading to tree drying and premature death, also known as foot rot or collar-rot."
What's the disease that causes brown spots with black dots on mango leaves?,"Grey Blight, caused by Pestalotia mangiferae, is the disease affecting mango trees. It's characterized by brown spots developing on the margin and at the tip of the leaf lamina. These spots increase in size and become dark brown, with black dots appearing on them, which are acervuli of the fungus.",disease,chunk_220,"Question: What's the disease that causes brown spots with black dots on mango leaves?
Answer: Grey Blight, caused by Pestalotia mangiferae, is the disease affecting mango trees. It's characterized by brown spots developing on the margin and at the tip of the leaf lamina. These spots increase in size and become dark brown, with black dots appearing on them, which are acervuli of the fungus."
"which beetle feed on the leaves of bean plants, causing holes and defoliation, which can reduce yields.",Bean leaf beetles (Cerotoma trifurcata),disease,chunk_221,"Question: which beetle feed on the leaves of bean plants, causing holes and defoliation, which can reduce yields.
Answer: Bean leaf beetles (Cerotoma trifurcata)"
What are the symptoms exhibited by citrus trees affected by Canker?,"Canker in citrus trees affects acid lime, lemon, and grapefruit, with rare occurrences on sweet oranges and mandarins. The disease affects leaves, twigs, and fruits. Symptoms include circular lesions with yellow halos on both sides of the leaf. Unlike scab, canker does not cause leaf distortion. Lesions on twigs can girdle and kill them, and on fruits, they reduce market value.",disease,chunk_222,"Question: What are the symptoms exhibited by citrus trees affected by Canker?
Answer: Canker in citrus trees affects acid lime, lemon, and grapefruit, with rare occurrences on sweet oranges and mandarins. The disease affects leaves, twigs, and fruits. Symptoms include circular lesions with yellow halos on both sides of the leaf. Unlike scab, canker does not cause leaf distortion. Lesions on twigs can girdle and kill them, and on fruits, they reduce market value."
What are the favorable conditions for the development of late blight in potato plants?,"Favorable conditions for late blight development include RH > 90%, temperature between 10-25°C, night temperature of 10°C, cloudiness followed by rainfall of at least 0.1mm the following day.",disease,chunk_223,"Question: What are the favorable conditions for the development of late blight in potato plants?
Answer: Favorable conditions for late blight development include RH > 90%, temperature between 10-25°C, night temperature of 10°C, cloudiness followed by rainfall of at least 0.1mm the following day."
What are the symptoms of Cigar End Rot in bananas?,"Symptoms of Cigar End Rot in bananas include a black necrosis spreading from the perianth into the tip of immature fingers. The rotted portion of the banana finger is dry and tends to adhere to fruits, resembling the ash of a cigar.",disease,chunk_224,"Question: What are the symptoms of Cigar End Rot in bananas?
Answer: Symptoms of Cigar End Rot in bananas include a black necrosis spreading from the perianth into the tip of immature fingers. The rotted portion of the banana finger is dry and tends to adhere to fruits, resembling the ash of a cigar."
What's the fungal disease affecting Sapota leaves due to honeydew-like excretion?,"Sooty mould, caused by Capnodium sp., is the fungal disease affecting Sapota leaves due to honeydew-like excretion secreted by aphids and scale insects.",disease,chunk_225,"Question: What's the fungal disease affecting Sapota leaves due to honeydew-like excretion?
Answer: Sooty mould, caused by Capnodium sp., is the fungal disease affecting Sapota leaves due to honeydew-like excretion secreted by aphids and scale insects."
what does excessive moisture causes.,root rot and other diseases,disease,chunk_226,"Question: what does excessive moisture causes.
Answer: root rot and other diseases"
What environmental conditions favor the development of brown rot or bangle blight in potato plants?,"The favorable conditions for the development of the disease include a temperature range of 25 to 35°C, relative humidity above 50%, and a pH range of 6.2-6.6. Acidic soil is not favorable for the disease development.",disease,chunk_227,"Question: What environmental conditions favor the development of brown rot or bangle blight in potato plants?
Answer: The favorable conditions for the development of the disease include a temperature range of 25 to 35°C, relative humidity above 50%, and a pH range of 6.2-6.6. Acidic soil is not favorable for the disease development."
What's the major disease affecting bananas known as?,"Panama disease, caused by Fusarium oxysporum f. sp. cubense, is the major disease affecting bananas. It is a soil-borne fungal disease that enters the plant through roots and wounds caused by nematodes.",disease,chunk_228,"Question: What's the major disease affecting bananas known as?
Answer: Panama disease, caused by Fusarium oxysporum f. sp. cubense, is the major disease affecting bananas. It is a soil-borne fungal disease that enters the plant through roots and wounds caused by nematodes."
What is the pathogen responsible for Early Blight?,"The pathogen is Alternaria solani. The mycelium is septate, branched, initially light brown but becoming darker with age. Conidiophores are dark-colored, and conidia are beaked, muriform, and dark-colored, borne singly. Each conidium contains 5–10 transverse and a few longitudinal septa.",disease,chunk_229,"Question: What is the pathogen responsible for Early Blight?
Answer: The pathogen is Alternaria solani. The mycelium is septate, branched, initially light brown but becoming darker with age. Conidiophores are dark-colored, and conidia are beaked, muriform, and dark-colored, borne singly. Each conidium contains 5–10 transverse and a few longitudinal septa."
"What's the name of the disease affecting Apple trees, characterized by water-soaked leaves and blackened twigs?","Fire blight, caused by Erwinia amylovora, is the disease affecting Apple trees, characterized by water-soaked leaves, blackened twigs, and wilting of terminal branches.",disease,chunk_230,"Question: What's the name of the disease affecting Apple trees, characterized by water-soaked leaves and blackened twigs?
Answer: Fire blight, caused by Erwinia amylovora, is the disease affecting Apple trees, characterized by water-soaked leaves, blackened twigs, and wilting of terminal branches."
What is the pathogen responsible for Tomato Mosaic Virus (TMV) in tomato plants?,"The pathogen is Tomato mosaic virus (TMV), which is a rod-shaped, non-enveloped virus particle. Its thermal inactivation point is 85 - 90˚C.",disease,chunk_231,"Question: What is the pathogen responsible for Tomato Mosaic Virus (TMV) in tomato plants?
Answer: The pathogen is Tomato mosaic virus (TMV), which is a rod-shaped, non-enveloped virus particle. Its thermal inactivation point is 85 - 90˚C."
"What specific ailment leads to faint, light brown discoloration beneath the skin of fruits in Apple trees?","The disease responsible for faint, light brown discoloration beneath the skin of Apple tree fruits is Bitter rot, caused by Glomerella cingulata.",disease,chunk_232,"Question: What specific ailment leads to faint, light brown discoloration beneath the skin of fruits in Apple trees?
Answer: The disease responsible for faint, light brown discoloration beneath the skin of Apple tree fruits is Bitter rot, caused by Glomerella cingulata."
what causes Cassava mosaic disease,"Cassava mosaic disease (CMD) is caused by several species of single-stranded DNA viruses in the genus Begomovirus, family Geminiviridae.",disease,chunk_233,"Question: what causes Cassava mosaic disease
Answer: Cassava mosaic disease (CMD) is caused by several species of single-stranded DNA viruses in the genus Begomovirus, family Geminiviridae."
which teso region districts are affected by drought.,"Amuria, Bukedea, Kaberamaido, Katakwi, Kumi, Ngora, Serere, and Soroti",disease,chunk_234,"Question: which teso region districts are affected by drought.
Answer: Amuria, Bukedea, Kaberamaido, Katakwi, Kumi, Ngora, Serere, and Soroti"
"What are mosaic viruses, and what are their symptoms in chilli plants?","Mosaic viruses in chilli plants exhibit symptoms such as light green and dark green patches on the leaves, stunted plant growth during early stages, and yellowing, chlorotic ring spots on leaves and fruits.",disease,chunk_235,"Question: What are mosaic viruses, and what are their symptoms in chilli plants?
Answer: Mosaic viruses in chilli plants exhibit symptoms such as light green and dark green patches on the leaves, stunted plant growth during early stages, and yellowing, chlorotic ring spots on leaves and fruits."
What are the signs that your mango tree might have Red-rust?,"Red-rust in mango trees manifests as rusty spots on leaves, initially appearing as circular, slightly elevated spots that coalesce to form irregular spots. The mature spores fall off and leave a cream to white velvet texture on the surface of the leaves.",disease,chunk_236,"Question: What are the signs that your mango tree might have Red-rust?
Answer: Red-rust in mango trees manifests as rusty spots on leaves, initially appearing as circular, slightly elevated spots that coalesce to form irregular spots. The mature spores fall off and leave a cream to white velvet texture on the surface of the leaves."
How does Banana Bunchy Top virus affect banana plants?,"Banana Bunchy Top virus affects banana plants by causing subsequent leaves to show dwarfing, dark broken bands of green tissues on the veins, leaves, and petioles. Plants become extremely stunted, with reduced leaf size, marginal chlorosis, and curling.",disease,chunk_237,"Question: How does Banana Bunchy Top virus affect banana plants?
Answer: Banana Bunchy Top virus affects banana plants by causing subsequent leaves to show dwarfing, dark broken bands of green tissues on the veins, leaves, and petioles. Plants become extremely stunted, with reduced leaf size, marginal chlorosis, and curling."
Which disease make maize leaves to turn yellow,Maize chlorotic mottle virus:,disease,chunk_238,"Question: Which disease make maize leaves to turn yellow
Answer: Maize chlorotic mottle virus:"
What are the symptoms of bacterial leaf spot in chilli plants?,"Symptoms include small circular or irregular, dark brown or black greasy spots on leaves. As the spots enlarge, the center becomes lighter surrounded by a dark band of tissue. Severely affected leaves become chlorotic and fall off. Petioles and stems are also affected, leading to cankerous growth and wilting of branches. On fruits, round, raised water-soaked spots with a pale yellow border develop, which later turn brown and develop a depression in the center with shining droplets of bacterial ooze.",disease,chunk_239,"Question: What are the symptoms of bacterial leaf spot in chilli plants?
Answer: Symptoms include small circular or irregular, dark brown or black greasy spots on leaves. As the spots enlarge, the center becomes lighter surrounded by a dark band of tissue. Severely affected leaves become chlorotic and fall off. Petioles and stems are also affected, leading to cankerous growth and wilting of branches. On fruits, round, raised water-soaked spots with a pale yellow border develop, which later turn brown and develop a depression in the center with shining droplets of bacterial ooze."
How can I increase mango yield?,"Proper irrigation, fertilization, pruning, and pest/disease management are key factors in increasing mango yield. Additionally, selecting high-yielding varieties can help.",disease,chunk_240,"Question: How can I increase mango yield?
Answer: Proper irrigation, fertilization, pruning, and pest/disease management are key factors in increasing mango yield. Additionally, selecting high-yielding varieties can help."
What is the effect of Cassava Mosaic Disease (CMD) in severe condition.,yield losses of up to 100%,disease,chunk_241,"Question: What is the effect of Cassava Mosaic Disease (CMD) in severe condition.
Answer: yield losses of up to 100%"
What is the pathogen causing Bird’s Eye Spot/Anthracnose in grapes?,"The pathogen is Gloeosporium ampelophagum (Elsinoe amphelina). Its mycelium is septate and dark-colored. Conidia are single-celled, oval, and hyaline.",disease,chunk_242,"Question: What is the pathogen causing Bird’s Eye Spot/Anthracnose in grapes?
Answer: The pathogen is Gloeosporium ampelophagum (Elsinoe amphelina). Its mycelium is septate and dark-colored. Conidia are single-celled, oval, and hyaline."
Can you describe the features of the pathogens responsible for gummosis in citrus trees?,"The pathogens causing gummosis in citrus trees have specific characteristics. They have aseptate, intercellular, and intracellular hyphae, along with ovoid or ellipsoid sporangia. These sporangia are attached with the sporangium at right angles and germinate to release zoospores, aiding in the disease's spread within citrus orchards.",disease,chunk_243,"Question: Can you describe the features of the pathogens responsible for gummosis in citrus trees?
Answer: The pathogens causing gummosis in citrus trees have specific characteristics. They have aseptate, intercellular, and intracellular hyphae, along with ovoid or ellipsoid sporangia. These sporangia are attached with the sporangium at right angles and germinate to release zoospores, aiding in the disease's spread within citrus orchards."
What is the pathogen responsible for Sigatoka disease in bananas?,"The pathogen responsible for Sigatoka disease in bananas is Mycosphaerella musicola (Cercospora musae). Its conidia are elongated, narrow, and multi-septate, measuring 20-80 x 2-6 microns, while the perithecia are dark brown to black.",disease,chunk_244,"Question: What is the pathogen responsible for Sigatoka disease in bananas?
Answer: The pathogen responsible for Sigatoka disease in bananas is Mycosphaerella musicola (Cercospora musae). Its conidia are elongated, narrow, and multi-septate, measuring 20-80 x 2-6 microns, while the perithecia are dark brown to black."
"How can mulching benefit tomato plants, and what materials can be used?","Mulching around tomato plants conserves soil moisture, suppresses weed growth, and regulates soil temperature. Organic mulches such as straw, grass clippings, or compost help improve soil structure and fertility as they decompose. Plastic mulches can also be used to warm the soil and promote early growth. Apply mulch around tomato plants, leaving space around the stems to prevent moisture-related diseases and rodent damage.",disease,chunk_245,"Question: How can mulching benefit tomato plants, and what materials can be used?
Answer: Mulching around tomato plants conserves soil moisture, suppresses weed growth, and regulates soil temperature. Organic mulches such as straw, grass clippings, or compost help improve soil structure and fertility as they decompose. Plastic mulches can also be used to warm the soil and promote early growth. Apply mulch around tomato plants, leaving space around the stems to prevent moisture-related diseases and rodent damage."
How can Bird’s Eye Spot/Anthracnose in grapes be managed?,Removal of infected twigs and application of Copper oxychloride 0.2% or Mancozeb 0.25%.,disease,chunk_246,"Question: How can Bird’s Eye Spot/Anthracnose in grapes be managed?
Answer: Removal of infected twigs and application of Copper oxychloride 0.2% or Mancozeb 0.25%."
How can Sigatoka disease in bananas be managed effectively?,"Effective management of Sigatoka disease in bananas involves removing and destroying affected leaves, as well as spraying with Propiconazole + Carbendazim 0.1% or Chlorothalonil 0.25%. Additionally, adding a wetting agent such as teepol or sandovit at a rate of 1ml/lit of water can help control the disease.",disease,chunk_247,"Question: How can Sigatoka disease in bananas be managed effectively?
Answer: Effective management of Sigatoka disease in bananas involves removing and destroying affected leaves, as well as spraying with Propiconazole + Carbendazim 0.1% or Chlorothalonil 0.25%. Additionally, adding a wetting agent such as teepol or sandovit at a rate of 1ml/lit of water can help control the disease."
What are the symptoms of Anthracnose in bananas?,"The skin at the distal ends of the fingers turns black and shrivels. The fungus produces masses of conidia which form a pinkish coat. In severe cases, the entire fruit and bunch is affected.",disease,chunk_248,"Question: What are the symptoms of Anthracnose in bananas?
Answer: The skin at the distal ends of the fingers turns black and shrivels. The fungus produces masses of conidia which form a pinkish coat. In severe cases, the entire fruit and bunch is affected."
How does Moko disease spread in banana plants?,"Moko disease spreads in banana plants through soil, as the pathogen survives in susceptible hosts like bananas and Heliconia spp.",disease,chunk_249,"Question: How does Moko disease spread in banana plants?
Answer: Moko disease spreads in banana plants through soil, as the pathogen survives in susceptible hosts like bananas and Heliconia spp."
What's the disease affecting Sapota leaves characterized by small spots?,"Leaf spot, caused by Phaeoleospora indica, is the disease affecting Sapota leaves, characterized by numerous, small, pinkish to reddish-brown spots with whitish centers.",disease,chunk_250,"Question: What's the disease affecting Sapota leaves characterized by small spots?
Answer: Leaf spot, caused by Phaeoleospora indica, is the disease affecting Sapota leaves, characterized by numerous, small, pinkish to reddish-brown spots with whitish centers."
how can farmers ensure proper drainage.,Ensuring that fields are properly drained can help to reduce the risk of infection.,disease,chunk_251,"Question: how can farmers ensure proper drainage.
Answer: Ensuring that fields are properly drained can help to reduce the risk of infection."
What are the symptoms of downy mildew in grapes?,"Irregular, yellowish, translucent spots on the upper surface of the leaves. White, powdery growth on the lower surface. Affected leaves turn yellow, brown, and dry out. Premature defoliation. Dwarfing of tender shoots. Brown, sunken lesions on the stem. White fungus growth on berries, which become leathery and shriveled. Soft rot symptoms may develop in infected berries. No cracking of the berry skin.",disease,chunk_252,"Question: What are the symptoms of downy mildew in grapes?
Answer: Irregular, yellowish, translucent spots on the upper surface of the leaves. White, powdery growth on the lower surface. Affected leaves turn yellow, brown, and dry out. Premature defoliation. Dwarfing of tender shoots. Brown, sunken lesions on the stem. White fungus growth on berries, which become leathery and shriveled. Soft rot symptoms may develop in infected berries. No cracking of the berry skin."
What are the key aspects of the epidemiology of Pythium root rot?,The fungus is mainly soil-borne and thrives in poorly drained conditions with stagnant water. High soil moisture or continuous rain can accelerate the development of the disease.,disease,chunk_253,"Question: What are the key aspects of the epidemiology of Pythium root rot?
Answer: The fungus is mainly soil-borne and thrives in poorly drained conditions with stagnant water. High soil moisture or continuous rain can accelerate the development of the disease."
What's the name of the disease characterized by small spots on Sapota leaves?,"The disease affecting Sapota leaves, marked by small spots, is known as leaf spot, caused by Phaeoleospora indica.",disease,chunk_254,"Question: What's the name of the disease characterized by small spots on Sapota leaves?
Answer: The disease affecting Sapota leaves, marked by small spots, is known as leaf spot, caused by Phaeoleospora indica."
How can Freckle or Black Spot in bananas be managed?,Freckle or Black Spot in bananas can be managed by spraying Copper oxychloride 0.25% and adding a wetting agent such as teepol or sandovit at a rate of 1ml/lit of water.,disease,chunk_255,"Question: How can Freckle or Black Spot in bananas be managed?
Answer: Freckle or Black Spot in bananas can be managed by spraying Copper oxychloride 0.25% and adding a wetting agent such as teepol or sandovit at a rate of 1ml/lit of water."
"What disease affects bananas' leaves, causing light yellow or brownish green streaks?","Sigatoka disease, caused by Mycosphaerella musicola (Cercospora musae)",disease,chunk_256,"Question: What disease affects bananas' leaves, causing light yellow or brownish green streaks?
Answer: Sigatoka disease, caused by Mycosphaerella musicola (Cercospora musae)"
what are the signs and symptoms of CBB disease?,"The disease causes wilting, yellowing of the leaves, and rotting of the stems and roots",disease,chunk_257,"Question: what are the signs and symptoms of CBB disease?
Answer: The disease causes wilting, yellowing of the leaves, and rotting of the stems and roots"
What are common pests and diseases affecting sapota trees?,"Common sapota pests include fruit flies, mealybugs, scales, and aphids, while diseases such as anthracnose, powdery mildew, and root rot can affect sapota trees. Integrated pest management (IPM) practices involving cultural, biological, and chemical control methods are used to manage pests and diseases.",disease,chunk_258,"Question: What are common pests and diseases affecting sapota trees?
Answer: Common sapota pests include fruit flies, mealybugs, scales, and aphids, while diseases such as anthracnose, powdery mildew, and root rot can affect sapota trees. Integrated pest management (IPM) practices involving cultural, biological, and chemical control methods are used to manage pests and diseases."
What are the symptoms of Bacterial Leaf Spot in tomato plants?,"Symptoms include small, brown, water-soaked circular spots on infected leaves surrounded by a yellowish halo. On older plants, leaflet infection is mostly on older leaves and may cause serious defoliation. On green fruit, small water-soaked spots first appear, which later become raised and enlarge until they are one-eighth to one-fourth inch in diameter. Ripe fruits are not susceptible to the disease.",disease,chunk_259,"Question: What are the symptoms of Bacterial Leaf Spot in tomato plants?
Answer: Symptoms include small, brown, water-soaked circular spots on infected leaves surrounded by a yellowish halo. On older plants, leaflet infection is mostly on older leaves and may cause serious defoliation. On green fruit, small water-soaked spots first appear, which later become raised and enlarge until they are one-eighth to one-fourth inch in diameter. Ripe fruits are not susceptible to the disease."
list common signs of sucking pest.,"ellowing leaves, stunted growth, distorted leaves, and a general decline in plant health. Severe infestations can also cause wilting, defoliation, and even death of the plant.",disease,chunk_260,"Question: list common signs of sucking pest.
Answer: ellowing leaves, stunted growth, distorted leaves, and a general decline in plant health. Severe infestations can also cause wilting, defoliation, and even death of the plant."
how can insects spread bacterial blight.,"Insects such as whiteflies and leafhoppers can spread the disease from infected plants to healthy ones. The bacterium can live and multiply within the insect, which then transmits it to other plants when it feeds.",disease,chunk_261,"Question: how can insects spread bacterial blight.
Answer: Insects such as whiteflies and leafhoppers can spread the disease from infected plants to healthy ones. The bacterium can live and multiply within the insect, which then transmits it to other plants when it feeds."
How can Anthracnose in guava trees be effectively controlled?,Effective management of Anthracnose in guava trees involves spraying with fungicides like Mancozeb at a concentration of 0.25% and implementing cultural practices such as proper sanitation and pruning to mitigate disease spread.,disease,chunk_262,"Question: How can Anthracnose in guava trees be effectively controlled?
Answer: Effective management of Anthracnose in guava trees involves spraying with fungicides like Mancozeb at a concentration of 0.25% and implementing cultural practices such as proper sanitation and pruning to mitigate disease spread."
How does Anthracnose spread within mango orchards?,"Anthracnose spreads within mango orchards through various means. The pathogen survives on dried leaves, defoliated branches, mummified flowers, and flower brackets. Secondary spread occurs through contact with diseased fruit during transport and storage, as well as through airborne conidia.",disease,chunk_263,"Question: How does Anthracnose spread within mango orchards?
Answer: Anthracnose spreads within mango orchards through various means. The pathogen survives on dried leaves, defoliated branches, mummified flowers, and flower brackets. Secondary spread occurs through contact with diseased fruit during transport and storage, as well as through airborne conidia."
When should the first spraying of chemicals be applied to control fruit rot and die back in chilli plants?,The first spraying should be given just before flowering to control fruit rot and die back in chilli plants effectively.,disease,chunk_264,"Question: When should the first spraying of chemicals be applied to control fruit rot and die back in chilli plants?
Answer: The first spraying should be given just before flowering to control fruit rot and die back in chilli plants effectively."
which fungus causes Cassava Anthracnose Disease (CAD) .,It is caused by the fungus Colletotrichum gloeosporioides.,disease,chunk_265,"Question: which fungus causes Cassava Anthracnose Disease (CAD) .
Answer: It is caused by the fungus Colletotrichum gloeosporioides."
What are the signs that your mango tree might have Anthracnose?,"Anthracnose in mango trees manifests through various symptoms. Leaves may display oval or irregular greyish-brown spots, which can coalesce to cover larger areas before drying and shredding. Infected petioles may cause leaves to droop and fall. On young stems, grey-brown spots develop, enlarging and causing girdling and drying. Black necrotic areas may develop on twigs, causing dieback. Additionally, minute black dots may appear on floral organs, leading to partial or complete deblossoming. Infected fruits may show black spots on the skin, which gradually become sunken and coalesce.",disease,chunk_266,"Question: What are the signs that your mango tree might have Anthracnose?
Answer: Anthracnose in mango trees manifests through various symptoms. Leaves may display oval or irregular greyish-brown spots, which can coalesce to cover larger areas before drying and shredding. Infected petioles may cause leaves to droop and fall. On young stems, grey-brown spots develop, enlarging and causing girdling and drying. Black necrotic areas may develop on twigs, causing dieback. Additionally, minute black dots may appear on floral organs, leading to partial or complete deblossoming. Infected fruits may show black spots on the skin, which gradually become sunken and coalesce."
what is pest control.,"is the regulation or management of a species defined as a pest; such as any animal, plant or fungus that impacts adversely on human activities or environment",disease,chunk_267,"Question: what is pest control.
Answer: is the regulation or management of a species defined as a pest; such as any animal, plant or fungus that impacts adversely on human activities or environment"
Which cassava disease is the most devastation in Uganda?,Cassava Brown Streak Disease (CBSD),disease,chunk_268,"Question: Which cassava disease is the most devastation in Uganda?
Answer: Cassava Brown Streak Disease (CBSD)"
which organic matter help improve soil fertility.,compost or well-rotted manure,disease,chunk_269,"Question: which organic matter help improve soil fertility.
Answer: compost or well-rotted manure"
what is the major cassava disease?,Cassava Mosaic Disease (CMD),disease,chunk_270,"Question: what is the major cassava disease?
Answer: Cassava Mosaic Disease (CMD)"
what is rotenone?,Rotenone is a plant extract found in some species within the pea family,disease,chunk_271,"Question: what is rotenone?
Answer: Rotenone is a plant extract found in some species within the pea family"
What are the symptoms of cercospora leaf spot in chilli plants?,"Symptoms include brown circular leaf lesions with small to large light grey centers and dark brown margins. Lesions may enlarge to 1cm or more in diameter and sometimes coalesce. Stem, petiole, and pod lesions also have light grey centers with dark borders, typically elliptical. Severely infected leaves drop off prematurely, resulting in reduced yield.",disease,chunk_272,"Question: What are the symptoms of cercospora leaf spot in chilli plants?
Answer: Symptoms include brown circular leaf lesions with small to large light grey centers and dark brown margins. Lesions may enlarge to 1cm or more in diameter and sometimes coalesce. Stem, petiole, and pod lesions also have light grey centers with dark borders, typically elliptical. Severely infected leaves drop off prematurely, resulting in reduced yield."
what are some of the challenges faced by S. exempta.,"predators, parasites, parasitoids, diseases, and viruses",disease,chunk_273,"Question: what are some of the challenges faced by S. exempta.
Answer: predators, parasites, parasitoids, diseases, and viruses"
How can bud rot in coconut palms be managed?,"To manage bud rot in coconut palms, badly affected trees beyond recovery should be removed and burned. In the early stage of the disease, infected tissue should be thoroughly removed by cutting the infected spindle along with two surrounding leaves, and the cut portion should be protected with Bordeaux paste. Prophylactic spray with 1% Bordeaux mixture should be applied to all healthy palms in the vicinity of the diseased ones and before the onset of monsoon rains.",disease,chunk_274,"Question: How can bud rot in coconut palms be managed?
Answer: To manage bud rot in coconut palms, badly affected trees beyond recovery should be removed and burned. In the early stage of the disease, infected tissue should be thoroughly removed by cutting the infected spindle along with two surrounding leaves, and the cut portion should be protected with Bordeaux paste. Prophylactic spray with 1% Bordeaux mixture should be applied to all healthy palms in the vicinity of the diseased ones and before the onset of monsoon rains."
Describe the symptoms of Alternaria rot in chilli plants.,"Alternaria rot in chilli plants manifests as dusty black spores on fruit spots, large lesions ranging from greenish-brown to brown covered with grayish-brown mold, and the presence of alternating light and dark-brown concentric zones on larger lesions. While it often follows blossom-end rot, this disease can also occur due to injuries, chilling, and other decays affecting the plant.",disease,chunk_275,"Question: Describe the symptoms of Alternaria rot in chilli plants.
Answer: Alternaria rot in chilli plants manifests as dusty black spores on fruit spots, large lesions ranging from greenish-brown to brown covered with grayish-brown mold, and the presence of alternating light and dark-brown concentric zones on larger lesions. While it often follows blossom-end rot, this disease can also occur due to injuries, chilling, and other decays affecting the plant."
"What is the disease known as cercospora leaf spot in chilli, and what is the causative pathogen?",Cercospora leaf spot in chilli is caused by Cercospora capsici.,disease,chunk_276,"Question: What is the disease known as cercospora leaf spot in chilli, and what is the causative pathogen?
Answer: Cercospora leaf spot in chilli is caused by Cercospora capsici."
What's the fungal disease that affects Sapota leaves and produces black growth?,"Sooty mould, caused by Capnodium sp., is the fungal disease that affects Sapota leaves, producing black growth.",disease,chunk_277,"Question: What's the fungal disease that affects Sapota leaves and produces black growth?
Answer: Sooty mould, caused by Capnodium sp., is the fungal disease that affects Sapota leaves, producing black growth."
What is the cause of Freckle or Black Spot in bananas?,Freckle or Black Spot in bananas is caused by Phyllostictina musarum.,disease,chunk_278,"Question: What is the cause of Freckle or Black Spot in bananas?
Answer: Freckle or Black Spot in bananas is caused by Phyllostictina musarum."
What measures can be taken to control Freckle or Black Spot in bananas?,"To control Freckle or Black Spot in bananas, measures include spraying Copper oxychloride 0.25% and adding a wetting agent such as teepol or sandovit at a rate of 1ml/lit of water.",disease,chunk_279,"Question: What measures can be taken to control Freckle or Black Spot in bananas?
Answer: To control Freckle or Black Spot in bananas, measures include spraying Copper oxychloride 0.25% and adding a wetting agent such as teepol or sandovit at a rate of 1ml/lit of water."
what  is the role of Center for Disease Control(CDC). ,"to prevent �illness, disability and death due to domestic and imported foodborne diseases",disease,chunk_280,"Question: what  is the role of Center for Disease Control(CDC). 
Answer: to prevent �illness, disability and death due to domestic and imported foodborne diseases"
How does Powdery mildew proliferate within mango orchards?,"Powdery mildew proliferates within mango orchards primarily by surviving as dormant mycelium in affected leaves. Secondary spread occurs through airborne conidia. During the disease cycle, spores blown by wind from infected areas adhere to hairy, unopened flowers near the tip of the inflorescence and germinate within five to seven hours. The fungus grows rapidly during cloudy weather accompanied by heavy morning mist. Warm, humid weather and low",disease,chunk_281,"Question: How does Powdery mildew proliferate within mango orchards?
Answer: Powdery mildew proliferates within mango orchards primarily by surviving as dormant mycelium in affected leaves. Secondary spread occurs through airborne conidia. During the disease cycle, spores blown by wind from infected areas adhere to hairy, unopened flowers near the tip of the inflorescence and germinate within five to seven hours. The fungus grows rapidly during cloudy weather accompanied by heavy morning mist. Warm, humid weather and low"
How does the Plant Quarantine Clearance (2011) policy prevent the spread of pests and diseases?,"Aimed at preventing the spread of pests and diseases, this policy facilitates safe trade of plant and plant products.",disease,chunk_282,"Question: How does the Plant Quarantine Clearance (2011) policy prevent the spread of pests and diseases?
Answer: Aimed at preventing the spread of pests and diseases, this policy facilitates safe trade of plant and plant products."
How can I ensure the health of my guava trees with some basic practices?,"Ensuring the health of guava trees involves regular pruning to eliminate diseased or dead branches, providing proper spacing between trees for optimal air circulation, refraining from overhead irrigation to minimize humidity, and conducting frequent checks for pests and diseases.",disease,chunk_283,"Question: How can I ensure the health of my guava trees with some basic practices?
Answer: Ensuring the health of guava trees involves regular pruning to eliminate diseased or dead branches, providing proper spacing between trees for optimal air circulation, refraining from overhead irrigation to minimize humidity, and conducting frequent checks for pests and diseases."
What are the ideal growing conditions?,"Mangoes thrive in tropical climates with temperatures between 25°C to 30°C, well-drained soil, and ample sunlight. They require regular watering and protection from frost.",disease,chunk_284,"Question: What are the ideal growing conditions?
Answer: Mangoes thrive in tropical climates with temperatures between 25°C to 30°C, well-drained soil, and ample sunlight. They require regular watering and protection from frost."
what is the proper storage facility for cassava plant.,"Cassava should be stored in a cool, dry, and well-ventilated place to prevent mold growth and rotting",disease,chunk_285,"Question: what is the proper storage facility for cassava plant.
Answer: Cassava should be stored in a cool, dry, and well-ventilated place to prevent mold growth and rotting"
"What are the characteristics of Fusarium oxysporum f.sp. capsici, the pathogen causing fusarium wilt in chilli plants?","Mycelium is grayish white. Microconidia are formed singly, hyaline, and cylindrical. Macroconidia are cylindrical to falcate. Chlamydospores are globose to oval and rough-walled.",disease,chunk_286,"Question: What are the characteristics of Fusarium oxysporum f.sp. capsici, the pathogen causing fusarium wilt in chilli plants?
Answer: Mycelium is grayish white. Microconidia are formed singly, hyaline, and cylindrical. Macroconidia are cylindrical to falcate. Chlamydospores are globose to oval and rough-walled."
what is cassava mosaic disease.,"This is a viral disease that causes yellowing and mottling of the leaves, stunted growth, and reduced yield",disease,chunk_287,"Question: what is cassava mosaic disease.
Answer: This is a viral disease that causes yellowing and mottling of the leaves, stunted growth, and reduced yield"
"What are common pests and diseases affecting potatoes, and how can I manage them?","Common potato pests include Colorado potato beetles, potato aphids, potato tuber moths, and wireworms, while diseases such as late blight, early blight, and potato scab can affect potato plants. Integrated pest management (IPM) practices involving cultural, biological, and chemical control methods are used to manage pests and diseases.",disease,chunk_288,"Question: What are common pests and diseases affecting potatoes, and how can I manage them?
Answer: Common potato pests include Colorado potato beetles, potato aphids, potato tuber moths, and wireworms, while diseases such as late blight, early blight, and potato scab can affect potato plants. Integrated pest management (IPM) practices involving cultural, biological, and chemical control methods are used to manage pests and diseases."
How can I maximize mango production?,"To maximize mango yield, ensure proper irrigation, fertilization, pruning, and management of pests and diseases. Additionally, selecting high-yielding varieties can help.",disease,chunk_289,"Question: How can I maximize mango production?
Answer: To maximize mango yield, ensure proper irrigation, fertilization, pruning, and management of pests and diseases. Additionally, selecting high-yielding varieties can help."
Describe the symptoms caused by mosaic viruses in chilli plants.,"Symptoms of mosaic viruses in chilli plants include the appearance of light green and dark green patches on the leaves, stunted growth during early stages, and the presence of yellowing, chlorotic ring spots on both leaves and fruits.",disease,chunk_290,"Question: Describe the symptoms caused by mosaic viruses in chilli plants.
Answer: Symptoms of mosaic viruses in chilli plants include the appearance of light green and dark green patches on the leaves, stunted growth during early stages, and the presence of yellowing, chlorotic ring spots on both leaves and fruits."
What is the pathogen responsible for Tomato Spotted Wilt Disease (TSWV)?,"The pathogen is Tomato Spotted Wilt Virus (TSWV), which consists of isometric particles approximately 70 to 90nm in diameter. The thermal inactivation point of the virus is 40˚C.",disease,chunk_291,"Question: What is the pathogen responsible for Tomato Spotted Wilt Disease (TSWV)?
Answer: The pathogen is Tomato Spotted Wilt Virus (TSWV), which consists of isometric particles approximately 70 to 90nm in diameter. The thermal inactivation point of the virus is 40˚C."
What microorganism is responsible for Soft rot in Apple trees?,"The causal agent of Soft rot in Apple trees is the fungus Penicillium expansum, which forms conidiophores with 1-3 main branches, producing dense whorls of branchlets. Its conidia appear green or bluish-green in mass and are arranged in chains.",disease,chunk_292,"Question: What microorganism is responsible for Soft rot in Apple trees?
Answer: The causal agent of Soft rot in Apple trees is the fungus Penicillium expansum, which forms conidiophores with 1-3 main branches, producing dense whorls of branchlets. Its conidia appear green or bluish-green in mass and are arranged in chains."
 can delaying weeding cassava cause cassava mosaic,"Delaying weeding in cassava fields can create favorable conditions for the spread of Cassava Mosaic Disease (CMD). Weeds can act as alternative hosts for the whiteflies that transmit the virus responsible for CMD. When weeds are left to grow and multiply in the cassava field, they can attract whiteflies and serve as a reservoir for the virus. These whiteflies can then spread the virus to the cassava plants, leading to infection and the development of mosaic symptoms.",disease,chunk_293,"Question:  can delaying weeding cassava cause cassava mosaic
Answer: Delaying weeding in cassava fields can create favorable conditions for the spread of Cassava Mosaic Disease (CMD). Weeds can act as alternative hosts for the whiteflies that transmit the virus responsible for CMD. When weeds are left to grow and multiply in the cassava field, they can attract whiteflies and serve as a reservoir for the virus. These whiteflies can then spread the virus to the cassava plants, leading to infection and the development of mosaic symptoms."
"What diseases are citrus trees susceptible to, and how can I prevent them?","Citrus trees are vulnerable to diseases such as citrus greening (HLB), citrus canker, and citrus black spot. Preventative measures include regular inspection, proper sanitation, and disease-resistant varieties.",disease,chunk_294,"Question: What diseases are citrus trees susceptible to, and how can I prevent them?
Answer: Citrus trees are vulnerable to diseases such as citrus greening (HLB), citrus canker, and citrus black spot. Preventative measures include regular inspection, proper sanitation, and disease-resistant varieties."
"What's the disease that affects guava foliage, young shoots, and fruit?","Guava rust, caused by Puccinia psidii, is the disease that affects guava foliage, young shoots, inflorescences, and fruit.",disease,chunk_295,"Question: What's the disease that affects guava foliage, young shoots, and fruit?
Answer: Guava rust, caused by Puccinia psidii, is the disease that affects guava foliage, young shoots, inflorescences, and fruit."
how can farmers mitigate leaf shedding in cassava during the dry season,"Irrigation: Providing supplemental irrigation to cassava plants during dry periods can help alleviate water stress and maintain adequate soil moisture levels.

Mulching: Applying organic mulch around the cassava plants can help conserve soil moisture, regulate soil temperature, and reduce water evaporation from the soil surface.

Fertilization: Ensuring optimal nutrient levels through balanced fertilization can help maintain the health and vigor of cassava plants, reducing the risk of nutrient deficiencies and associated leaf shedding.

Pest and disease management: Implementing appropriate pest and disease control measures, such as regular scouting and timely application of recommended treatments, can help minimize leaf damage and subsequent leaf shedding.",disease,chunk_296,"Question: how can farmers mitigate leaf shedding in cassava during the dry season
Answer: Irrigation: Providing supplemental irrigation to cassava plants during dry periods can help alleviate water stress and maintain adequate soil moisture levels.

Mulching: Applying organic mulch around the cassava plants can help conserve soil moisture, regulate soil temperature, and reduce water evaporation from the soil surface.

Fertilization: Ensuring optimal nutrient levels through balanced fertilization can help maintain the health and vigor of cassava plants, reducing the risk of nutrient deficiencies and associated leaf shedding.

Pest and disease management: Implementing appropriate pest and disease control measures, such as regular scouting and timely application of recommended treatments, can help minimize leaf damage and subsequent leaf shedding."
what are some of the symptoms  and signs of CAD,"small, circular, water-soaked spots on leaves that expand into larger, dark brown or black lesions. Infected leaves may become distorted and dry up",disease,chunk_297,"Question: what are some of the symptoms  and signs of CAD
Answer: small, circular, water-soaked spots on leaves that expand into larger, dark brown or black lesions. Infected leaves may become distorted and dry up"
Describe the appearance of lesions caused by bacterial leaf spot in chilli plants.,"Lesions caused by bacterial leaf spot in chilli plants are small circular or irregular, dark brown or black greasy spots on leaves. As the spots enlarge, the center becomes lighter surrounded by a dark band of tissue.",disease,chunk_298,"Question: Describe the appearance of lesions caused by bacterial leaf spot in chilli plants.
Answer: Lesions caused by bacterial leaf spot in chilli plants are small circular or irregular, dark brown or black greasy spots on leaves. As the spots enlarge, the center becomes lighter surrounded by a dark band of tissue."
What is the term used to describe the disease that causes dark lesions on Apple leaves and fruits?,The disease that causes dark lesions on Apple leaves and fruits is referred to as Scab. It is primarily caused by the fungus Venturia inaequalis.,disease,chunk_299,"Question: What is the term used to describe the disease that causes dark lesions on Apple leaves and fruits?
Answer: The disease that causes dark lesions on Apple leaves and fruits is referred to as Scab. It is primarily caused by the fungus Venturia inaequalis."
What management practices can be used to control Alternaria rot in chilli plants?,"Management practices to control Alternaria rot in chilli plants include a pre-storage dry heat treatment or hot water dip, which have been found effective in reducing storage rots caused by Alternaria alternata. Treatments involving hot air at 38°C for 48-72 hours or hot water at 50°C to 53°C for 2 to 3 minutes resulted in a reduction in the pathogenicity and development of these pathogens in inoculated peppers.",disease,chunk_300,"Question: What management practices can be used to control Alternaria rot in chilli plants?
Answer: Management practices to control Alternaria rot in chilli plants include a pre-storage dry heat treatment or hot water dip, which have been found effective in reducing storage rots caused by Alternaria alternata. Treatments involving hot air at 38°C for 48-72 hours or hot water at 50°C to 53°C for 2 to 3 minutes resulted in a reduction in the pathogenicity and development of these pathogens in inoculated peppers."
What's the disease affecting bananas known as?,"Tip over or Heart rot, caused by Erwinia carotovora subsp. carotovora, is the disease affecting bananas. It leads to rotting at the base of the pseudostem and upper portion of the corm, particularly affecting young 1-3 month old plantations during summer months.",disease,chunk_301,"Question: What's the disease affecting bananas known as?
Answer: Tip over or Heart rot, caused by Erwinia carotovora subsp. carotovora, is the disease affecting bananas. It leads to rotting at the base of the pseudostem and upper portion of the corm, particularly affecting young 1-3 month old plantations during summer months."
What are the symptoms of Septoria Leaf Spot in tomato plants?,"Septoria Leaf Spot, caused by Septoria lycopersici, is characterized by numerous, small, grey, circular leaf spots with dark borders.",disease,chunk_302,"Question: What are the symptoms of Septoria Leaf Spot in tomato plants?
Answer: Septoria Leaf Spot, caused by Septoria lycopersici, is characterized by numerous, small, grey, circular leaf spots with dark borders."
What are the characteristics of the pathogen causing black scurf in potato plants?,"The pathogen causing black scurf in potato plants is Rhizoctonia solani. Its mycelium is initially hyaline and turns brown at maturity. Hyphae are septate and branched with a characteristic constriction at their junction with the main hyphae. The branches arise at a right angle to the main axis. Sclerotia are black. Basidia bear four sterigmata, each with a basidiospore at the end. Basidiospores are hyaline, elliptical to obovate, and thin-walled, capable of forming secondary basidiospores.",disease,chunk_303,"Question: What are the characteristics of the pathogen causing black scurf in potato plants?
Answer: The pathogen causing black scurf in potato plants is Rhizoctonia solani. Its mycelium is initially hyaline and turns brown at maturity. Hyphae are septate and branched with a characteristic constriction at their junction with the main hyphae. The branches arise at a right angle to the main axis. Sclerotia are black. Basidia bear four sterigmata, each with a basidiospore at the end. Basidiospores are hyaline, elliptical to obovate, and thin-walled, capable of forming secondary basidiospores."
How does Botrytis cinerea spread and survive?,"High relative humidities are necessary for prolific spore production, and optimum temperatures for infection range between 65° and 75° F (18° and 24° C). Infection can occur within 5 hours under suitable conditions. However, high temperatures above 82° F (28° C) suppress growth and spore production.",disease,chunk_304,"Question: How does Botrytis cinerea spread and survive?
Answer: High relative humidities are necessary for prolific spore production, and optimum temperatures for infection range between 65° and 75° F (18° and 24° C). Infection can occur within 5 hours under suitable conditions. However, high temperatures above 82° F (28° C) suppress growth and spore production."
How can Bitter rot be identified in Apple trees based on observable signs?,"Bitter rot in Apple trees is characterized by faint, light brown discoloration beneath the fruit skin, which expands in a cone shape. The lesions become circular and rough, covering large areas of the fruit. Black dots emerge beneath the cuticle, forming acervuli, while pink masses of spores arrange in distinct rings.",disease,chunk_305,"Question: How can Bitter rot be identified in Apple trees based on observable signs?
Answer: Bitter rot in Apple trees is characterized by faint, light brown discoloration beneath the fruit skin, which expands in a cone shape. The lesions become circular and rough, covering large areas of the fruit. Black dots emerge beneath the cuticle, forming acervuli, while pink masses of spores arrange in distinct rings."
What strategies can be employed to control Panama disease in banana plants?,"To control Panama disease in banana plants, strategies include avoiding susceptible banana cultivars and opting for resistant ones like Poovan. Additionally, pairing and prolining with Carbofuran granules and corm injection of 2% Carbendazim at specific intervals can be effective.",disease,chunk_306,"Question: What strategies can be employed to control Panama disease in banana plants?
Answer: To control Panama disease in banana plants, strategies include avoiding susceptible banana cultivars and opting for resistant ones like Poovan. Additionally, pairing and prolining with Carbofuran granules and corm injection of 2% Carbendazim at specific intervals can be effective."
What treatment options are available for managing gummosis in citrus trees?,"Several treatment options are available for managing gummosis in citrus trees. These include scraping diseased portions, disinfecting with solutions such as Mercuric chloride or Potassium permanganate, and painting with Bordeaux mixture to control the spread of the disease. Additionally, applying fungicides like Ridomil MZ 72 or Aliette at specified concentrations can effectively manage gummosis and protect citrus trees from further damage.",disease,chunk_307,"Question: What treatment options are available for managing gummosis in citrus trees?
Answer: Several treatment options are available for managing gummosis in citrus trees. These include scraping diseased portions, disinfecting with solutions such as Mercuric chloride or Potassium permanganate, and painting with Bordeaux mixture to control the spread of the disease. Additionally, applying fungicides like Ridomil MZ 72 or Aliette at specified concentrations can effectively manage gummosis and protect citrus trees from further damage."
"What is the name of the disease affecting Apple leaves and fruits, characterized by the presence of dark lesions?","The disease affecting Apple leaves and fruits, characterized by dark lesions, is called Scab. It is caused by the fungus Venturia inaequalis.",disease,chunk_308,"Question: What is the name of the disease affecting Apple leaves and fruits, characterized by the presence of dark lesions?
Answer: The disease affecting Apple leaves and fruits, characterized by dark lesions, is called Scab. It is caused by the fungus Venturia inaequalis."
"What is the disease that affects guava foliage, young shoots, and fruit?","The disease affecting guava foliage, young shoots, inflorescences, and fruit is Guava rust, caused by Puccinia psidii.",disease,chunk_309,"Question: What is the disease that affects guava foliage, young shoots, and fruit?
Answer: The disease affecting guava foliage, young shoots, inflorescences, and fruit is Guava rust, caused by Puccinia psidii."
What are the visible signs of bacterial leaf spot infection in chilli plants?,"Visible signs of bacterial leaf spot infection in chilli plants include the development of small circular or irregular, dark brown or black greasy spots on leaves, which enlarge over time. Severely affected leaves may become chlorotic and fall off, and on fruits, round, raised water-soaked spots with a pale yellow border develop, later turning brown with a depression in the center and shining droplets of bacterial ooze.",disease,chunk_310,"Question: What are the visible signs of bacterial leaf spot infection in chilli plants?
Answer: Visible signs of bacterial leaf spot infection in chilli plants include the development of small circular or irregular, dark brown or black greasy spots on leaves, which enlarge over time. Severely affected leaves may become chlorotic and fall off, and on fruits, round, raised water-soaked spots with a pale yellow border develop, later turning brown with a depression in the center and shining droplets of bacterial ooze."
What are the symptoms of bacterial leaf spot in chilli plants?,"Symptoms of bacterial leaf spot in chilli plants include dark, water-soaked lesions on the leaves that later turn brown and necrotic.",disease,chunk_311,"Question: What are the symptoms of bacterial leaf spot in chilli plants?
Answer: Symptoms of bacterial leaf spot in chilli plants include dark, water-soaked lesions on the leaves that later turn brown and necrotic."
What pruning techniques should I use for optimal citrus tree growth and fruit yield?,"To promote optimal growth and fruit production, prune citrus trees by removing dead or diseased branches, shaping the canopy for sunlight penetration, and thinning crowded branches to improve airflow and facilitate fruit development.",disease,chunk_312,"Question: What pruning techniques should I use for optimal citrus tree growth and fruit yield?
Answer: To promote optimal growth and fruit production, prune citrus trees by removing dead or diseased branches, shaping the canopy for sunlight penetration, and thinning crowded branches to improve airflow and facilitate fruit development."
What strategies are effective in controlling Infectious chlorosis in bananas?,"Effective strategies for controlling Infectious chlorosis in bananas include destroying infected plants, using disease-free suckers, and controlling the vector through spraying systemic insecticide at 0.1%.",disease,chunk_313,"Question: What strategies are effective in controlling Infectious chlorosis in bananas?
Answer: Effective strategies for controlling Infectious chlorosis in bananas include destroying infected plants, using disease-free suckers, and controlling the vector through spraying systemic insecticide at 0.1%."
How does the Bitter rot fungus persist and disseminate in Apple trees?,"The Bitter rot fungus persists in mummified fruit, bark crevices, and cankers created by itself or other diseases such as fire blight. It can also survive in damaged limb edges. The fungus infects unbroken fruit skin, and its spores are disseminated by water during rainfall throughout the growing season. Various factors including fruit maturity, temperature, humidity, and disease prevalence affect the timing of Bitter rot appearance.",disease,chunk_314,"Question: How does the Bitter rot fungus persist and disseminate in Apple trees?
Answer: The Bitter rot fungus persists in mummified fruit, bark crevices, and cankers created by itself or other diseases such as fire blight. It can also survive in damaged limb edges. The fungus infects unbroken fruit skin, and its spores are disseminated by water during rainfall throughout the growing season. Various factors including fruit maturity, temperature, humidity, and disease prevalence affect the timing of Bitter rot appearance."
What steps should be taken to control Anthracnose in guava trees?,Controlling Anthracnose in guava trees involves utilizing fungicides like Mancozeb at a 0.25% concentration and implementing cultural practices such as proper sanitation and pruning to minimize disease propagation.,disease,chunk_315,"Question: What steps should be taken to control Anthracnose in guava trees?
Answer: Controlling Anthracnose in guava trees involves utilizing fungicides like Mancozeb at a 0.25% concentration and implementing cultural practices such as proper sanitation and pruning to minimize disease propagation."
What is the pathogen causing powdery mildew in grapes?,"The pathogen is Uncinula necator. The white growth consists of mycelium, conidiophores, and conidia. Mycelium is external, septate, and hyaline. Conidiophores are short and arise from external mycelium. Conidia are produced in chains, single-celled, hyaline, and barrel-shaped. The fungus is oidium type.",disease,chunk_316,"Question: What is the pathogen causing powdery mildew in grapes?
Answer: The pathogen is Uncinula necator. The white growth consists of mycelium, conidiophores, and conidia. Mycelium is external, septate, and hyaline. Conidiophores are short and arise from external mycelium. Conidia are produced in chains, single-celled, hyaline, and barrel-shaped. The fungus is oidium type."
What are the symptoms of fusarium wilt in chilli plants?,"Symptoms of fusarium wilt in chilli plants include wilting of the plant, upward and inward rolling of the leaves, yellowing, and death of leaves. The vascular system of the plant becomes discolored, particularly in the lower stem and roots.",disease,chunk_317,"Question: What are the symptoms of fusarium wilt in chilli plants?
Answer: Symptoms of fusarium wilt in chilli plants include wilting of the plant, upward and inward rolling of the leaves, yellowing, and death of leaves. The vascular system of the plant becomes discolored, particularly in the lower stem and roots."
"When maize starch is extracted, what food value does the flour gives","When maize starch is extracted to produce maize flour, the resulting flour has a lower nutritional value compared to whole maize flour. This is because maize starch contains mainly carbohydrates and very little protein, fiber, vitamins, and minerals.",disease,chunk_318,"Question: When maize starch is extracted, what food value does the flour gives
Answer: When maize starch is extracted to produce maize flour, the resulting flour has a lower nutritional value compared to whole maize flour. This is because maize starch contains mainly carbohydrates and very little protein, fiber, vitamins, and minerals."
Which disease results in light brown watery rot from the stem end of Apple tree fruits?,"Soft rot, caused by Penicillium expansum, leads to light brown watery rot originating from the stem end of Apple tree fruits.",disease,chunk_319,"Question: Which disease results in light brown watery rot from the stem end of Apple tree fruits?
Answer: Soft rot, caused by Penicillium expansum, leads to light brown watery rot originating from the stem end of Apple tree fruits."
What type of soil is beans doing well,"Beans generally do well in soil that is well-draining, fertile, and rich in organic matter. The ideal soil for beans is a sandy loam soil with a pH range of 6.0 to 7.0. The soil should also be free of pests and diseases that can damage the plants.
",disease,chunk_320,"Question: What type of soil is beans doing well
Answer: Beans generally do well in soil that is well-draining, fertile, and rich in organic matter. The ideal soil for beans is a sandy loam soil with a pH range of 6.0 to 7.0. The soil should also be free of pests and diseases that can damage the plants.
"
What are the symptoms of Banana Bunchy Top virus?,"Subsequent leaves show dwarfing, dark broken bands of green tissues on the veins, leaves, and petioles. Plants are extremely stunted, with reduced leaf size, marginal chlorosis, and curling. Leaves become upright and brittle, crowding at the top. Branches are very small, and if infected early, no bunch will be produced.",disease,chunk_321,"Question: What are the symptoms of Banana Bunchy Top virus?
Answer: Subsequent leaves show dwarfing, dark broken bands of green tissues on the veins, leaves, and petioles. Plants are extremely stunted, with reduced leaf size, marginal chlorosis, and curling. Leaves become upright and brittle, crowding at the top. Branches are very small, and if infected early, no bunch will be produced."
what are other merits of increasing the density of cattles on the grazing land?," restores the environment, it protects against climate change",disease,chunk_322,"Question: what are other merits of increasing the density of cattles on the grazing land?
Answer:  restores the environment, it protects against climate change"
Describe the features of the pathogen that causes Alternaria rot in chilli plants.,"The pathogen responsible for Alternaria rot in chilli plants exhibits septate and branched hyphae, initially light brown but darkening with age. These hyphae are present both inside and outside the plant cells. Conidiophores emerge through stomata, and the conidia they produce are single and muriform.",disease,chunk_323,"Question: Describe the features of the pathogen that causes Alternaria rot in chilli plants.
Answer: The pathogen responsible for Alternaria rot in chilli plants exhibits septate and branched hyphae, initially light brown but darkening with age. These hyphae are present both inside and outside the plant cells. Conidiophores emerge through stomata, and the conidia they produce are single and muriform."
How does Mango malformation proliferate within mango orchards?,Mango malformation proliferates within mango orchards primarily through diseased propagative materials.,disease,chunk_324,"Question: How does Mango malformation proliferate within mango orchards?
Answer: Mango malformation proliferates within mango orchards primarily through diseased propagative materials."
What are the symptoms of Leaf Curl Disease caused by Tomato Leaf Curl Virus (ToLCV) in tomato plants?,"Symptoms include severe stunting of plants, downward rolling and crinkling of leaves, slight yellowing of newly emerging leaves followed by curling, leathery and brittle older leaves, reduction in size of nodes and internodes, pale appearance of plants, increased lateral branching giving a bushy appearance, and overall stunted growth of infected plants.",disease,chunk_325,"Question: What are the symptoms of Leaf Curl Disease caused by Tomato Leaf Curl Virus (ToLCV) in tomato plants?
Answer: Symptoms include severe stunting of plants, downward rolling and crinkling of leaves, slight yellowing of newly emerging leaves followed by curling, leathery and brittle older leaves, reduction in size of nodes and internodes, pale appearance of plants, increased lateral branching giving a bushy appearance, and overall stunted growth of infected plants."
which kind of GM varieties release protein to control pest.,bacterium Bacillus thuringiensis,disease,chunk_326,"Question: which kind of GM varieties release protein to control pest.
Answer: bacterium Bacillus thuringiensis"
How does the Bitter rot fungus survive and spread in Apple trees?,"The Bitter rot fungus overwinters in mummified fruit, cracks and crevices in bark, and in cankers produced by the Bitter rot fungus or by other diseases, such as fire blight. It can also inhabit jagged edges of broken limbs. The fungus can penetrate unbroken skin of fruit, with waterborne spores released during rainfall throughout the growing season. Factors such as fruit maturity, temperature, humidity, and disease presence in the area determine the time of appearance of Bitter rot.",disease,chunk_327,"Question: How does the Bitter rot fungus survive and spread in Apple trees?
Answer: The Bitter rot fungus overwinters in mummified fruit, cracks and crevices in bark, and in cankers produced by the Bitter rot fungus or by other diseases, such as fire blight. It can also inhabit jagged edges of broken limbs. The fungus can penetrate unbroken skin of fruit, with waterborne spores released during rainfall throughout the growing season. Factors such as fruit maturity, temperature, humidity, and disease presence in the area determine the time of appearance of Bitter rot."
How does Pythium aphanidermatum differ from other pathogens affecting chilli plants?,"Pythium aphanidermatum is characterized by its hyaline mycelium, lobed and branched zoosporangia, and aplerotic, single oospores with thick walls, distinguishing it from other pathogens affecting chilli plants.",disease,chunk_328,"Question: How does Pythium aphanidermatum differ from other pathogens affecting chilli plants?
Answer: Pythium aphanidermatum is characterized by its hyaline mycelium, lobed and branched zoosporangia, and aplerotic, single oospores with thick walls, distinguishing it from other pathogens affecting chilli plants."
what spreads Cassava Mosaic Disease (CMD),whitefly,disease,chunk_329,"Question: what spreads Cassava Mosaic Disease (CMD)
Answer: whitefly"
What is the mode of transmission for Banana Bunchy Top virus?,"The mode of transmission for Banana Bunchy Top virus involves primarily infected suckers, with secondary spread occurring through the aphid vector Pentalonia nigronervosa.",disease,chunk_330,"Question: What is the mode of transmission for Banana Bunchy Top virus?
Answer: The mode of transmission for Banana Bunchy Top virus involves primarily infected suckers, with secondary spread occurring through the aphid vector Pentalonia nigronervosa."
"What are the key characteristics of Pythium aphanidermatum, the pathogen causing damping off in chilli plants?","The mycelium is hyaline, coenocytic, and zoosporangia are lobed and branched. Zoospores are biflagellate, and oogonia are spherical with smooth walls. Antheridia are monoclinous, intercalary, or terminal. Oospores are aplerotic, single with a thick wall.",disease,chunk_331,"Question: What are the key characteristics of Pythium aphanidermatum, the pathogen causing damping off in chilli plants?
Answer: The mycelium is hyaline, coenocytic, and zoosporangia are lobed and branched. Zoospores are biflagellate, and oogonia are spherical with smooth walls. Antheridia are monoclinous, intercalary, or terminal. Oospores are aplerotic, single with a thick wall."
What are the symptoms of Scab on Apple leaves and fruits?,"Scab symptoms on Apple leaves include olivaceous spots on the lower side, which turn dark brown to black and become velvety. On young foliage, the spots have a radiating appearance with a feathery edge. On older leaves, the lesions are more definite in outline, forming a convex surface with a corresponding concave area on the opposite side. Scab symptoms on Apple fruits include small, rough, black circular lesions, with the center becoming corky, and a yellow halo seen around mature lesions.",disease,chunk_332,"Question: What are the symptoms of Scab on Apple leaves and fruits?
Answer: Scab symptoms on Apple leaves include olivaceous spots on the lower side, which turn dark brown to black and become velvety. On young foliage, the spots have a radiating appearance with a feathery edge. On older leaves, the lesions are more definite in outline, forming a convex surface with a corresponding concave area on the opposite side. Scab symptoms on Apple fruits include small, rough, black circular lesions, with the center becoming corky, and a yellow halo seen around mature lesions."
What management practices can be implemented to control Scab/Verucosis in citrus orchards?,"Effective management of Scab/Verucosis in citrus orchards involves implementing several practices. Diseased leaves, twigs, and fruits should be promptly collected and destroyed to prevent further spread of the disease. Additionally, spraying Carbendazim 0.1% has been found to be quite effective in controlling the disease. Implementing these management practices can help reduce the incidence and severity of Scab/Verucosis in citrus orchards.",disease,chunk_333,"Question: What management practices can be implemented to control Scab/Verucosis in citrus orchards?
Answer: Effective management of Scab/Verucosis in citrus orchards involves implementing several practices. Diseased leaves, twigs, and fruits should be promptly collected and destroyed to prevent further spread of the disease. Additionally, spraying Carbendazim 0.1% has been found to be quite effective in controlling the disease. Implementing these management practices can help reduce the incidence and severity of Scab/Verucosis in citrus orchards."
what are some of the disease prevention strategies that farmers can use.,"vaccination programs, quarantine protocols, and biosecurity measures",disease,chunk_334,"Question: what are some of the disease prevention strategies that farmers can use.
Answer: vaccination programs, quarantine protocols, and biosecurity measures"
What are the characteristics of the pathogen causing soft rot in potato plants?,The pathogen causing soft rot in potato plants is Erwinia carotovora subsp. caratovora. It is a gram-negative rod-shaped bacterium with 1 to 6 peritrichous flagella.,disease,chunk_335,"Question: What are the characteristics of the pathogen causing soft rot in potato plants?
Answer: The pathogen causing soft rot in potato plants is Erwinia carotovora subsp. caratovora. It is a gram-negative rod-shaped bacterium with 1 to 6 peritrichous flagella."
name the symptoms of cassava whitefly.,"wilting, yellowing of leaves, and stunted growth",disease,chunk_336,"Question: name the symptoms of cassava whitefly.
Answer: wilting, yellowing of leaves, and stunted growth"
"What disease affects Apple trees, causing water-soaked leaves and blackened twigs?","Fire blight, caused by Erwinia amylovora, is the disease that affects Apple trees, leading to symptoms such as water-soaked leaves, blackened twigs, and wilting of terminal branches.",disease,chunk_337,"Question: What disease affects Apple trees, causing water-soaked leaves and blackened twigs?
Answer: Fire blight, caused by Erwinia amylovora, is the disease that affects Apple trees, leading to symptoms such as water-soaked leaves, blackened twigs, and wilting of terminal branches."
What are the common pests and diseases that affect guava trees?,"Common pests affecting guava trees include fruit flies, mealybugs, scales, and aphids, while diseases such as anthracnose, powdery mildew, and bacterial wilt are prevalent. Integrated pest management (IPM) strategies encompassing cultural, biological, and chemical control methods are employed to mitigate the impact of pests and diseases on guava trees.",disease,chunk_338,"Question: What are the common pests and diseases that affect guava trees?
Answer: Common pests affecting guava trees include fruit flies, mealybugs, scales, and aphids, while diseases such as anthracnose, powdery mildew, and bacterial wilt are prevalent. Integrated pest management (IPM) strategies encompassing cultural, biological, and chemical control methods are employed to mitigate the impact of pests and diseases on guava trees."
"What is the recommended timing for pruning citrus trees, and what are the goals of pruning?","Pruning of citrus trees is ideally performed in late winter or early spring, prior to the onset of new growth. The objectives of pruning include shaping the tree, eliminating dead or diseased branches, and enhancing air circulation within the canopy.",disease,chunk_339,"Question: What is the recommended timing for pruning citrus trees, and what are the goals of pruning?
Answer: Pruning of citrus trees is ideally performed in late winter or early spring, prior to the onset of new growth. The objectives of pruning include shaping the tree, eliminating dead or diseased branches, and enhancing air circulation within the canopy."
What disease affects Sapota leaves and is characterized by small spots?,"Leaf spot, caused by Phaeoleospora indica, is the disease that affects Sapota leaves, exhibiting numerous small spots with pinkish to reddish-brown coloration and whitish centers.",disease,chunk_340,"Question: What disease affects Sapota leaves and is characterized by small spots?
Answer: Leaf spot, caused by Phaeoleospora indica, is the disease that affects Sapota leaves, exhibiting numerous small spots with pinkish to reddish-brown coloration and whitish centers."
give symptoms of cassava root rot,"ytophthora root rot: This is caused by the oomycete pathogen Phytophthora spp. It leads to root decay and can result in wilting and stunted growth of the cassava plant.

Bacterial root rot: This is caused by bacteria such as Erwinia spp. and Pectobacterium spp., which infect the cassava roots and cause rotting and tissue breakdown.

Poor soil drainage: Excessive moisture in the soil can lead to root rot, as it creates favorable conditions for fungal and bacterial pathogens to thrive.

Poor soil health: Nutritional deficiencies, high soil acidity, or other soil-related issues can weaken cassava plants and make them more susceptible to root rot.",disease,chunk_341,"Question: give symptoms of cassava root rot
Answer: ytophthora root rot: This is caused by the oomycete pathogen Phytophthora spp. It leads to root decay and can result in wilting and stunted growth of the cassava plant.

Bacterial root rot: This is caused by bacteria such as Erwinia spp. and Pectobacterium spp., which infect the cassava roots and cause rotting and tissue breakdown.

Poor soil drainage: Excessive moisture in the soil can lead to root rot, as it creates favorable conditions for fungal and bacterial pathogens to thrive.

Poor soil health: Nutritional deficiencies, high soil acidity, or other soil-related issues can weaken cassava plants and make them more susceptible to root rot."
How should Bitter rot in Apple trees be managed for optimal disease control?,"Optimal management of Bitter rot in Apple trees involves the application of Mancozeb at a rate of 0.25% in the field. Additionally, treating the fruits with Mancozeb at the same concentration is recommended to manage the disease during storage.",disease,chunk_342,"Question: How should Bitter rot in Apple trees be managed for optimal disease control?
Answer: Optimal management of Bitter rot in Apple trees involves the application of Mancozeb at a rate of 0.25% in the field. Additionally, treating the fruits with Mancozeb at the same concentration is recommended to manage the disease during storage."
which animal require a diet that is lower in protein but higher in carbohydrates.,pigs ,disease,chunk_343,"Question: which animal require a diet that is lower in protein but higher in carbohydrates.
Answer: pigs "
name the disease that can cause the pods to become waterlogged and develop rot,pod rot diseases,disease,chunk_344,"Question: name the disease that can cause the pods to become waterlogged and develop rot
Answer: pod rot diseases"
What is the pathogen responsible for Bacterial Soft Rot and Hollow Stem?,The pathogen responsible for Bacterial Soft Rot and Hollow Stem is Erwinia carotovora pv. carotovora.,disease,chunk_345,"Question: What is the pathogen responsible for Bacterial Soft Rot and Hollow Stem?
Answer: The pathogen responsible for Bacterial Soft Rot and Hollow Stem is Erwinia carotovora pv. carotovora."
What is the name of the disease that results in light yellow or brownish green streaks on banana leaves?,"The disease responsible for causing light yellow or brownish green streaks on banana leaves is Sigatoka disease, caused by Mycosphaerella musicola (Cercospora musae).",disease,chunk_346,"Question: What is the name of the disease that results in light yellow or brownish green streaks on banana leaves?
Answer: The disease responsible for causing light yellow or brownish green streaks on banana leaves is Sigatoka disease, caused by Mycosphaerella musicola (Cercospora musae)."
Can you identify the pathogen that causes Scab/Verucosis in citrus trees?,"The pathogen Elsinoe fawcetti is responsible for causing Scab/Verucosis in citrus trees. It forms simple, innate, intra or sub-epidermal ascostroma, partially erumpent at maturity, and produces small pulvinate to crustose structures. Additionally, it generates ovoid asci and 1-3 septate oblong to elliptical ascospores. Moreover, hyaline to yellowing conidia are produced in acervuli, facilitating the spread of the disease.",disease,chunk_347,"Question: Can you identify the pathogen that causes Scab/Verucosis in citrus trees?
Answer: The pathogen Elsinoe fawcetti is responsible for causing Scab/Verucosis in citrus trees. It forms simple, innate, intra or sub-epidermal ascostroma, partially erumpent at maturity, and produces small pulvinate to crustose structures. Additionally, it generates ovoid asci and 1-3 septate oblong to elliptical ascospores. Moreover, hyaline to yellowing conidia are produced in acervuli, facilitating the spread of the disease."
what is Cassava Mosaic Disease (CMD)., is a viral disease that is caused by different strains of the cassava mosaic virus,disease,chunk_348,"Question: what is Cassava Mosaic Disease (CMD).
Answer:  is a viral disease that is caused by different strains of the cassava mosaic virus"
What are the symptoms of the disease affecting banana plants?,"Symptoms of Tip over or Heart rot in banana plants include rotting at the base of the pseudostem and upper portion of the corm. This disease predominantly affects young plantations, especially those aged 1-3 months, and is particularly prevalent during the summer months.",disease,chunk_349,"Question: What are the symptoms of the disease affecting banana plants?
Answer: Symptoms of Tip over or Heart rot in banana plants include rotting at the base of the pseudostem and upper portion of the corm. This disease predominantly affects young plantations, especially those aged 1-3 months, and is particularly prevalent during the summer months."
why should farmers implement disease prevention strategies., to prevent the spread of disease among their livestock,disease,chunk_350,"Question: why should farmers implement disease prevention strategies.
Answer:  to prevent the spread of disease among their livestock"
why is migration benefical to moths?,it allows the species to travel to a new location with fewer predators and less possibility of parasitism and infection,disease,chunk_351,"Question: why is migration benefical to moths?
Answer: it allows the species to travel to a new location with fewer predators and less possibility of parasitism and infection"
What are the signs of Tip over or Heart rot in banana plants?,"Tip over or Heart rot in banana plants is characterized by rotting at the base of the pseudostem and upper portion of the corm. Young plantations, particularly those aged 1-3 months, are especially susceptible to this disease, especially during the summer months.",disease,chunk_352,"Question: What are the signs of Tip over or Heart rot in banana plants?
Answer: Tip over or Heart rot in banana plants is characterized by rotting at the base of the pseudostem and upper portion of the corm. Young plantations, particularly those aged 1-3 months, are especially susceptible to this disease, especially during the summer months."
what is CBB,Cassava Bacterial Blight (CBB) is a bacterial disease that affects cassava plants,disease,chunk_353,"Question: what is CBB
Answer: Cassava Bacterial Blight (CBB) is a bacterial disease that affects cassava plants"
How should Sigatoka disease in banana plants be managed?,"To manage Sigatoka disease in banana plants, it is advisable to remove and destroy affected leaves, spray with Propiconazole + Carbendazim 0.1% or Chlorothalonil 0.25%, and add a wetting agent such as teepol or sandovit at a rate of 1ml/lit of water to enhance efficacy.",disease,chunk_354,"Question: How should Sigatoka disease in banana plants be managed?
Answer: To manage Sigatoka disease in banana plants, it is advisable to remove and destroy affected leaves, spray with Propiconazole + Carbendazim 0.1% or Chlorothalonil 0.25%, and add a wetting agent such as teepol or sandovit at a rate of 1ml/lit of water to enhance efficacy."
What is the disease affecting bananas known as?,"Tip over or Heart rot, caused by Erwinia carotovora subsp. carotovora, is the disease affecting bananas. This disease leads to rotting at the base of the pseudostem and upper portion of the corm, particularly impacting young plantations aged 1-3 months, especially during the summer months.",disease,chunk_355,"Question: What is the disease affecting bananas known as?
Answer: Tip over or Heart rot, caused by Erwinia carotovora subsp. carotovora, is the disease affecting bananas. This disease leads to rotting at the base of the pseudostem and upper portion of the corm, particularly impacting young plantations aged 1-3 months, especially during the summer months."
"For diseases such as bean rust or bacterial blight, when can a farmer spray?","the best time to spray is before the onset of the rainy season, when the conditions are favorable for the disease to spread. It is also important to apply fungicides preventively, rather than waiting for the disease to become established.",disease,chunk_356,"Question: For diseases such as bean rust or bacterial blight, when can a farmer spray?
Answer: the best time to spray is before the onset of the rainy season, when the conditions are favorable for the disease to spread. It is also important to apply fungicides preventively, rather than waiting for the disease to become established."
During which months does Leaf spot disease peak in Sapota trees?,"Leaf spot disease in Sapota trees peaks during the months of October to December, coinciding with high humidity levels.",disease,chunk_357,"Question: During which months does Leaf spot disease peak in Sapota trees?
Answer: Leaf spot disease in Sapota trees peaks during the months of October to December, coinciding with high humidity levels."
How does Leaf spot disease spread in Sapota trees?,Leaf spot disease in Sapota trees spreads through wind-borne conidia.,disease,chunk_358,"Question: How does Leaf spot disease spread in Sapota trees?
Answer: Leaf spot disease in Sapota trees spreads through wind-borne conidia."
During which phases are the S. exempta species susceptible to a cytoplasmic virus.,During the pupal and pre-pupal stages,disease,chunk_359,"Question: During which phases are the S. exempta species susceptible to a cytoplasmic virus.
Answer: During the pupal and pre-pupal stages"
"What is bacterial soft rot in chilli plants, and what is the causative pathogen?",Bacterial soft rot in chilli plants is caused by Erwinia carotovora subsp. carotovora.,disease,chunk_360,"Question: What is bacterial soft rot in chilli plants, and what is the causative pathogen?
Answer: Bacterial soft rot in chilli plants is caused by Erwinia carotovora subsp. carotovora."
What management strategies are effective against Leaf Blight (Blast)?,"Bulb treatment with Captan or Thiram 0.25% and spraying of Maneb, Mancozeb, or Chlorothalonil are effective. Fungicides may be applied every 5-7 days for disease control.",disease,chunk_361,"Question: What management strategies are effective against Leaf Blight (Blast)?
Answer: Bulb treatment with Captan or Thiram 0.25% and spraying of Maneb, Mancozeb, or Chlorothalonil are effective. Fungicides may be applied every 5-7 days for disease control."
What are the symptoms of Panama disease in banana plants?,"Symptoms of Panama disease in banana plants include yellowing of the lowermost leaves from the margin to the midrib, longitudinal splitting of the pseudostem, and discoloration of vascular vessels as red or brown streaks. Eventually, the leaves break near the base and hang down around the pseudostem.",disease,chunk_362,"Question: What are the symptoms of Panama disease in banana plants?
Answer: Symptoms of Panama disease in banana plants include yellowing of the lowermost leaves from the margin to the midrib, longitudinal splitting of the pseudostem, and discoloration of vascular vessels as red or brown streaks. Eventually, the leaves break near the base and hang down around the pseudostem."
why is Integrated Pest Management used?,"to minimize the use of pesticides and other chemicals, while still effectively controlling pests and diseases.",disease,chunk_363,"Question: why is Integrated Pest Management used?
Answer: to minimize the use of pesticides and other chemicals, while still effectively controlling pests and diseases."
What are the symptoms of maize streak disease,"Stunted growth: Infected plants often show stunted or reduced growth compared to healthy plants. The overall size of the plant is smaller, and it may fail to reach its normal height.

Yellowing or chlorosis: The leaves of infected plants exhibit yellowing or chlorosis. The chlorotic areas appear as irregular streaks or patches along the veins of the leaves. The yellowing may progress to the entire leaf, leading to leaf necrosis.

Leaf curling: Infected plants may exhibit curling or rolling of the leaves. The leaves may curl upwards or downwards, giving a distorted appearance.

Narrowing of leaves: The leaves of infected plants may become narrower and more erect than healthy leaves. This symptom is known as leaf strapiness.",disease,chunk_364,"Question: What are the symptoms of maize streak disease
Answer: Stunted growth: Infected plants often show stunted or reduced growth compared to healthy plants. The overall size of the plant is smaller, and it may fail to reach its normal height.

Yellowing or chlorosis: The leaves of infected plants exhibit yellowing or chlorosis. The chlorotic areas appear as irregular streaks or patches along the veins of the leaves. The yellowing may progress to the entire leaf, leading to leaf necrosis.

Leaf curling: Infected plants may exhibit curling or rolling of the leaves. The leaves may curl upwards or downwards, giving a distorted appearance.

Narrowing of leaves: The leaves of infected plants may become narrower and more erect than healthy leaves. This symptom is known as leaf strapiness."
What fungicides can be used to control CBB.,"Copper-based fungicides can be used to control CBB, but they must be applied before the disease becomes severe.",disease,chunk_365,"Question: What fungicides can be used to control CBB.
Answer: Copper-based fungicides can be used to control CBB, but they must be applied before the disease becomes severe."
"How much water does garlic need, and how often should I irrigate?","Garlic requires moderate watering, especially during bulb development stages. It prefers consistent moisture levels in the soil but is sensitive to waterlogging. Shallow, frequent watering should be avoided to prevent rotting and disease. Irrigation frequency and amount depend on soil moisture levels, weather conditions, and garlic growth stage.",disease,chunk_366,"Question: How much water does garlic need, and how often should I irrigate?
Answer: Garlic requires moderate watering, especially during bulb development stages. It prefers consistent moisture levels in the soil but is sensitive to waterlogging. Shallow, frequent watering should be avoided to prevent rotting and disease. Irrigation frequency and amount depend on soil moisture levels, weather conditions, and garlic growth stage."
"what nutrients can i use for water regulation, disease resistance, and stress tolerance in plants.",potassium ,disease,chunk_367,"Question: what nutrients can i use for water regulation, disease resistance, and stress tolerance in plants.
Answer: potassium "
How can Anthracnose in guava trees be managed?,Effective management of Anthracnose in guava trees involves spraying with fungicides such as Mancozeb at a concentration of 0.25%. It's also important to implement cultural practices such as proper sanitation and pruning to reduce the spread of the disease.,disease,chunk_368,"Question: How can Anthracnose in guava trees be managed?
Answer: Effective management of Anthracnose in guava trees involves spraying with fungicides such as Mancozeb at a concentration of 0.25%. It's also important to implement cultural practices such as proper sanitation and pruning to reduce the spread of the disease."
What are the characteristics of the pathogen responsible for Alternaria rot in chilli plants?,"The characteristics of the pathogen causing Alternaria rot in chilli plants include septate and branched hyphae that are initially light brown but become darker with age. The hyphae are both inter and intracellular. Conidiophores emerge through stomata, and the conidia produced are single and muriform.",disease,chunk_369,"Question: What are the characteristics of the pathogen responsible for Alternaria rot in chilli plants?
Answer: The characteristics of the pathogen causing Alternaria rot in chilli plants include septate and branched hyphae that are initially light brown but become darker with age. The hyphae are both inter and intracellular. Conidiophores emerge through stomata, and the conidia produced are single and muriform."
what are the sustainable approaches to cassava disease management?,breeding disease-resistant varieties and using natural pest control methods.,disease,chunk_370,"Question: what are the sustainable approaches to cassava disease management?
Answer: breeding disease-resistant varieties and using natural pest control methods."
What leads to the development of Freckle or Black Spot in bananas?,The development of Freckle or Black Spot in bananas is attributed to Phyllostictina musarum.,disease,chunk_371,"Question: What leads to the development of Freckle or Black Spot in bananas?
Answer: The development of Freckle or Black Spot in bananas is attributed to Phyllostictina musarum."
What are the symptoms exhibited by citrus trees affected by gummosis?,"Gummosis in citrus trees presents a range of symptoms, including yellowing of leaves, cracking of bark, and profuse gumming on the surface. As the disease progresses, the bark may become rotten, resulting in tree drying due to a girdling effect. Affected trees often exhibit heavy blossoming, followed by premature death before fruit maturity. These symptoms collectively contribute to the characteristic appearance of foot rot or collar-rot in citrus orchards.",disease,chunk_372,"Question: What are the symptoms exhibited by citrus trees affected by gummosis?
Answer: Gummosis in citrus trees presents a range of symptoms, including yellowing of leaves, cracking of bark, and profuse gumming on the surface. As the disease progresses, the bark may become rotten, resulting in tree drying due to a girdling effect. Affected trees often exhibit heavy blossoming, followed by premature death before fruit maturity. These symptoms collectively contribute to the characteristic appearance of foot rot or collar-rot in citrus orchards."
which fungi causes root rot ?,"Fusarium, Pythium, and Phytophthora",disease,chunk_373,"Question: which fungi causes root rot ?
Answer: Fusarium, Pythium, and Phytophthora"
which other way can farmers control soil borne diseases.," Incorporate organic matter such as compost and manure into the soil to improve soil structure and reduce soilborne disease buildup.
",disease,chunk_374,"Question: which other way can farmers control soil borne diseases.
Answer:  Incorporate organic matter such as compost and manure into the soil to improve soil structure and reduce soilborne disease buildup.
"
"What is the common name of the disease affecting citrus trees characterized by stunted leaves, sparse foliation, twig dieback, and predominantly green, worthless fruits?","Greening, caused by Liberobactor asiaticum, is the common name for the disease affecting citrus trees. It manifests through symptoms such as stunted leaves, sparse foliation, twig dieback, and predominantly green, worthless fruits.",disease,chunk_375,"Question: What is the common name of the disease affecting citrus trees characterized by stunted leaves, sparse foliation, twig dieback, and predominantly green, worthless fruits?
Answer: Greening, caused by Liberobactor asiaticum, is the common name for the disease affecting citrus trees. It manifests through symptoms such as stunted leaves, sparse foliation, twig dieback, and predominantly green, worthless fruits."
Which disease has a considerable impact on guava trees?,"Anthracnose, brought about by Colletotrichum gloeosporioides, holds substantial significance in affecting guava trees.",disease,chunk_376,"Question: Which disease has a considerable impact on guava trees?
Answer: Anthracnose, brought about by Colletotrichum gloeosporioides, holds substantial significance in affecting guava trees."
how can farmers prevent livestock diseases.,"implement measures such as regular vaccinations, quarantine of new animals, and good hygiene practices.",disease,chunk_377,"Question: how can farmers prevent livestock diseases.
Answer: implement measures such as regular vaccinations, quarantine of new animals, and good hygiene practices."
What are the pathogens responsible for Pythium root rot?,"The pathogens responsible for Pythium root rot include Pythium aphanidermatum, P. debaryanum, and P. ultimum.",disease,chunk_378,"Question: What are the pathogens responsible for Pythium root rot?
Answer: The pathogens responsible for Pythium root rot include Pythium aphanidermatum, P. debaryanum, and P. ultimum."
"What is the name of the disease that results in bunchy top appearance, floral malformation, and vegetative malformation in mango trees?","The disease affecting mango trees that results in bunchy top appearance, floral malformation, and vegetative malformation is Mango malformation, caused by Fusarium moliliforme var. subglutinans.",disease,chunk_379,"Question: What is the name of the disease that results in bunchy top appearance, floral malformation, and vegetative malformation in mango trees?
Answer: The disease affecting mango trees that results in bunchy top appearance, floral malformation, and vegetative malformation is Mango malformation, caused by Fusarium moliliforme var. subglutinans."
Livestock needs appropriate housing to protect them ,from extreme weather conditions and provides adequate space for them to move around,disease,chunk_380,"Question: Livestock needs appropriate housing to protect them 
Answer: from extreme weather conditions and provides adequate space for them to move around"
How can I control the spread of fungal diseases in my tomato plants?," ensure good airflow around the plants by spacing them properly and pruning them as needed. Additionally, using a fungicide can help control fungal growth. It's also important to avoid overhead watering, which can promote the spread of disease by splashing spores from one plant to another",disease,chunk_381,"Question: How can I control the spread of fungal diseases in my tomato plants?
Answer:  ensure good airflow around the plants by spacing them properly and pruning them as needed. Additionally, using a fungicide can help control fungal growth. It's also important to avoid overhead watering, which can promote the spread of disease by splashing spores from one plant to another"
How does Mango malformation spread within mango orchards?,Mango malformation spreads within mango orchards primarily through diseased propagative materials.,disease,chunk_382,"Question: How does Mango malformation spread within mango orchards?
Answer: Mango malformation spreads within mango orchards primarily through diseased propagative materials."
"What are some emerging trends in the citrus industry, such as new citrus varieties or sustainable practices?","Emerging trends in the citrus industry include the development of new citrus varieties with improved traits such as disease resistance or enhanced flavor, adoption of precision agriculture technologies for resource-efficient production, and the promotion of sustainable practices to minimize environmental impact.",disease,chunk_383,"Question: What are some emerging trends in the citrus industry, such as new citrus varieties or sustainable practices?
Answer: Emerging trends in the citrus industry include the development of new citrus varieties with improved traits such as disease resistance or enhanced flavor, adoption of precision agriculture technologies for resource-efficient production, and the promotion of sustainable practices to minimize environmental impact."
what food nutrients do we get from milled maize.," dietary fiber, protein, and essential nutrients such as thiamine, niacin, and folate.",disease,chunk_384,"Question: what food nutrients do we get from milled maize.
Answer:  dietary fiber, protein, and essential nutrients such as thiamine, niacin, and folate."
how can a farmer control pest and disease.,use of resistant varieties,disease,chunk_385,"Question: how can a farmer control pest and disease.
Answer: use of resistant varieties"
"What disease is characterized by circular lesions with yellow halos on leaves, twigs, and fruits of citrus trees?","The disease affecting citrus trees is known as canker, caused by Xanthomonas campestris pv citri. It is characterized by circular lesions with yellow halos on leaves, twigs, and fruits. Unlike scab, canker does not distort leaves, but lesions on twigs can result in girdling and death. Canker lesions on fruits also diminish market value.",disease,chunk_386,"Question: What disease is characterized by circular lesions with yellow halos on leaves, twigs, and fruits of citrus trees?
Answer: The disease affecting citrus trees is known as canker, caused by Xanthomonas campestris pv citri. It is characterized by circular lesions with yellow halos on leaves, twigs, and fruits. Unlike scab, canker does not distort leaves, but lesions on twigs can result in girdling and death. Canker lesions on fruits also diminish market value."
What is the pathogen responsible for causing Exocortis of scaly butt in citrus trees?,"Exocortis of scaly butt in citrus trees is caused by Viroid, a pathogen that is a free RTVA (Ribonucleic Acid Virusoid) without a protein coat.",disease,chunk_387,"Question: What is the pathogen responsible for causing Exocortis of scaly butt in citrus trees?
Answer: Exocortis of scaly butt in citrus trees is caused by Viroid, a pathogen that is a free RTVA (Ribonucleic Acid Virusoid) without a protein coat."
why do cassava plants may shed their leaves during dry season.,"Water stress: Cassava plants have a deep root system that helps them access water from deeper soil layers. However, during prolonged dry periods, the availability of water may become limited, leading to water stress in the plants. As a survival mechanism, cassava plants shed their leaves to reduce water loss through transpiration and conserve moisture.

Nutrient deficiency: Inadequate nutrient availability, particularly nitrogen, can cause cassava plants to shed their leaves. During the dry season, nutrient uptake by the plants may be hampered, leading to nutrient deficiencies and subsequent leaf drop.

Pests and diseases: Dry conditions can increase the vulnerability of cassava plants to pests and diseases. Insect infestations, such as cassava green mites or cassava mealybugs, and diseases like cassava mosaic disease or cassava bacterial blight, can cause leaf damage and subsequent leaf shedding.

Natural plant response: In some cases, leaf shedding during the dry season may be a natural response of cassava plants to conserve energy and focus resources on survival. By shedding leaves, the plant can reduce its overall water and nutrient requirements and redirect resources to essential parts such as the stem and tuberous roots.",disease,chunk_388,"Question: why do cassava plants may shed their leaves during dry season.
Answer: Water stress: Cassava plants have a deep root system that helps them access water from deeper soil layers. However, during prolonged dry periods, the availability of water may become limited, leading to water stress in the plants. As a survival mechanism, cassava plants shed their leaves to reduce water loss through transpiration and conserve moisture.

Nutrient deficiency: Inadequate nutrient availability, particularly nitrogen, can cause cassava plants to shed their leaves. During the dry season, nutrient uptake by the plants may be hampered, leading to nutrient deficiencies and subsequent leaf drop.

Pests and diseases: Dry conditions can increase the vulnerability of cassava plants to pests and diseases. Insect infestations, such as cassava green mites or cassava mealybugs, and diseases like cassava mosaic disease or cassava bacterial blight, can cause leaf damage and subsequent leaf shedding.

Natural plant response: In some cases, leaf shedding during the dry season may be a natural response of cassava plants to conserve energy and focus resources on survival. By shedding leaves, the plant can reduce its overall water and nutrient requirements and redirect resources to essential parts such as the stem and tuberous roots."
What is the importance of the storage organs to plants,"Storage organs, such as tubers, bulbs, and rhizomes, act as reservoirs for storing nutrients. These organs accumulate and store carbohydrates, proteins, and other essential nutrients during periods of active growth. The stored nutrients can be utilized by the plant during periods of dormancy, unfavorable conditions, or for supporting new growth.",disease,chunk_389,"Question: What is the importance of the storage organs to plants
Answer: Storage organs, such as tubers, bulbs, and rhizomes, act as reservoirs for storing nutrients. These organs accumulate and store carbohydrates, proteins, and other essential nutrients during periods of active growth. The stored nutrients can be utilized by the plant during periods of dormancy, unfavorable conditions, or for supporting new growth."
"What are some prevalent grapevine pests and diseases, and how can their impact be minimized?","Grapevine phylloxera, grape berry moth, and powdery mildew are prevalent pests and diseases affecting grapevines. Their impact can be minimized through the implementation of integrated pest management (IPM) practices, which include cultural practices, biological controls, and judicious use of chemicals.",disease,chunk_390,"Question: What are some prevalent grapevine pests and diseases, and how can their impact be minimized?
Answer: Grapevine phylloxera, grape berry moth, and powdery mildew are prevalent pests and diseases affecting grapevines. Their impact can be minimized through the implementation of integrated pest management (IPM) practices, which include cultural practices, biological controls, and judicious use of chemicals."
"What's the disease that causes white powdery growth on mango leaves, panicle stalks, flowers, and young fruits?","Powdery mildew, caused by Oidium mangiferae, is the disease affecting mango trees. It's characterized by white superficial powdery fungal growth on leaves, stalks of panicles, flowers, and young fruits. This disease is one of the most serious diseases of mango, affecting almost all varieties.",disease,chunk_391,"Question: What's the disease that causes white powdery growth on mango leaves, panicle stalks, flowers, and young fruits?
Answer: Powdery mildew, caused by Oidium mangiferae, is the disease affecting mango trees. It's characterized by white superficial powdery fungal growth on leaves, stalks of panicles, flowers, and young fruits. This disease is one of the most serious diseases of mango, affecting almost all varieties."
How can I protect mango trees from diseases?,"Mango trees are susceptible to anthracnose, powdery mildew, and bacterial black spot. To protect them, ensure proper sanitation, pruning, and use fungicides as needed.",disease,chunk_392,"Question: How can I protect mango trees from diseases?
Answer: Mango trees are susceptible to anthracnose, powdery mildew, and bacterial black spot. To protect them, ensure proper sanitation, pruning, and use fungicides as needed."
What are the symptoms exhibited by grapes affected by Bird’s Eye Spot/Anthracnose?,"Symptoms of Bird’s Eye Spot/Anthracnose in grapes include the initial appearance of dark red spots on the berry, which gradually evolve into circular, sunken, ashy-gray lesions surrounded by a dark margin, giving it the characteristic “bird’s-eye rot” appearance. These spots may range in size from 1/4 inch to approximately half the size of the fruit. The disease also affects shoots, tendrils, petioles, leaf veins, and fruit stems. Young shoots may exhibit numerous spots that can merge and encircle the stem, leading to tip death. Spot formation on petioles and leaves can cause curling or distortion of these structures.",disease,chunk_393,"Question: What are the symptoms exhibited by grapes affected by Bird’s Eye Spot/Anthracnose?
Answer: Symptoms of Bird’s Eye Spot/Anthracnose in grapes include the initial appearance of dark red spots on the berry, which gradually evolve into circular, sunken, ashy-gray lesions surrounded by a dark margin, giving it the characteristic “bird’s-eye rot” appearance. These spots may range in size from 1/4 inch to approximately half the size of the fruit. The disease also affects shoots, tendrils, petioles, leaf veins, and fruit stems. Young shoots may exhibit numerous spots that can merge and encircle the stem, leading to tip death. Spot formation on petioles and leaves can cause curling or distortion of these structures."
How does gummosis spread within citrus orchards?,"Gummosis spreads within citrus orchards through various means. The pathogens responsible for the disease inhabit the soil and spread via sporangia, which are carried by splashing rainwater, irrigation water, and wind. This mode of spread facilitates the dissemination of the disease within citrus orchards, leading to widespread infection and the manifestation of characteristic symptoms of gummosis.",disease,chunk_394,"Question: How does gummosis spread within citrus orchards?
Answer: Gummosis spreads within citrus orchards through various means. The pathogens responsible for the disease inhabit the soil and spread via sporangia, which are carried by splashing rainwater, irrigation water, and wind. This mode of spread facilitates the dissemination of the disease within citrus orchards, leading to widespread infection and the manifestation of characteristic symptoms of gummosis."
How can Red-rust in mango trees be managed?,Effective management of Red-rust in mango trees involves using Bordeaux mixture (0.6%) or Copper oxychloride (0.25%) to control the disease. These treatments help reduce the spread of the disease and prevent its impact on mango foliage.,disease,chunk_395,"Question: How can Red-rust in mango trees be managed?
Answer: Effective management of Red-rust in mango trees involves using Bordeaux mixture (0.6%) or Copper oxychloride (0.25%) to control the disease. These treatments help reduce the spread of the disease and prevent its impact on mango foliage."
What are the symptoms of brown rot or bangle blight in potato plants and tubers?,"Symptoms include wilt during tuber formation, wilt, stunting, and yellowing of leaves, browning of xylem tissue, black eye buds on tubers, and the presence of bacterial ooze emitting a foul odor on the infected tuber surface.",disease,chunk_396,"Question: What are the symptoms of brown rot or bangle blight in potato plants and tubers?
Answer: Symptoms include wilt during tuber formation, wilt, stunting, and yellowing of leaves, browning of xylem tissue, black eye buds on tubers, and the presence of bacterial ooze emitting a foul odor on the infected tuber surface."
What are the symptoms of Bacterial Wilt in tomato plants?,"Characteristic symptoms include rapid and complete wilting of normal, grown-up plants, with lower leaves dropping before wilting. In advanced cases, the pathogen may invade the cortex and pith, causing yellow-brown discoloration of tissues. When infected plant parts are cut and immersed in clear water, a white streak of bacterial ooze is seen coming out from cut ends.",disease,chunk_397,"Question: What are the symptoms of Bacterial Wilt in tomato plants?
Answer: Characteristic symptoms include rapid and complete wilting of normal, grown-up plants, with lower leaves dropping before wilting. In advanced cases, the pathogen may invade the cortex and pith, causing yellow-brown discoloration of tissues. When infected plant parts are cut and immersed in clear water, a white streak of bacterial ooze is seen coming out from cut ends."
What is the pathogen responsible for Basal Rot?,The pathogen responsible for Basal Rot is Fusarium oxysporum f.sp. cepae.,disease,chunk_398,"Question: What is the pathogen responsible for Basal Rot?
Answer: The pathogen responsible for Basal Rot is Fusarium oxysporum f.sp. cepae."
How does Anthracnose appear in bananas?,"Anthracnose in bananas appears with the skin at the distal ends of the fingers turning black and shriveling. The fungus produces masses of conidia, forming a pinkish coat. In severe cases, the entire fruit and bunch are affected.",disease,chunk_399,"Question: How does Anthracnose appear in bananas?
Answer: Anthracnose in bananas appears with the skin at the distal ends of the fingers turning black and shriveling. The fungus produces masses of conidia, forming a pinkish coat. In severe cases, the entire fruit and bunch are affected."
how does mulching help in soil nutrients retension., help retain moisture by reducing evaporation and keeping the soil cool. Mulch also helps suppress weed growth and adds nutrients to the soil as it decomposes.,fertilizer,chunk_400,"Question: how does mulching help in soil nutrients retension.
Answer:  help retain moisture by reducing evaporation and keeping the soil cool. Mulch also helps suppress weed growth and adds nutrients to the soil as it decomposes."
how does Nutrient deficiencies lead to cassava drying out before maturity.,"Cassava plants require adequate levels of nutrients, especially nitrogen, phosphorus, and potassium, to grow and mature properly. Nutrient deficiencies can cause the plants to dry out and die prematurely",fertilizer,chunk_401,"Question: how does Nutrient deficiencies lead to cassava drying out before maturity.
Answer: Cassava plants require adequate levels of nutrients, especially nitrogen, phosphorus, and potassium, to grow and mature properly. Nutrient deficiencies can cause the plants to dry out and die prematurely"
what is top-dressing?,op-dressing involves applying fertilizer on the soil surface around the base of the bean plants after the first weeding. This method allows the fertilizer to be directly available to the plants' roots and can improve nutrient uptake and yield.,fertilizer,chunk_402,"Question: what is top-dressing?
Answer: op-dressing involves applying fertilizer on the soil surface around the base of the bean plants after the first weeding. This method allows the fertilizer to be directly available to the plants' roots and can improve nutrient uptake and yield."
How should I fertilize banana plants to maximize yield?,"Banana plants should be regularly fertilized with balanced nutrients, including nitrogen (N), phosphorus (P), and potassium (K), along with micronutrients like magnesium and zinc, to achieve maximum yield.",fertilizer,chunk_403,"Question: How should I fertilize banana plants to maximize yield?
Answer: Banana plants should be regularly fertilized with balanced nutrients, including nitrogen (N), phosphorus (P), and potassium (K), along with micronutrients like magnesium and zinc, to achieve maximum yield."
What type of soil is best for growing onions?,"Onions prefer well-drained, sandy loam or loamy soil with good organic matter content and a pH range between 6.0 and 7.5. Soil should be fertile, with adequate moisture retention and good aeration. Amending soil with compost or organic matter can improve soil structure and fertility, providing a favorable environment for onion bulb development.",fertilizer,chunk_404,"Question: What type of soil is best for growing onions?
Answer: Onions prefer well-drained, sandy loam or loamy soil with good organic matter content and a pH range between 6.0 and 7.5. Soil should be fertile, with adequate moisture retention and good aeration. Amending soil with compost or organic matter can improve soil structure and fertility, providing a favorable environment for onion bulb development."
name the importance of water to soil steucture.,"Water can also affect soil structure by helping to bind soil particles together. This can improve soil stability, reduce erosion, and promote better water and nutrient retention.",fertilizer,chunk_405,"Question: name the importance of water to soil steucture.
Answer: Water can also affect soil structure by helping to bind soil particles together. This can improve soil stability, reduce erosion, and promote better water and nutrient retention."
Define Aeroponics in farming.,"A method where plants grow in an air/mist environment, using minimal water and nutrients.",fertilizer,chunk_406,"Question: Define Aeroponics in farming.
Answer: A method where plants grow in an air/mist environment, using minimal water and nutrients."
"how does precision agriculture technologies, such as remote sensing, soil sensors, and variable-rate application systems help farmers and agronomist.",allow agronomists to optimize fertilizer use by applying nutrients precisely where and when they are needed. This helps reduce wastage and environmental impact.,fertilizer,chunk_407,"Question: how does precision agriculture technologies, such as remote sensing, soil sensors, and variable-rate application systems help farmers and agronomist.
Answer: allow agronomists to optimize fertilizer use by applying nutrients precisely where and when they are needed. This helps reduce wastage and environmental impact."
Why  does cassava doesn't yield better in wetlands,"Cassava roots require well-drained soils with good aeration. In wetland areas, the soil is often waterlogged, which leads to poor oxygen availability in the root zone. Insufficient oxygen can inhibit root development and restrict nutrient uptake, resulting in stunted growth and reduced yields.",fertilizer,chunk_408,"Question: Why  does cassava doesn't yield better in wetlands
Answer: Cassava roots require well-drained soils with good aeration. In wetland areas, the soil is often waterlogged, which leads to poor oxygen availability in the root zone. Insufficient oxygen can inhibit root development and restrict nutrient uptake, resulting in stunted growth and reduced yields."
Why my beans are geminating with yellow leaves.,"Yellowing leaves can be a sign of nutrient deficiency, particularly nitrogen. Beans require an adequate supply of nitrogen for healthy growth. If the soil lacks nitrogen or other essential nutrients, it can result in yellowing leaves.",fertilizer,chunk_409,"Question: Why my beans are geminating with yellow leaves.
Answer: Yellowing leaves can be a sign of nutrient deficiency, particularly nitrogen. Beans require an adequate supply of nitrogen for healthy growth. If the soil lacks nitrogen or other essential nutrients, it can result in yellowing leaves."
How should coconut palms be fertilized for optimal growth and yield?,"Coconut palms benefit from regular fertilization with a balanced blend of macro and micronutrients, including nitrogen (N), phosphorus (P), potassium (K), magnesium (Mg), and calcium (Ca). Fertilizers should be applied evenly around the base of the palm and incorporated into the soil to ensure proper nutrient uptake. Additional applications of organic matter or foliar sprays may be beneficial, especially in sandy soils or during periods of rapid growth.",fertilizer,chunk_410,"Question: How should coconut palms be fertilized for optimal growth and yield?
Answer: Coconut palms benefit from regular fertilization with a balanced blend of macro and micronutrients, including nitrogen (N), phosphorus (P), potassium (K), magnesium (Mg), and calcium (Ca). Fertilizers should be applied evenly around the base of the palm and incorporated into the soil to ensure proper nutrient uptake. Additional applications of organic matter or foliar sprays may be beneficial, especially in sandy soils or during periods of rapid growth."
How can nitrogen deficiency be identified in citrus trees?,"Nitrogen deficiency in citrus trees can be identified by observing symptoms such as pale green or yellow leaves, stunted growth, and reduced fruit size.",fertilizer,chunk_411,"Question: How can nitrogen deficiency be identified in citrus trees?
Answer: Nitrogen deficiency in citrus trees can be identified by observing symptoms such as pale green or yellow leaves, stunted growth, and reduced fruit size."
Overuse of synthetic fertilizers can lead to?," soil degradation, including nutrient depletion, reduced organic matter content, and increased soil acidity",fertilizer,chunk_412,"Question: Overuse of synthetic fertilizers can lead to?
Answer:  soil degradation, including nutrient depletion, reduced organic matter content, and increased soil acidity"
which nutrients are required for high yield in cassava.,"nitrogen, phosphorus, and potassium",fertilizer,chunk_413,"Question: which nutrients are required for high yield in cassava.
Answer: nitrogen, phosphorus, and potassium"
what are organic fertilizers.,"Organic fertilizers are made from natural materials such as compost, manure, and bone meal. They can provide a range of nutrients and help to improve soil structure and fertility over time.",fertilizer,chunk_414,"Question: what are organic fertilizers.
Answer: Organic fertilizers are made from natural materials such as compost, manure, and bone meal. They can provide a range of nutrients and help to improve soil structure and fertility over time."
which nutrients can we get from cassava roots.,"The root is rich in carbohydrates and contains essential nutrients such as iron, calcium, and vitamin C.",fertilizer,chunk_415,"Question: which nutrients can we get from cassava roots.
Answer: The root is rich in carbohydrates and contains essential nutrients such as iron, calcium, and vitamin C."
Why is CAN is generally preferred for top dressing in maize.,"it releases nitrogen slowly, over a period of several weeks, which helps to avoid leaching and loss of nitrogen.",fertilizer,chunk_416,"Question: Why is CAN is generally preferred for top dressing in maize.
Answer: it releases nitrogen slowly, over a period of several weeks, which helps to avoid leaching and loss of nitrogen."
why do farmers apply manure.,to improve soil fertility and moisture retention.,fertilizer,chunk_417,"Question: why do farmers apply manure.
Answer: to improve soil fertility and moisture retention."
What fertilization practices are recommended for banana plants to increase productivity?,"Recommended fertilization practices for banana plants involve regular application of balanced nutrients, including nitrogen (N), phosphorus (P), and potassium (K), supplemented with micronutrients like magnesium and zinc, to enhance productivity and yield.",fertilizer,chunk_418,"Question: What fertilization practices are recommended for banana plants to increase productivity?
Answer: Recommended fertilization practices for banana plants involve regular application of balanced nutrients, including nitrogen (N), phosphorus (P), and potassium (K), supplemented with micronutrients like magnesium and zinc, to enhance productivity and yield."
what are green manure used for?,to manage a range of soil macronutrients and micronutrients,fertilizer,chunk_419,"Question: what are green manure used for?
Answer: to manage a range of soil macronutrients and micronutrients"
can deforestation affect soil nutrients?,"Deforestation can cause soil erosion and loss of soil organic matter, which can reduce soil fertility and productivity.",fertilizer,chunk_420,"Question: can deforestation affect soil nutrients?
Answer: Deforestation can cause soil erosion and loss of soil organic matter, which can reduce soil fertility and productivity."
What kind of fertilizer should I use for mango trees?,A balanced fertilizer with a ratio like 6-6-6 or 8-3-9 (N-P-K) supplemented with micronutrients like zinc and magnesium is suitable for mango trees. Apply in split doses.,fertilizer,chunk_421,"Question: What kind of fertilizer should I use for mango trees?
Answer: A balanced fertilizer with a ratio like 6-6-6 or 8-3-9 (N-P-K) supplemented with micronutrients like zinc and magnesium is suitable for mango trees. Apply in split doses."
"which nutrient  is important for root development, flowering, and fruiting.",Phosphorus ,fertilizer,chunk_422,"Question: which nutrient  is important for root development, flowering, and fruiting.
Answer: Phosphorus "
name the various forms in which fertilizers can be applied?,"granular, liquid, and foliar applications.",fertilizer,chunk_423,"Question: name the various forms in which fertilizers can be applied?
Answer: granular, liquid, and foliar applications."
What is the best approach to fertilizing banana plants for maximum growth?,"The best approach to fertilizing banana plants for maximum growth is to use a balanced fertilizer with a high potassium (K) content, such as 6-2-12 NPK, supplemented with organic matter. Apply fertilizers in split doses throughout the year for optimal results.",fertilizer,chunk_424,"Question: What is the best approach to fertilizing banana plants for maximum growth?
Answer: The best approach to fertilizing banana plants for maximum growth is to use a balanced fertilizer with a high potassium (K) content, such as 6-2-12 NPK, supplemented with organic matter. Apply fertilizers in split doses throughout the year for optimal results."
which nutrient is essential for the production of chlorophyll.,Nitrogen ,fertilizer,chunk_425,"Question: which nutrient is essential for the production of chlorophyll.
Answer: Nitrogen "
what is plant nutrition?,refers to the process by which plants obtain and utilize essential nutrients for growth and development. ,fertilizer,chunk_426,"Question: what is plant nutrition?
Answer: refers to the process by which plants obtain and utilize essential nutrients for growth and development. "
how is farmyard manure derived?,"Farmyard manure is typically derived from animal waste, such as cow dung, and contains a mix of organic matter, nutrients, and microorganisms. It provides a slow-release source of nutrients and helps improve soil structure and moisture retention.",fertilizer,chunk_427,"Question: how is farmyard manure derived?
Answer: Farmyard manure is typically derived from animal waste, such as cow dung, and contains a mix of organic matter, nutrients, and microorganisms. It provides a slow-release source of nutrients and helps improve soil structure and moisture retention."
name two types fertilizers.,organic and inorganic fertilizers,fertilizer,chunk_428,"Question: name two types fertilizers.
Answer: organic and inorganic fertilizers"
why are farmers not encouraged to collect soil samples compost piles or manure storage., These areas may have localized nutrient concentrations that do not represent the overall soil fertility.,fertilizer,chunk_429,"Question: why are farmers not encouraged to collect soil samples compost piles or manure storage.
Answer:  These areas may have localized nutrient concentrations that do not represent the overall soil fertility."
why should you cassava plant regularly.,to ensure that the cassava plants have enough nutrients and sunlight to grow,fertilizer,chunk_430,"Question: why should you cassava plant regularly.
Answer: to ensure that the cassava plants have enough nutrients and sunlight to grow"
what is other use of farmyard manure.,"help to increase the porosity of the soil, allowing for better infiltration of water and air into the soil. This can also help to prevent soil compaction, which can reduce the amount of water that is able to infiltrate the soil and stay there.",fertilizer,chunk_431,"Question: what is other use of farmyard manure.
Answer: help to increase the porosity of the soil, allowing for better infiltration of water and air into the soil. This can also help to prevent soil compaction, which can reduce the amount of water that is able to infiltrate the soil and stay there."
Where can we get fertilizer on low price for maize?,"Agricultural input suppliers: Visit local agricultural input suppliers or agro-dealers in your area. They often offer a range of fertilizers, including both synthetic and organic options, at competitive prices. Inquire about any discounts or promotions they may have.

Farmer cooperatives: Joining a farmer cooperative or collective can provide access to bulk purchasing and discounted prices on agricultural inputs, including fertilizers. Cooperative members often benefit from collective bargaining power and can negotiate better prices with suppliers.

Government subsidies or programs: In some countries, governments may offer subsidies or support programs for agricultural inputs, including fertilizers. Check with local agricultural extension services or government agricultural agencies to see if there are any such programs available in your area.

Local composting or organic waste initiatives: If you are interested in organic fertilizers, consider exploring local composting initiatives or organic waste management programs. These initiatives may offer compost or organic fertilizers at lower prices or even for free, as they aim to promote sustainable waste management practices.",fertilizer,chunk_432,"Question: Where can we get fertilizer on low price for maize?
Answer: Agricultural input suppliers: Visit local agricultural input suppliers or agro-dealers in your area. They often offer a range of fertilizers, including both synthetic and organic options, at competitive prices. Inquire about any discounts or promotions they may have.

Farmer cooperatives: Joining a farmer cooperative or collective can provide access to bulk purchasing and discounted prices on agricultural inputs, including fertilizers. Cooperative members often benefit from collective bargaining power and can negotiate better prices with suppliers.

Government subsidies or programs: In some countries, governments may offer subsidies or support programs for agricultural inputs, including fertilizers. Check with local agricultural extension services or government agricultural agencies to see if there are any such programs available in your area.

Local composting or organic waste initiatives: If you are interested in organic fertilizers, consider exploring local composting initiatives or organic waste management programs. These initiatives may offer compost or organic fertilizers at lower prices or even for free, as they aim to promote sustainable waste management practices."
what is balanced ratio of phosphorus and potassium suitable for beans.,10-20-10 or 12-24-12,fertilizer,chunk_433,"Question: what is balanced ratio of phosphorus and potassium suitable for beans.
Answer: 10-20-10 or 12-24-12"
what are some of the advantages of Band placement of fertilizers.,"By placing the fertilizers in rows, you can specifically target the area around the plant roots where nutrient uptake is most active. This allows for more efficient use of the fertilizer and reduces the risk of nutrient loss through leaching or runoff.",fertilizer,chunk_434,"Question: what are some of the advantages of Band placement of fertilizers.
Answer: By placing the fertilizers in rows, you can specifically target the area around the plant roots where nutrient uptake is most active. This allows for more efficient use of the fertilizer and reduces the risk of nutrient loss through leaching or runoff."
name examples of Potassium-based fertilizers.," potassium sulfate or potassium chloride,",fertilizer,chunk_435,"Question: name examples of Potassium-based fertilizers.
Answer:  potassium sulfate or potassium chloride,"
Which type of fertilizer is good to apply for beans,"beans do require other essential nutrients such as phosphorus, potassium, and micronutrients. The specific fertilizer recommendation for beans will depend on the nutrient status of the soil, which can be determined through soil testing.",fertilizer,chunk_436,"Question: Which type of fertilizer is good to apply for beans
Answer: beans do require other essential nutrients such as phosphorus, potassium, and micronutrients. The specific fertilizer recommendation for beans will depend on the nutrient status of the soil, which can be determined through soil testing."
name examples of phosphorous fertilizers,triple superphosphate and diammonium phosphate.,fertilizer,chunk_437,"Question: name examples of phosphorous fertilizers
Answer: triple superphosphate and diammonium phosphate."
what type of fertilizers are made from chemical?,synthetic fertilizers,fertilizer,chunk_438,"Question: what type of fertilizers are made from chemical?
Answer: synthetic fertilizers"
Which soil is better for maize production?,"Maize requires well-drained soils with a good supply of nutrients and moisture. It cannot withstand even a slight degree of waterlogging and therefore can be killed if stands in water for a day. Preferred soil for maize production should also be deep, well-aerated with moderate pH 5.5-6.5, and rich in organic matter.",fertilizer,chunk_439,"Question: Which soil is better for maize production?
Answer: Maize requires well-drained soils with a good supply of nutrients and moisture. It cannot withstand even a slight degree of waterlogging and therefore can be killed if stands in water for a day. Preferred soil for maize production should also be deep, well-aerated with moderate pH 5.5-6.5, and rich in organic matter."
Do the use of artificial fertilizers degrade the soil? ," Artificial fertilizers primarily provide nutrients without adding organic matter to the soil. This can lead to a decrease in organic matter content over time, affecting soil structure, water-holding capacity, and nutrient cycling.",fertilizer,chunk_440,"Question: Do the use of artificial fertilizers degrade the soil? 
Answer:  Artificial fertilizers primarily provide nutrients without adding organic matter to the soil. This can lead to a decrease in organic matter content over time, affecting soil structure, water-holding capacity, and nutrient cycling."
What facilitates farm yard manure to loosen upper soil layers? ," Farm yard manure is rich in organic matter, which improves soil structure and promotes aggregation. Organic matter helps to bind soil particles together, creating pore spaces and improving soil porosity. This allows for better air and water movement in the soil, leading to improved soil structure and less compacted soil.
",fertilizer,chunk_441,"Question: What facilitates farm yard manure to loosen upper soil layers? 
Answer:  Farm yard manure is rich in organic matter, which improves soil structure and promotes aggregation. Organic matter helps to bind soil particles together, creating pore spaces and improving soil porosity. This allows for better air and water movement in the soil, leading to improved soil structure and less compacted soil.
"
What are the symptoms of nitrogen deficiency in citrus trees?,"Symptoms of nitrogen deficiency in citrus trees include pale green or yellow leaves, stunted growth, and reduced fruit size.",fertilizer,chunk_442,"Question: What are the symptoms of nitrogen deficiency in citrus trees?
Answer: Symptoms of nitrogen deficiency in citrus trees include pale green or yellow leaves, stunted growth, and reduced fruit size."
How can I control weeds in my banana plantation?,"Weed management in banana plantations involves regular manual weeding, mulching with organic materials, and using herbicides sparingly to prevent competition for nutrients and water, thus promoting the growth of banana plants.",fertilizer,chunk_443,"Question: How can I control weeds in my banana plantation?
Answer: Weed management in banana plantations involves regular manual weeding, mulching with organic materials, and using herbicides sparingly to prevent competition for nutrients and water, thus promoting the growth of banana plants."
what happens during biological nitrogen fixation?,convert biologically unavailable atmospheric nitrogen gas (N2) to biologically available ammonium (NH+4),fertilizer,chunk_444,"Question: what happens during biological nitrogen fixation?
Answer: convert biologically unavailable atmospheric nitrogen gas (N2) to biologically available ammonium (NH+4)"
What strategies should I employ to manage weeds in my banana plantation?,"To manage weeds in a banana plantation effectively, implement regular manual weeding, apply mulch using organic materials, and use herbicides carefully to reduce competition for nutrients and water, thereby promoting the growth and development of banana plants.",fertilizer,chunk_445,"Question: What strategies should I employ to manage weeds in my banana plantation?
Answer: To manage weeds in a banana plantation effectively, implement regular manual weeding, apply mulch using organic materials, and use herbicides carefully to reduce competition for nutrients and water, thereby promoting the growth and development of banana plants."
Describe the preferred soil characteristics for growing chili peppers.,"The best soil for growing chili peppers is well-drained, sandy loam, or loamy soil with a pH range of 6.0 to 7.0. It should be rich in organic matter, ensuring good moisture retention and proper aeration. Amending soil with compost or organic matter improves soil structure and fertility, creating an optimal environment for chili pepper growth. Additionally, fertile soil with adequate nutrients supports healthy plant development and robust fruit production.",fertilizer,chunk_446,"Question: Describe the preferred soil characteristics for growing chili peppers.
Answer: The best soil for growing chili peppers is well-drained, sandy loam, or loamy soil with a pH range of 6.0 to 7.0. It should be rich in organic matter, ensuring good moisture retention and proper aeration. Amending soil with compost or organic matter improves soil structure and fertility, creating an optimal environment for chili pepper growth. Additionally, fertile soil with adequate nutrients supports healthy plant development and robust fruit production."
What type of soil is best for growing garlic?,"Garlic prefers well-drained, loamy soil with good organic matter content and a pH range between 6.0 and 7.5. Soil should be fertile, with adequate moisture retention and good aeration. Amending soil with compost or organic matter can improve soil structure and fertility, providing a favorable environment for garlic bulb development.",fertilizer,chunk_447,"Question: What type of soil is best for growing garlic?
Answer: Garlic prefers well-drained, loamy soil with good organic matter content and a pH range between 6.0 and 7.5. Soil should be fertile, with adequate moisture retention and good aeration. Amending soil with compost or organic matter can improve soil structure and fertility, providing a favorable environment for garlic bulb development."
which fertilizer can be used  once the plants are at least 45 centimeters high.,CAN ,fertilizer,chunk_448,"Question: which fertilizer can be used  once the plants are at least 45 centimeters high.
Answer: CAN "
what are the negative consequences of fertilizers for the environment.,pollution of waterways and harm to aquatic ecosystems.,fertilizer,chunk_449,"Question: what are the negative consequences of fertilizers for the environment.
Answer: pollution of waterways and harm to aquatic ecosystems."
what are Water-absorbing polymers,"These are synthetic materials that can absorb and retain large amounts of water, releasing it slowly to plant roots. They can be added to soil or mixed with fertilizer, and can help reduce watering frequency and improve plant survival during drought conditions.",fertilizer,chunk_450,"Question: what are Water-absorbing polymers
Answer: These are synthetic materials that can absorb and retain large amounts of water, releasing it slowly to plant roots. They can be added to soil or mixed with fertilizer, and can help reduce watering frequency and improve plant survival during drought conditions."
The deficiency of phosphorus results into?,"poor root development, slow growth, and reduced flowering and fruiting",fertilizer,chunk_451,"Question: The deficiency of phosphorus results into?
Answer: poor root development, slow growth, and reduced flowering and fruiting"
what is farmyard manure.,"Farmyard manure (FYM), also known as organic manure or compost, is a mixture of animal waste, plant residues, and other organic materials that have been decomposed by microorganisms",fertilizer,chunk_452,"Question: what is farmyard manure.
Answer: Farmyard manure (FYM), also known as organic manure or compost, is a mixture of animal waste, plant residues, and other organic materials that have been decomposed by microorganisms"
what are Single nutrient fertilizers., supply 1 or 2 of these nutrients.,fertilizer,chunk_453,"Question: what are Single nutrient fertilizers.
Answer:  supply 1 or 2 of these nutrients."
how does nitrogen-fixing bacteria helps improve soil fertility.,"help to improve soil fertility by converting atmospheric nitrogen into a form that plants can use.
",fertilizer,chunk_454,"Question: how does nitrogen-fixing bacteria helps improve soil fertility.
Answer: help to improve soil fertility by converting atmospheric nitrogen into a form that plants can use.
"
why must farmers  balance the benefits of tillage against its potential negative impacts,excessive tillage can lead to soil erosion and nutrient loss,fertilizer,chunk_455,"Question: why must farmers  balance the benefits of tillage against its potential negative impacts
Answer: excessive tillage can lead to soil erosion and nutrient loss"
What is CAN.,"CAN is a granular fertilizer that contains a mixture of calcium and ammonium nitrate. It is a good source of both calcium and nitrogen, which are important for plant growth",fertilizer,chunk_456,"Question: What is CAN.
Answer: CAN is a granular fertilizer that contains a mixture of calcium and ammonium nitrate. It is a good source of both calcium and nitrogen, which are important for plant growth"
what is Composting?,"Composting involves decomposing organic materials such as animal manure, food waste, and yard trimmings to create a nutrient-rich soil amendment that can be added back to the soil.",fertilizer,chunk_457,"Question: what is Composting?
Answer: Composting involves decomposing organic materials such as animal manure, food waste, and yard trimmings to create a nutrient-rich soil amendment that can be added back to the soil."
what is the basic principle of organic farming,keeping the soil rich with nutrients by feeding it natural fertilizers such as cow manure,fertilizer,chunk_458,"Question: what is the basic principle of organic farming
Answer: keeping the soil rich with nutrients by feeding it natural fertilizers such as cow manure"
how can reliable rainfall improve soil health?,Rainfall can help to improve soil health by providing the moisture needed for microbial activity and nutrient cycling.,fertilizer,chunk_459,"Question: how can reliable rainfall improve soil health?
Answer: Rainfall can help to improve soil health by providing the moisture needed for microbial activity and nutrient cycling."
how can conservation tillage helps improve soil fertility.,"Reducing the frequency and intensity of tillage can help to preserve soil structure, prevent erosion, and improve nutrient retention.",fertilizer,chunk_460,"Question: how can conservation tillage helps improve soil fertility.
Answer: Reducing the frequency and intensity of tillage can help to preserve soil structure, prevent erosion, and improve nutrient retention."
What essential nutrients are required for healthy sapota tree growth and fruiting?,"Healthy sapota tree growth and fruiting rely on essential nutrients such as nitrogen (N), phosphorus (P), potassium (K), calcium (Ca), magnesium (Mg), and micronutrients like iron (Fe) and zinc (Zn). Identifying nutrient deficiencies through soil testing and leaf analysis enables targeted fertilization practices to optimize sapota tree health and enhance fruit production.",fertilizer,chunk_461,"Question: What essential nutrients are required for healthy sapota tree growth and fruiting?
Answer: Healthy sapota tree growth and fruiting rely on essential nutrients such as nitrogen (N), phosphorus (P), potassium (K), calcium (Ca), magnesium (Mg), and micronutrients like iron (Fe) and zinc (Zn). Identifying nutrient deficiencies through soil testing and leaf analysis enables targeted fertilization practices to optimize sapota tree health and enhance fruit production."
what are Synthetic fertilizers?,are typically made from chemicals and minerals and are designed to provide plants with specific nutrients,fertilizer,chunk_462,"Question: what are Synthetic fertilizers?
Answer: are typically made from chemicals and minerals and are designed to provide plants with specific nutrients"
which provides nutrients that is important for root development and flower and fruit production.,Phosphorus Fertilizers,fertilizer,chunk_463,"Question: which provides nutrients that is important for root development and flower and fruit production.
Answer: Phosphorus Fertilizers"
What is the recommended dosage of fertilizer for growing strawberries in sandy soil?,"Generally, a balanced fertilizer with an NPK ratio of 10-10-10 is recommended for sandy soil. However, the exact dosage may vary depending on the specific soil conditions and the age of the plants",fertilizer,chunk_464,"Question: What is the recommended dosage of fertilizer for growing strawberries in sandy soil?
Answer: Generally, a balanced fertilizer with an NPK ratio of 10-10-10 is recommended for sandy soil. However, the exact dosage may vary depending on the specific soil conditions and the age of the plants"
which nutrients are provided by fertilizers?," nitrogen, phosphorus, and potassium",fertilizer,chunk_465,"Question: which nutrients are provided by fertilizers?
Answer:  nitrogen, phosphorus, and potassium"
which fertilizer is advisable to be used during the flowering and grain filling stage., GoldChance super flowers &fruit fertilizer or with DIMIPHITE,fertilizer,chunk_466,"Question: which fertilizer is advisable to be used during the flowering and grain filling stage.
Answer:  GoldChance super flowers &fruit fertilizer or with DIMIPHITE"
How should garlic be fertilized for optimal growth and bulb development?,"Garlic benefits from balanced fertilization with a focus on phosphorus (P) and potassium (K) for bulb development. Applying a fertilizer with a ratio of 10-10-10 or similar NPK (Nitrogen-Phosphorus-Potassium) blend, supplemented with micronutrients like sulfur and magnesium, can support healthy growth and bulb formation.",fertilizer,chunk_467,"Question: How should garlic be fertilized for optimal growth and bulb development?
Answer: Garlic benefits from balanced fertilization with a focus on phosphorus (P) and potassium (K) for bulb development. Applying a fertilizer with a ratio of 10-10-10 or similar NPK (Nitrogen-Phosphorus-Potassium) blend, supplemented with micronutrients like sulfur and magnesium, can support healthy growth and bulb formation."
how can nutrient management help in improving red soil.,"Conduct a soil test to determine the nutrient deficiencies in the soil. Based on the test results, apply the necessary fertilizers to provide adequate levels of essential nutrients, such as nitrogen, phosphorus, and potassium. This helps to optimize plant growth and yield.",fertilizer,chunk_468,"Question: how can nutrient management help in improving red soil.
Answer: Conduct a soil test to determine the nutrient deficiencies in the soil. Based on the test results, apply the necessary fertilizers to provide adequate levels of essential nutrients, such as nitrogen, phosphorus, and potassium. This helps to optimize plant growth and yield."
excessive tillage can lead to ?,soil erosion and nutrient loss,fertilizer,chunk_469,"Question: excessive tillage can lead to ?
Answer: soil erosion and nutrient loss"
What nutrients are essential for healthy sapota tree growth and fruiting?,"Sapota trees require nutrients such as nitrogen (N), phosphorus (P), potassium (K), calcium (Ca), magnesium (Mg), and micronutrients like iron (Fe) and zinc (Zn) for healthy growth and fruit production. Soil testing and leaf analysis help determine nutrient deficiencies and guide fertilization practices.",fertilizer,chunk_470,"Question: What nutrients are essential for healthy sapota tree growth and fruiting?
Answer: Sapota trees require nutrients such as nitrogen (N), phosphorus (P), potassium (K), calcium (Ca), magnesium (Mg), and micronutrients like iron (Fe) and zinc (Zn) for healthy growth and fruit production. Soil testing and leaf analysis help determine nutrient deficiencies and guide fertilization practices."
why is sit recommended to conduct soil test?,to determine the nutrient status of your soil and to consult with local agricultural extension services or agronomists for precise fertilizer recommendations based on your specific location.,fertilizer,chunk_471,"Question: why is sit recommended to conduct soil test?
Answer: to determine the nutrient status of your soil and to consult with local agricultural extension services or agronomists for precise fertilizer recommendations based on your specific location."
what are the causes of soil degradation?,"erosion, compaction, and nutrient depletion",fertilizer,chunk_472,"Question: what are the causes of soil degradation?
Answer: erosion, compaction, and nutrient depletion"
name any one example of compound fertilizers.,10-20-10 or 14-14-14,fertilizer,chunk_473,"Question: name any one example of compound fertilizers.
Answer: 10-20-10 or 14-14-14"
what is band placement of fertilizers,where the fertilizers are placed in rows near the plant roots,fertilizer,chunk_474,"Question: what is band placement of fertilizers
Answer: where the fertilizers are placed in rows near the plant roots"
name examples of compound fertilizers.,"NPK (Nitrogen-Phosphorus-Potasium) 15:15:15, NPK 17:17:17, or NPK 20:10:10",fertilizer,chunk_475,"Question: name examples of compound fertilizers.
Answer: NPK (Nitrogen-Phosphorus-Potasium) 15:15:15, NPK 17:17:17, or NPK 20:10:10"
what are complete fertilizers.,"provide a balance of nitrogen, phosphorus, and potassium in a single product",fertilizer,chunk_476,"Question: what are complete fertilizers.
Answer: provide a balance of nitrogen, phosphorus, and potassium in a single product"
does spacing reduce competition for resources?,"When beans are spaced adequately, there is less competition among plants for essential resources like water, nutrients, and light. This allows each plant to access the resources it needs without being hindered by neighboring plants, resulting in more vigorous growth.
",fertilizer,chunk_477,"Question: does spacing reduce competition for resources?
Answer: When beans are spaced adequately, there is less competition among plants for essential resources like water, nutrients, and light. This allows each plant to access the resources it needs without being hindered by neighboring plants, resulting in more vigorous growth.
"
how does  Fertilisers  reduce terrestrial biodiversity .,"by increasing competition for light, favouring those species that are able to benefit from the added nutrients. ",fertilizer,chunk_478,"Question: how does  Fertilisers  reduce terrestrial biodiversity .
Answer: by increasing competition for light, favouring those species that are able to benefit from the added nutrients. "
name the components of nitrogen fertilizers.,"ammonium nitrate, urea, and ammonium sulphate",fertilizer,chunk_479,"Question: name the components of nitrogen fertilizers.
Answer: ammonium nitrate, urea, and ammonium sulphate"
How should chili peppers be fertilized for optimal growth and fruiting?,"Chili peppers benefit from balanced fertilization with a focus on phosphorus (P) and potassium (K) for fruit development. Applying a fertilizer with a ratio of 10-10-10 or similar NPK (Nitrogen-Phosphorus-Potassium) blend, supplemented with micronutrients like magnesium and calcium, can support healthy growth and fruit production.",fertilizer,chunk_480,"Question: How should chili peppers be fertilized for optimal growth and fruiting?
Answer: Chili peppers benefit from balanced fertilization with a focus on phosphorus (P) and potassium (K) for fruit development. Applying a fertilizer with a ratio of 10-10-10 or similar NPK (Nitrogen-Phosphorus-Potassium) blend, supplemented with micronutrients like magnesium and calcium, can support healthy growth and fruit production."
How can Tillage improve productivity.,"warming the soil, incorporating fertilizer and controlling weeds, but also renders soil more prone to erosion, triggers the decomposition of organic matter releasing CO2, and reduces the abundance and diversity of soil organisms.",fertilizer,chunk_481,"Question: How can Tillage improve productivity.
Answer: warming the soil, incorporating fertilizer and controlling weeds, but also renders soil more prone to erosion, triggers the decomposition of organic matter releasing CO2, and reduces the abundance and diversity of soil organisms."
which symptoms are evident of Micronutrient deficiencies,"leaf discoloration, reduced growth, and poor reproductive performance",fertilizer,chunk_482,"Question: which symptoms are evident of Micronutrient deficiencies
Answer: leaf discoloration, reduced growth, and poor reproductive performance"
which nutrients are present in farmyard manure.,"nitrogen, phosphorus, and potassium,",fertilizer,chunk_483,"Question: which nutrients are present in farmyard manure.
Answer: nitrogen, phosphorus, and potassium,"
how can you minimize the effects of anti-nutrients in beans.,"it is recommended to soak, sprout, or ferment the beans before milling them. These processes can help to break down the anti-nutrients and make the nutrients more bioavailable.",fertilizer,chunk_484,"Question: how can you minimize the effects of anti-nutrients in beans.
Answer: it is recommended to soak, sprout, or ferment the beans before milling them. These processes can help to break down the anti-nutrients and make the nutrients more bioavailable."
what are Soil microarthropods.,"These are small, soil-dwelling organisms such as mites and springtails that play important roles in soil nutrient cycling and decomposition.",fertilizer,chunk_485,"Question: what are Soil microarthropods.
Answer: These are small, soil-dwelling organisms such as mites and springtails that play important roles in soil nutrient cycling and decomposition."
Can over boiling maize make it loss Carbohydrates?," Boiling maize grains does not significantly affect the carbohydrate content, so the length of time for boiling is not critical for this nutrient.",fertilizer,chunk_486,"Question: Can over boiling maize make it loss Carbohydrates?
Answer:  Boiling maize grains does not significantly affect the carbohydrate content, so the length of time for boiling is not critical for this nutrient."
what are nitrogen fertilizers?,"These fertilizers are designed to provide nitrogen, which is an essential nutrient for plant growth",fertilizer,chunk_487,"Question: what are nitrogen fertilizers?
Answer: These fertilizers are designed to provide nitrogen, which is an essential nutrient for plant growth"
which soil organism play a critical role in nutrient cycling.,"bacteria and fungi,",fertilizer,chunk_488,"Question: which soil organism play a critical role in nutrient cycling.
Answer: bacteria and fungi,"
how can sandy soil be improved.,"sandy soil can be improved by adding organic matter such as compost or manure, which can help to retain moisture and nutrients.",fertilizer,chunk_489,"Question: how can sandy soil be improved.
Answer: sandy soil can be improved by adding organic matter such as compost or manure, which can help to retain moisture and nutrients."
why is compost manure important.,"Compost enhances soil fertility, promotes microbial activity, and improves soil structure and nutrient retention.",fertilizer,chunk_490,"Question: why is compost manure important.
Answer: Compost enhances soil fertility, promotes microbial activity, and improves soil structure and nutrient retention."
"What fertilizers should be used for apple trees, and when?","Apple trees benefit from balanced fertilization with a focus on nitrogen (N), phosphorus (P), and potassium (K). Fertilizers should be applied in early spring before bud break, with additional applications in late spring and early summer as needed. Soil testing helps determine nutrient deficiencies and guides fertilizer application rates.",fertilizer,chunk_491,"Question: What fertilizers should be used for apple trees, and when?
Answer: Apple trees benefit from balanced fertilization with a focus on nitrogen (N), phosphorus (P), and potassium (K). Fertilizers should be applied in early spring before bud break, with additional applications in late spring and early summer as needed. Soil testing helps determine nutrient deficiencies and guides fertilizer application rates."
What fertilization practices are recommended for banana plants to enhance growth?,"Recommended fertilization practices for banana plants involve using a balanced fertilizer with a high potassium (K) content, like 6-2-12 NPK, along with organic matter. Apply fertilizers in split doses throughout the year to support optimal growth and development.",fertilizer,chunk_492,"Question: What fertilization practices are recommended for banana plants to enhance growth?
Answer: Recommended fertilization practices for banana plants involve using a balanced fertilizer with a high potassium (K) content, like 6-2-12 NPK, along with organic matter. Apply fertilizers in split doses throughout the year to support optimal growth and development."
which types of fertilizers are designed to release nutrients slowly over an extended period of time.,Slow-Release Fertilizers,fertilizer,chunk_493,"Question: which types of fertilizers are designed to release nutrients slowly over an extended period of time.
Answer: Slow-Release Fertilizers"
"Besides cow dung and urine, what does farmyard manure contain.",Animal bedding,fertilizer,chunk_494,"Question: Besides cow dung and urine, what does farmyard manure contain.
Answer: Animal bedding"
"How should apple trees be fertilized, and when is the best time for application?","Apple trees should be fertilized with a balanced fertilizer containing nitrogen (N), phosphorus (P), and potassium (K) in early spring before bud break. Additional applications may be needed in late spring and early summer based on soil nutrient levels and tree growth. Soil testing helps determine specific fertilizer requirements.",fertilizer,chunk_495,"Question: How should apple trees be fertilized, and when is the best time for application?
Answer: Apple trees should be fertilized with a balanced fertilizer containing nitrogen (N), phosphorus (P), and potassium (K) in early spring before bud break. Additional applications may be needed in late spring and early summer based on soil nutrient levels and tree growth. Soil testing helps determine specific fertilizer requirements."
any other way soil nutrients can be lost?,Monoculture,fertilizer,chunk_496,"Question: any other way soil nutrients can be lost?
Answer: Monoculture"
why is it advisable or recommended to conduct a soil test before fertilizer application.,to determine the soil nutrient levels and to calculate the appropriate fertilizer application rate,fertilizer,chunk_497,"Question: why is it advisable or recommended to conduct a soil test before fertilizer application.
Answer: to determine the soil nutrient levels and to calculate the appropriate fertilizer application rate"
which micronutrients are present in most common fertilizers.,"iron, manganese, and zinc",fertilizer,chunk_498,"Question: which micronutrients are present in most common fertilizers.
Answer: iron, manganese, and zinc"
why do place the fertilizers in close proximity to the plant roots.,it ensures that the nutrients are readily available to the plants for uptake and utilization.,fertilizer,chunk_499,"Question: why do place the fertilizers in close proximity to the plant roots.
Answer: it ensures that the nutrients are readily available to the plants for uptake and utilization."
Which fertilizer is best for increase of productive of beans,Phosphorus (P) and potassium (K) are two key nutrients,fertilizer,chunk_500,"Question: Which fertilizer is best for increase of productive of beans
Answer: Phosphorus (P) and potassium (K) are two key nutrients"
how can artificial fertilizers conserve soil,"Synthetic fertilizers provide essential nutrients to plants in a readily available form. When used correctly and in appropriate amounts, they can enhance plant growth and productivity. This can indirectly contribute to soil conservation by promoting healthy plant growth, which can lead to better root development and soil structure.",fertilizer,chunk_501,"Question: how can artificial fertilizers conserve soil
Answer: Synthetic fertilizers provide essential nutrients to plants in a readily available form. When used correctly and in appropriate amounts, they can enhance plant growth and productivity. This can indirectly contribute to soil conservation by promoting healthy plant growth, which can lead to better root development and soil structure."
Which type of fertilizer is good to apply for beans,"Regarding the best fertilizers for beans, it is important to consider the nutrient status of the soil and to follow soil test recommendations",fertilizer,chunk_502,"Question: Which type of fertilizer is good to apply for beans
Answer: Regarding the best fertilizers for beans, it is important to consider the nutrient status of the soil and to follow soil test recommendations"
How should I fertilize banana plants for maximum yield?,"Banana plants require regular fertilization with balanced nutrients, including nitrogen (N), phosphorus (P), and potassium (K), supplemented with micronutrients like magnesium and zinc.",fertilizer,chunk_503,"Question: How should I fertilize banana plants for maximum yield?
Answer: Banana plants require regular fertilization with balanced nutrients, including nitrogen (N), phosphorus (P), and potassium (K), supplemented with micronutrients like magnesium and zinc."
What is the best approach to fertilizing banana plants for optimal yield?,"The best approach to fertilizing banana plants for optimal yield is to provide regular applications of balanced nutrients, including nitrogen (N), phosphorus (P), and potassium (K), as well as micronutrients like magnesium and zinc, to support healthy growth and maximum productivity.",fertilizer,chunk_504,"Question: What is the best approach to fertilizing banana plants for optimal yield?
Answer: The best approach to fertilizing banana plants for optimal yield is to provide regular applications of balanced nutrients, including nitrogen (N), phosphorus (P), and potassium (K), as well as micronutrients like magnesium and zinc, to support healthy growth and maximum productivity."
wat is the vitalness of calcium?,"Calcium plays a crucial role in plant development and helps in cell wall formation, nutrient uptake, and overall plant health",fertilizer,chunk_505,"Question: wat is the vitalness of calcium?
Answer: Calcium plays a crucial role in plant development and helps in cell wall formation, nutrient uptake, and overall plant health"
how does farm yard manure (FYM) helps preserve moisture in the soil.,"FYM, being an organic matter, has the ability to improve soil structure and increase its water-holding capacity. It enhances the soil's ability to retain moisture and reduces water runoff or drainage, allowing the water to stay within the root zone of the plants for a longer time.
",fertilizer,chunk_506,"Question: how does farm yard manure (FYM) helps preserve moisture in the soil.
Answer: FYM, being an organic matter, has the ability to improve soil structure and increase its water-holding capacity. It enhances the soil's ability to retain moisture and reduces water runoff or drainage, allowing the water to stay within the root zone of the plants for a longer time.
"
which micronutrients do beans require.,"calcium, magnesium, and sulfur",fertilizer,chunk_507,"Question: which micronutrients do beans require.
Answer: calcium, magnesium, and sulfur"
what type of fertilizers can be applied for maize?,"DAP, NPK, and CAN",fertilizer,chunk_508,"Question: what type of fertilizers can be applied for maize?
Answer: DAP, NPK, and CAN"
how can microbial activity help facilitate the loosening of the upper soil layers when farmyard manure is applied.,"Farm yard manure provides a food source for soil microorganisms. These microorganisms break down the organic matter in the manure, releasing nutrients and byproducts that contribute to the formation of soil aggregates. Microbial activity also produces substances that help bind soil particles together and enhance soil stability.",fertilizer,chunk_509,"Question: how can microbial activity help facilitate the loosening of the upper soil layers when farmyard manure is applied.
Answer: Farm yard manure provides a food source for soil microorganisms. These microorganisms break down the organic matter in the manure, releasing nutrients and byproducts that contribute to the formation of soil aggregates. Microbial activity also produces substances that help bind soil particles together and enhance soil stability."
what kind of information is collected by tools used in precision agriculture?," soil moisture, nutrient levels, and other factors",fertilizer,chunk_510,"Question: what kind of information is collected by tools used in precision agriculture?
Answer:  soil moisture, nutrient levels, and other factors"
How should onions be fertilized for optimal growth and bulb development?,"Onions benefit from balanced fertilization with a focus on nitrogen (N) for leafy growth and phosphorus (P) and potassium (K) for bulb development. Applying a fertilizer with a ratio of 10-10-10 or similar NPK (Nitrogen-Phosphorus-Potassium) blend, supplemented with micronutrients like boron and manganese, can support healthy growth and bulb formation.",fertilizer,chunk_511,"Question: How should onions be fertilized for optimal growth and bulb development?
Answer: Onions benefit from balanced fertilization with a focus on nitrogen (N) for leafy growth and phosphorus (P) and potassium (K) for bulb development. Applying a fertilizer with a ratio of 10-10-10 or similar NPK (Nitrogen-Phosphorus-Potassium) blend, supplemented with micronutrients like boron and manganese, can support healthy growth and bulb formation."
what does NPK stands for.,"(nitrogen, phosphorus, and potassium",fertilizer,chunk_512,"Question: what does NPK stands for.
Answer: (nitrogen, phosphorus, and potassium"
how can I apply fertilizers.,"broadcasting, banding, and side-dressing",fertilizer,chunk_513,"Question: how can I apply fertilizers.
Answer: broadcasting, banding, and side-dressing"
how are fungi beneficial to soil.,"hese fungi can form symbiotic relationships with plant roots, helping to improve nutrient uptake and plant growth.
",fertilizer,chunk_514,"Question: how are fungi beneficial to soil.
Answer: hese fungi can form symbiotic relationships with plant roots, helping to improve nutrient uptake and plant growth.
"
May we farmers know the uses of water in the soil,"Water is necessary for plants to absorb nutrients from the soil. Water dissolves nutrients and makes them available to plant roots, which can then take up the nutrients they need for growth.",fertilizer,chunk_515,"Question: May we farmers know the uses of water in the soil
Answer: Water is necessary for plants to absorb nutrients from the soil. Water dissolves nutrients and makes them available to plant roots, which can then take up the nutrients they need for growth."
"apart from providing nutrients, name important of applying fertilizers."," fertilizers can also improve soil structure and fertility over time. They can help to increase soil organic matter, improve soil water-holding capacity, and reduce erosion.",fertilizer,chunk_516,"Question: apart from providing nutrients, name important of applying fertilizers.
Answer:  fertilizers can also improve soil structure and fertility over time. They can help to increase soil organic matter, improve soil water-holding capacity, and reduce erosion."
what are liquid fertilizers used for?,"iquid fertilizers are often used for foliar feeding, where the fertilizer is sprayed onto the leaves of plants.",fertilizer,chunk_517,"Question: what are liquid fertilizers used for?
Answer: iquid fertilizers are often used for foliar feeding, where the fertilizer is sprayed onto the leaves of plants."
"What are some of the physical and chemical, properties of soil that soil scientists study?","texture, structure, acidity, and nutrient content.",fertilizer,chunk_518,"Question: What are some of the physical and chemical, properties of soil that soil scientists study?
Answer: texture, structure, acidity, and nutrient content."
give examples of Potassium Fertilizers.,potassium chloride and potassium sulphate,fertilizer,chunk_519,"Question: give examples of Potassium Fertilizers.
Answer: potassium chloride and potassium sulphate"
which fertilizer is good for maize.,"Maize typically requires higher levels of nitrogen than beans and cassava, and may benefit from fertilizers such as urea, ammonium nitrate, or ammonium sulphate, which are high in nitrogen. Phosphorus is also important for maize growth, and triple superphosphate or diammonium phosphate can be used to provide this nutrient.",fertilizer,chunk_520,"Question: which fertilizer is good for maize.
Answer: Maize typically requires higher levels of nitrogen than beans and cassava, and may benefit from fertilizers such as urea, ammonium nitrate, or ammonium sulphate, which are high in nitrogen. Phosphorus is also important for maize growth, and triple superphosphate or diammonium phosphate can be used to provide this nutrient."
What type of fertilizer should be used for mango trees?,A balanced fertilizer with a ratio such as 6-6-6 or 8-3-9 (N-P-K) supplemented with micronutrients like zinc and magnesium is suitable for mango trees. Apply in split doses for optimal absorption.,fertilizer,chunk_521,"Question: What type of fertilizer should be used for mango trees?
Answer: A balanced fertilizer with a ratio such as 6-6-6 or 8-3-9 (N-P-K) supplemented with micronutrients like zinc and magnesium is suitable for mango trees. Apply in split doses for optimal absorption."
how does nutrient leaching affects cassava yield.,"Wetland soils are prone to nutrient leaching due to excessive water movement. The continuous flow of water can carry away essential nutrients from the soil, making them unavailable to cassava plants. Nutrient deficiencies can negatively impact plant growth, development, and overall productivity.",fertilizer,chunk_522,"Question: how does nutrient leaching affects cassava yield.
Answer: Wetland soils are prone to nutrient leaching due to excessive water movement. The continuous flow of water can carry away essential nutrients from the soil, making them unavailable to cassava plants. Nutrient deficiencies can negatively impact plant growth, development, and overall productivity."
"Why do beans leave turns yellowish before maturity dispute rain is available
","Nutrient deficiency: If the beans are not getting enough nutrients, especially nitrogen, their leaves can turn yellow. A soil test can help identify if there is a nutrient deficiency.",fertilizer,chunk_523,"Question: Why do beans leave turns yellowish before maturity dispute rain is available

Answer: Nutrient deficiency: If the beans are not getting enough nutrients, especially nitrogen, their leaves can turn yellow. A soil test can help identify if there is a nutrient deficiency."
what are Calcium-based fertilizers?,"Fertilizers that are high in calcium, such as calcium nitrate or calcium carbonate, can help improve soil structure and water-holding capacity. Calcium helps flocculate clay particles in the soil, creating larger pore spaces and improving drainage.",fertilizer,chunk_524,"Question: what are Calcium-based fertilizers?
Answer: Fertilizers that are high in calcium, such as calcium nitrate or calcium carbonate, can help improve soil structure and water-holding capacity. Calcium helps flocculate clay particles in the soil, creating larger pore spaces and improving drainage."
How should chili peppers be fertilized for optimal growth and fruiting?,"Chili peppers benefit from balanced fertilization, focusing on phosphorus (P) and potassium (K) for fruit development. Applying a fertilizer with a ratio of 10-10-10 or a similar NPK blend, supplemented with micronutrients like magnesium and calcium, supports healthy growth and fruit production.",fertilizer,chunk_525,"Question: How should chili peppers be fertilized for optimal growth and fruiting?
Answer: Chili peppers benefit from balanced fertilization, focusing on phosphorus (P) and potassium (K) for fruit development. Applying a fertilizer with a ratio of 10-10-10 or a similar NPK blend, supplemented with micronutrients like magnesium and calcium, supports healthy growth and fruit production."
Describe the fertilization regimen for promoting optimal growth and fruiting in chili peppers.,"To promote optimal growth and fruiting in chili peppers, it's essential to apply balanced fertilization. Focus on providing phosphorus (P) and potassium (K) for fruit development. Using a fertilizer with a ratio of 10-10-10 or a similar NPK blend, along with micronutrients such as magnesium and calcium, ensures healthy plant growth and robust fruit production.",fertilizer,chunk_526,"Question: Describe the fertilization regimen for promoting optimal growth and fruiting in chili peppers.
Answer: To promote optimal growth and fruiting in chili peppers, it's essential to apply balanced fertilization. Focus on providing phosphorus (P) and potassium (K) for fruit development. Using a fertilizer with a ratio of 10-10-10 or a similar NPK blend, along with micronutrients such as magnesium and calcium, ensures healthy plant growth and robust fruit production."
"
How does farm yard manure keep moisture in soil?"," improve soil moisture retention by increasing the soil's water-holding capacity, improving soil structure, and reducing soil erosion.",fertilizer,chunk_527,"Question: 
How does farm yard manure keep moisture in soil?
Answer:  improve soil moisture retention by increasing the soil's water-holding capacity, improving soil structure, and reducing soil erosion."
"what is the importance of soil management.
",it helps farmers to identify nutrient deficiencies or excesses in the soil and adjust their fertilization practices accordingly.,fertilizer,chunk_528,"Question: what is the importance of soil management.

Answer: it helps farmers to identify nutrient deficiencies or excesses in the soil and adjust their fertilization practices accordingly."
"give examples of macronutrients?
","nitrogen, phosphorus, and potassium,",fertilizer,chunk_529,"Question: give examples of macronutrients?

Answer: nitrogen, phosphorus, and potassium,"
explain how over grazing destroy soil nutrients.,"Overgrazing by livestock can lead to soil compaction, erosion, and loss of soil organic matter, which are all detrimental to soil fertility.",fertilizer,chunk_530,"Question: explain how over grazing destroy soil nutrients.
Answer: Overgrazing by livestock can lead to soil compaction, erosion, and loss of soil organic matter, which are all detrimental to soil fertility."
What methods are effective for weed control in banana plantations?,"Effective methods for weed control in banana plantations include regular manual weeding, mulching with organic materials, and judicious use of herbicides to minimize competition for nutrients and water, ensuring optimal growth conditions for banana plants.",fertilizer,chunk_531,"Question: What methods are effective for weed control in banana plantations?
Answer: Effective methods for weed control in banana plantations include regular manual weeding, mulching with organic materials, and judicious use of herbicides to minimize competition for nutrients and water, ensuring optimal growth conditions for banana plants."
"In top side dressing, at what stage should fertilizers be applied? ","""vegetative stage"" or ""early growth stage"" of the plant",fertilizer,chunk_532,"Question: In top side dressing, at what stage should fertilizers be applied? 
Answer: ""vegetative stage"" or ""early growth stage"" of the plant"
The primary macronutrients are?," nitrogen (N), phosphorus (P), and potassium (K), which are typically present in fertilizers in the form of NPK ratios",fertilizer,chunk_533,"Question: The primary macronutrients are?
Answer:  nitrogen (N), phosphorus (P), and potassium (K), which are typically present in fertilizers in the form of NPK ratios"
Commonly used nitrogen-rich fertilizers for top-dressing maize include?,urea and ammonium sulfate,fertilizer,chunk_534,"Question: Commonly used nitrogen-rich fertilizers for top-dressing maize include?
Answer: urea and ammonium sulfate"
What type of soil is best for growing potatoes?,"Potatoes prefer well-drained, sandy loam or loamy soil with good organic matter content and a pH range between 5.0 and 7.0. Soil should be fertile, with adequate moisture retention and good aeration. Amending soil with compost or organic matter can improve soil structure and fertility, providing a favorable environment for potato growth.",fertilizer,chunk_535,"Question: What type of soil is best for growing potatoes?
Answer: Potatoes prefer well-drained, sandy loam or loamy soil with good organic matter content and a pH range between 5.0 and 7.0. Soil should be fertile, with adequate moisture retention and good aeration. Amending soil with compost or organic matter can improve soil structure and fertility, providing a favorable environment for potato growth."
Explain Hydroponics.,"A soil-less method where plants grow in nutrient-rich water, offering controlled conditions for optimal growth.",fertilizer,chunk_536,"Question: Explain Hydroponics.
Answer: A soil-less method where plants grow in nutrient-rich water, offering controlled conditions for optimal growth."
How should I fertilize banana plants for optimal growth?,"Banana plants benefit from balanced fertilization with a high potassium (K) content, such as 6-2-12 NPK fertilizer, supplemented with organic matter. Apply fertilizers in split doses throughout the year to promote optimal growth.",fertilizer,chunk_537,"Question: How should I fertilize banana plants for optimal growth?
Answer: Banana plants benefit from balanced fertilization with a high potassium (K) content, such as 6-2-12 NPK fertilizer, supplemented with organic matter. Apply fertilizers in split doses throughout the year to promote optimal growth."
How should potatoes be fertilized for optimal growth and tuber development?,"Potatoes benefit from balanced fertilization with a focus on phosphorus (P) and potassium (K) for tuber development. Applying a fertilizer with a ratio of 5-10-10 or similar NPK (Nitrogen-Phosphorus-Potassium) blend, supplemented with micronutrients like magnesium and calcium, can support healthy growth and tuber production.",fertilizer,chunk_538,"Question: How should potatoes be fertilized for optimal growth and tuber development?
Answer: Potatoes benefit from balanced fertilization with a focus on phosphorus (P) and potassium (K) for tuber development. Applying a fertilizer with a ratio of 5-10-10 or similar NPK (Nitrogen-Phosphorus-Potassium) blend, supplemented with micronutrients like magnesium and calcium, can support healthy growth and tuber production."
name two fertilizers used to grow cassava.,compound fertilizers that provide several nutrients together and single-nutrient fertilizers.,fertilizer,chunk_539,"Question: name two fertilizers used to grow cassava.
Answer: compound fertilizers that provide several nutrients together and single-nutrient fertilizers."
"Apart from supergro, what other fertilizer can a farmer use to retain moisture in the garden during the period of drought?","Organic matter: Adding organic matter to the soil can help improve soil structure, increase water-holding capacity, and promote healthy root growth. Organic matter can come from compost, manure, or other plant residues.",fertilizer,chunk_540,"Question: Apart from supergro, what other fertilizer can a farmer use to retain moisture in the garden during the period of drought?
Answer: Organic matter: Adding organic matter to the soil can help improve soil structure, increase water-holding capacity, and promote healthy root growth. Organic matter can come from compost, manure, or other plant residues."
can the use of farmyard manure increased infiltration?," FYM improves soil permeability and enhances water infiltration into the soil. The organic matter in FYM improves soil structure, creating larger pore spaces that allow water to penetrate more easily into the soil rather than running off the surface.",fertilizer,chunk_541,"Question: can the use of farmyard manure increased infiltration?
Answer:  FYM improves soil permeability and enhances water infiltration into the soil. The organic matter in FYM improves soil structure, creating larger pore spaces that allow water to penetrate more easily into the soil rather than running off the surface."
Which agricultural method can be used to improve on soil fertility,fertilizer applications,fertilizer,chunk_542,"Question: Which agricultural method can be used to improve on soil fertility
Answer: fertilizer applications"
How should I fertilize banana plants for optimal growth?,"Banana plants benefit from balanced fertilization with a high potassium (K) content, such as 6-2-12 NPK fertilizer, supplemented with organic matter. Apply fertilizers in split doses throughout the year.",fertilizer,chunk_543,"Question: How should I fertilize banana plants for optimal growth?
Answer: Banana plants benefit from balanced fertilization with a high potassium (K) content, such as 6-2-12 NPK fertilizer, supplemented with organic matter. Apply fertilizers in split doses throughout the year."
What farming practices destroy soil nutrient,"Overuse of synthetic fertilizers: Excessive use of synthetic fertilizers can result in soil acidification and nutrient imbalances, which can reduce soil fertility and productivity over time.",fertilizer,chunk_544,"Question: What farming practices destroy soil nutrient
Answer: Overuse of synthetic fertilizers: Excessive use of synthetic fertilizers can result in soil acidification and nutrient imbalances, which can reduce soil fertility and productivity over time."
which beneficial microorganisms are contained in microbial fertilizers.,bacteria and fungi,fertilizer,chunk_545,"Question: which beneficial microorganisms are contained in microbial fertilizers.
Answer: bacteria and fungi"
How can i improve soil areation,"To improve soil aeration, you can add organic matter to the soil, such as compost, which can improve soil structure and create pore spaces for air and water movement. Avoid over-tilling or compacting the soil, which can reduce soil pore space and restrict air movement",fertilizer,chunk_546,"Question: How can i improve soil areation
Answer: To improve soil aeration, you can add organic matter to the soil, such as compost, which can improve soil structure and create pore spaces for air and water movement. Avoid over-tilling or compacting the soil, which can reduce soil pore space and restrict air movement"
what does  nitrogen deficiency causes?,"stunted growth, yellowing leaves, and reduced yield.",fertilizer,chunk_547,"Question: what does  nitrogen deficiency causes?
Answer: stunted growth, yellowing leaves, and reduced yield."
why are farmers advised not to apply fertilizers during drought or when rainfall are unexpected.,"can cause fertilizer burn or leaching, and reduce its effectiveness",fertilizer,chunk_548,"Question: why are farmers advised not to apply fertilizers during drought or when rainfall are unexpected.
Answer: can cause fertilizer burn or leaching, and reduce its effectiveness"
What type of soil is best for growing chili peppers?,"Chili peppers prefer well-drained, sandy loam or loamy soil with good organic matter content and a pH range between 6.0 and 7.0. Soil should be fertile, with adequate moisture retention and good aeration. Amending soil with compost or organic matter can improve soil structure and fertility, providing a favorable environment for chili pepper growth.",fertilizer,chunk_549,"Question: What type of soil is best for growing chili peppers?
Answer: Chili peppers prefer well-drained, sandy loam or loamy soil with good organic matter content and a pH range between 6.0 and 7.0. Soil should be fertile, with adequate moisture retention and good aeration. Amending soil with compost or organic matter can improve soil structure and fertility, providing a favorable environment for chili pepper growth."
what does the number 10-20-10 represent in  fertilizers.,"the numbers represent the percentage of N, P, and K, respectively",fertilizer,chunk_550,"Question: what does the number 10-20-10 represent in  fertilizers.
Answer: the numbers represent the percentage of N, P, and K, respectively"
what are natural fertilizers made of ?,"natural materials such as compost, manure, and bone meal",fertilizer,chunk_551,"Question: what are natural fertilizers made of ?
Answer: natural materials such as compost, manure, and bone meal"
What type of soil is best for growing coconut palms?,"Coconut palms prefer deep, well-drained, sandy loam or loamy soils with good organic matter content and a pH range between 5.5 and 8.0. Soil should be fertile, with adequate moisture retention and good aeration. While coconuts can tolerate a range of soil types, they perform best in soils with good drainage and sufficient nutrients for healthy growth and nut production.",fertilizer,chunk_552,"Question: What type of soil is best for growing coconut palms?
Answer: Coconut palms prefer deep, well-drained, sandy loam or loamy soils with good organic matter content and a pH range between 5.5 and 8.0. Soil should be fertile, with adequate moisture retention and good aeration. While coconuts can tolerate a range of soil types, they perform best in soils with good drainage and sufficient nutrients for healthy growth and nut production."
what are organic fertilizers?,"organic fertilizers, which are made from natural materials such as manure and compost",fertilizer,chunk_553,"Question: what are organic fertilizers?
Answer: organic fertilizers, which are made from natural materials such as manure and compost"
which nutrients do beans require for their growth.,"Beans require adequate levels of nitrogen, phosphorus, and potassium",fertilizer,chunk_554,"Question: which nutrients do beans require for their growth.
Answer: Beans require adequate levels of nitrogen, phosphorus, and potassium"
"What fertilizers are suitable for apple trees, and when should they be applied?","Apple trees benefit from balanced fertilization with nitrogen (N), phosphorus (P), and potassium (K). Fertilizers should be applied in early spring before bud break, with additional applications in late spring and early summer as needed. Soil testing helps determine nutrient deficiencies and guides fertilizer application rates.",fertilizer,chunk_555,"Question: What fertilizers are suitable for apple trees, and when should they be applied?
Answer: Apple trees benefit from balanced fertilization with nitrogen (N), phosphorus (P), and potassium (K). Fertilizers should be applied in early spring before bud break, with additional applications in late spring and early summer as needed. Soil testing helps determine nutrient deficiencies and guides fertilizer application rates."
what is top side dressing?, refers to the application of fertilizers on the soil surface around the base of the plants after they have been established,fertilizer,chunk_556,"Question: what is top side dressing?
Answer:  refers to the application of fertilizers on the soil surface around the base of the plants after they have been established"
What type of soil is most suitable for growing chili peppers?,"Chili peppers thrive in well-drained, sandy loam, or loamy soil with good organic matter content and a pH range between 6.0 and 7.0. Ideal soil should be fertile, with adequate moisture retention and proper aeration. Amending soil with compost or organic matter can enhance soil structure and fertility, creating a conducive environment for chili pepper growth and development.",fertilizer,chunk_557,"Question: What type of soil is most suitable for growing chili peppers?
Answer: Chili peppers thrive in well-drained, sandy loam, or loamy soil with good organic matter content and a pH range between 6.0 and 7.0. Ideal soil should be fertile, with adequate moisture retention and proper aeration. Amending soil with compost or organic matter can enhance soil structure and fertility, creating a conducive environment for chili pepper growth and development."
how can the use on integrated nutrients management help overcome problem due to persistent use of fertilizer.,"Agronomists can advise farmers on the use of organic amendments such as farmyard manure, compost, and green manure to improve soil health and nutrient availability.",fertilizer,chunk_558,"Question: how can the use on integrated nutrients management help overcome problem due to persistent use of fertilizer.
Answer: Agronomists can advise farmers on the use of organic amendments such as farmyard manure, compost, and green manure to improve soil health and nutrient availability."
"apart from maintaining soil structure, what are some of use of soil air."," soil air plays a key role in the cycling of nutrients, such as nitrogen, carbon, and sulfur, which are essential for plant growth. Soil air also supports the activities of soil microorganisms, which are important for breaking down organic matter and releasing nutrients into the soil",fertilizer,chunk_559,"Question: apart from maintaining soil structure, what are some of use of soil air.
Answer:  soil air plays a key role in the cycling of nutrients, such as nitrogen, carbon, and sulfur, which are essential for plant growth. Soil air also supports the activities of soil microorganisms, which are important for breaking down organic matter and releasing nutrients into the soil"
why is it advisable to combine both compost and farmyard manure.,farmers can maximize the benefits of both organic amendments and address a wider range of soil nutrient and organic matter requirements,fertilizer,chunk_560,"Question: why is it advisable to combine both compost and farmyard manure.
Answer: farmers can maximize the benefits of both organic amendments and address a wider range of soil nutrient and organic matter requirements"
How can i know that soil lacks air as a major nutrient,"To determine whether soil lacks air, you can perform a simple test called the squeeze test. Take a handful of soil and squeeze it tightly in your hand. If the soil remains in a tight ball and does not crumble, it may indicate that the soil is too compacted and lacks adequate air. Another indicator of soil lacking air is the presence of waterlogged areas or standing water after rain or irrigation.",fertilizer,chunk_561,"Question: How can i know that soil lacks air as a major nutrient
Answer: To determine whether soil lacks air, you can perform a simple test called the squeeze test. Take a handful of soil and squeeze it tightly in your hand. If the soil remains in a tight ball and does not crumble, it may indicate that the soil is too compacted and lacks adequate air. Another indicator of soil lacking air is the presence of waterlogged areas or standing water after rain or irrigation."
Which method of fertilizer application do we use during weeding beans?,"For fertilizer application during weeding of beans, the most common method is top-dressing",fertilizer,chunk_562,"Question: Which method of fertilizer application do we use during weeding beans?
Answer: For fertilizer application during weeding of beans, the most common method is top-dressing"
cam maize grow in clay soil,"es, maize can grow in clay soil. However, clay soil has certain characteristics that can affect maize growth and productivity. Clay soil tends to retain water and drain poorly, which can lead to waterlogged conditions and root suffocation if not properly managed. Additionally, clay soil can be compacted, making it harder for roots to penetrate and access nutrients.",fertilizer,chunk_563,"Question: cam maize grow in clay soil
Answer: es, maize can grow in clay soil. However, clay soil has certain characteristics that can affect maize growth and productivity. Clay soil tends to retain water and drain poorly, which can lead to waterlogged conditions and root suffocation if not properly managed. Additionally, clay soil can be compacted, making it harder for roots to penetrate and access nutrients."
How can I control weeds in my banana plantation?,"Weed management in banana plantations involves regular manual weeding, mulching with organic materials, and using herbicides sparingly to prevent competition for nutrients and water.",fertilizer,chunk_564,"Question: How can I control weeds in my banana plantation?
Answer: Weed management in banana plantations involves regular manual weeding, mulching with organic materials, and using herbicides sparingly to prevent competition for nutrients and water."
what are organic fertilizers?," are derived from natural sources such as animal manure, compost, and plant residues",fertilizer,chunk_565,"Question: what are organic fertilizers?
Answer:  are derived from natural sources such as animal manure, compost, and plant residues"
which fertilizer can i use for beans.,"Beans have lower nitrogen requirements than maize, but still require sufficient levels of phosphorus and potassium for good growth. Therefore, a balanced fertilizer that provides all three nutrients may be suitable for beans.",fertilizer,chunk_566,"Question: which fertilizer can i use for beans.
Answer: Beans have lower nitrogen requirements than maize, but still require sufficient levels of phosphorus and potassium for good growth. Therefore, a balanced fertilizer that provides all three nutrients may be suitable for beans."
how can farmyard manure improve soil structure.," FYM improves soil aggregation and creates pore spaces in the soil. This enhanced soil structure helps to create a sponge-like environment that can hold and store moisture for plant use. The organic matter in FYM also acts as a binding agent, preventing soil particles from compacting and reducing the risk of waterlogging.",fertilizer,chunk_567,"Question: how can farmyard manure improve soil structure.
Answer:  FYM improves soil aggregation and creates pore spaces in the soil. This enhanced soil structure helps to create a sponge-like environment that can hold and store moisture for plant use. The organic matter in FYM also acts as a binding agent, preventing soil particles from compacting and reducing the risk of waterlogging."
give examples of micronutrients.," iron, zinc, and manganese.",fertilizer,chunk_568,"Question: give examples of micronutrients.
Answer:  iron, zinc, and manganese."
which plant nutrient helps in formation of chlorophyll . , magnesium (Mg),fertilizer,chunk_569,"Question: which plant nutrient helps in formation of chlorophyll . 
Answer:  magnesium (Mg)"
why should farmers use farmyard manure in their garden.,helps improve the structure and texture of the soil. It contains a range of nutrients and microorganisms that can break down and decompose to provide nutrients and improve soil health,fertilizer,chunk_570,"Question: why should farmers use farmyard manure in their garden.
Answer: helps improve the structure and texture of the soil. It contains a range of nutrients and microorganisms that can break down and decompose to provide nutrients and improve soil health"
"during the final stage, what activities are done during  Food Supply Continuum","retailing the product, distributing the product through the food service industry and, finally, reaching the consumer",general,chunk_571,"Question: during the final stage, what activities are done during  Food Supply Continuum
Answer: retailing the product, distributing the product through the food service industry and, finally, reaching the consumer"
What is the purpose of the DBT in Agriculture (2014)?,"Direct Benefit Transfer in Agriculture ensures efficient and transparent fund transfer to farmers, reducing intermediaries and promoting financial inclusion.",general,chunk_572,"Question: What is the purpose of the DBT in Agriculture (2014)?
Answer: Direct Benefit Transfer in Agriculture ensures efficient and transparent fund transfer to farmers, reducing intermediaries and promoting financial inclusion."
how is threshing done.,"achieved through rubbing, stripping, or impact action, or using a combination of these actions. The operation can be performed manually (trampling, beating), using animal power, or mechanical threshers",general,chunk_573,"Question: how is threshing done.
Answer: achieved through rubbing, stripping, or impact action, or using a combination of these actions. The operation can be performed manually (trampling, beating), using animal power, or mechanical threshers"
How do you call the young ones of a horse,foal,general,chunk_574,"Question: How do you call the young ones of a horse
Answer: foal"
Apart from sun drying which other method used for drying maize?,"Besides sun drying, maize can also be dried using tarpaulins or on cemented floors free from dust to ensure proper drying.",general,chunk_575,"Question: Apart from sun drying which other method used for drying maize?
Answer: Besides sun drying, maize can also be dried using tarpaulins or on cemented floors free from dust to ensure proper drying."
name the two common types of cassava beetle.,African cassava beetle and the South American cassava beetle,general,chunk_576,"Question: name the two common types of cassava beetle.
Answer: African cassava beetle and the South American cassava beetle"
Why do horses sleep standing up?,"Their legs can lock in place, enabling them to fall asleep without falling over. Because they are prey animals, horses often do not feel comfortable sleeping on the ground, and most of their sleeping is done during the day rather than at night when predators are out hunting. Horses have straight backs, so they cannot get up quickly.",general,chunk_577,"Question: Why do horses sleep standing up?
Answer: Their legs can lock in place, enabling them to fall asleep without falling over. Because they are prey animals, horses often do not feel comfortable sleeping on the ground, and most of their sleeping is done during the day rather than at night when predators are out hunting. Horses have straight backs, so they cannot get up quickly."
Can maize be grown in green house?,"Yes, maize can be grown in a greenhouse, but there are some important considerations to keep in mind.",general,chunk_578,"Question: Can maize be grown in green house?
Answer: Yes, maize can be grown in a greenhouse, but there are some important considerations to keep in mind."
why should farmers implement waste management strategies.,Livestock produce a significant amount of waste that can be harmful to the environment if not managed properly.,general,chunk_579,"Question: why should farmers implement waste management strategies.
Answer: Livestock produce a significant amount of waste that can be harmful to the environment if not managed properly."
when secondary outbreaks occur?, occur when the moths from the primary outbreak are carried downwind and the adults mate and lay eggs in same location due to wind patterns,general,chunk_580,"Question: when secondary outbreaks occur?
Answer:  occur when the moths from the primary outbreak are carried downwind and the adults mate and lay eggs in same location due to wind patterns"
which other techniques can help preserve quality of beans?,The use of hermetic storage bags or containers,general,chunk_581,"Question: which other techniques can help preserve quality of beans?
Answer: The use of hermetic storage bags or containers"
which region is commonly infested by CBSD.,"East and Central Africa,",general,chunk_582,"Question: which region is commonly infested by CBSD.
Answer: East and Central Africa,"
which part of cassava is affected by CBSD,roots,general,chunk_583,"Question: which part of cassava is affected by CBSD
Answer: roots"
what is Land transformation.,the use of land to yield goods and services,general,chunk_584,"Question: what is Land transformation.
Answer: the use of land to yield goods and services"
What are the symptoms of Downy Mildew?,"Symptoms include the appearance of white downy growth on the surface of leaves, eventually leading to the drying up of infected leaves.",general,chunk_585,"Question: What are the symptoms of Downy Mildew?
Answer: Symptoms include the appearance of white downy growth on the surface of leaves, eventually leading to the drying up of infected leaves."
How does the Animal Husbandry Infrastructure Development Fund (2022) benefit farmers?,"This initiative aims to boost animal husbandry infrastructure, benefiting farmers by improving livestock rearing conditions and increasing income opportunities.",general,chunk_586,"Question: How does the Animal Husbandry Infrastructure Development Fund (2022) benefit farmers?
Answer: This initiative aims to boost animal husbandry infrastructure, benefiting farmers by improving livestock rearing conditions and increasing income opportunities."
name any Environmental issues.,"depletion of aquifers, deforestation, antibiotic resistance",general,chunk_587,"Question: name any Environmental issues.
Answer: depletion of aquifers, deforestation, antibiotic resistance"
How can I test for moisture in maize at a local level,"Hand Feel: Take a handful of maize kernels and squeeze them tightly in your hand. If the kernels feel hard and dry, it indicates low moisture content. If they feel slightly pliable or soft, it suggests higher moisture content.

Bite Test: Take a few kernels and try to bite into them. If they crack easily, it indicates lower moisture content. If they are chewy or squashy, it suggests higher moisture content.

Visual Inspection: Examine the appearance of the kernels. If they appear shriveled, discolored, or have damaged husks, it could indicate lower moisture content. If the kernels appear plump, shiny, and well-hydrated, it suggests higher moisture content.
",general,chunk_588,"Question: How can I test for moisture in maize at a local level
Answer: Hand Feel: Take a handful of maize kernels and squeeze them tightly in your hand. If the kernels feel hard and dry, it indicates low moisture content. If they feel slightly pliable or soft, it suggests higher moisture content.

Bite Test: Take a few kernels and try to bite into them. If they crack easily, it indicates lower moisture content. If they are chewy or squashy, it suggests higher moisture content.

Visual Inspection: Examine the appearance of the kernels. If they appear shriveled, discolored, or have damaged husks, it could indicate lower moisture content. If the kernels appear plump, shiny, and well-hydrated, it suggests higher moisture content.
"
What is Bee Vectoring Technologies?,Utilizing bees for precision delivery of agricultural inputs,general,chunk_589,"Question: What is Bee Vectoring Technologies?
Answer: Utilizing bees for precision delivery of agricultural inputs"
What signs indicate the presence of powdery mildew in grapevines?,"Signs of powdery mildew in grapevines include the appearance of powdery growth primarily on the upper leaf surface, along with malformation and discoloration of leaves, dark brown discoloration of stems, shedding of flowers, poor fruit set, shedding of affected berries, and the development of powdery growth on older berries, leading to potential skin cracking.",general,chunk_590,"Question: What signs indicate the presence of powdery mildew in grapevines?
Answer: Signs of powdery mildew in grapevines include the appearance of powdery growth primarily on the upper leaf surface, along with malformation and discoloration of leaves, dark brown discoloration of stems, shedding of flowers, poor fruit set, shedding of affected berries, and the development of powdery growth on older berries, leading to potential skin cracking."
"Any maize markets out there?
",Nakasero Market,general,chunk_591,"Question: Any maize markets out there?

Answer: Nakasero Market"
How can downy mildew in grapes be managed?,Spray Bordeaux mixture 1% or Metalaxyl + Mancozeb 0.4%,general,chunk_592,"Question: How can downy mildew in grapes be managed?
Answer: Spray Bordeaux mixture 1% or Metalaxyl + Mancozeb 0.4%"
What marketing approaches are recommended for promoting apple orchard products successfully?,"To promote apple orchard products successfully, consider branding, eye-catching packaging, direct sales at farmers' markets or roadside stands, engagement in community-supported agriculture (CSA) programs, and participation in local events or festivals. Offering pick-your-own (PYO) options, arranging farm tours, and utilizing social media platforms can amplify product exposure and customer interaction.",general,chunk_593,"Question: What marketing approaches are recommended for promoting apple orchard products successfully?
Answer: To promote apple orchard products successfully, consider branding, eye-catching packaging, direct sales at farmers' markets or roadside stands, engagement in community-supported agriculture (CSA) programs, and participation in local events or festivals. Offering pick-your-own (PYO) options, arranging farm tours, and utilizing social media platforms can amplify product exposure and customer interaction."
what concerns have recently been raised about GMO's? ,safety and potential environmental impacts,general,chunk_594,"Question: what concerns have recently been raised about GMO's? 
Answer: safety and potential environmental impacts"
why do farmers have low cancer and death rates.,This is due primarily to lower smoking rates among farmers and a very active lifestyle,general,chunk_595,"Question: why do farmers have low cancer and death rates.
Answer: This is due primarily to lower smoking rates among farmers and a very active lifestyle"
how long does the adult live.,up to 14 days.,general,chunk_596,"Question: how long does the adult live.
Answer: up to 14 days."
what is Food Supply Continuum,The process of getting food from the farm to the table,general,chunk_597,"Question: what is Food Supply Continuum
Answer: The process of getting food from the farm to the table"
Organic farms that raise livestock such as dairy cows or chickens feed the animals with?,natural food,general,chunk_598,"Question: Organic farms that raise livestock such as dairy cows or chickens feed the animals with?
Answer: natural food"
Does most of the money I pay for food go back to the farmer?,Not necessarily,general,chunk_599,"Question: Does most of the money I pay for food go back to the farmer?
Answer: Not necessarily"
Where does our food come from?,"87.3% of food and beverage purchases by U.S. consumers, including both grocery store and eating out purchases, were from domestic production. The remaining 12.7% were imported food and beverages such as produce from Chile or wines from France",general,chunk_600,"Question: Where does our food come from?
Answer: 87.3% of food and beverage purchases by U.S. consumers, including both grocery store and eating out purchases, were from domestic production. The remaining 12.7% were imported food and beverages such as produce from Chile or wines from France"
why are Effective livestock management practices are essential.,"for keeping animals healthy and productive, which in turn helps to ensure the profitability of the farm",general,chunk_601,"Question: why are Effective livestock management practices are essential.
Answer: for keeping animals healthy and productive, which in turn helps to ensure the profitability of the farm"
"Between cassava and maize, which one provides more energy?",Cassava contains more calories per kilogram compared to maize.,general,chunk_602,"Question: Between cassava and maize, which one provides more energy?
Answer: Cassava contains more calories per kilogram compared to maize."
What is Precision Agriculture?,"Implementing technology for precise farming practices, enhancing efficiency",general,chunk_603,"Question: What is Precision Agriculture?
Answer: Implementing technology for precise farming practices, enhancing efficiency"
How should farmers manage pigweeds in the garden effectively?,Effective management of pigweeds in the garden involves weeding when they are young and spraying if necessary to control their growth.,general,chunk_604,"Question: How should farmers manage pigweeds in the garden effectively?
Answer: Effective management of pigweeds in the garden involves weeding when they are young and spraying if necessary to control their growth."
Are genetically modified organisms (GMOs) the only organisms with genes?,"No. Living or once living things contain genes, whether they are genetically modified or not. �Gene� is the root word for genetics. Genes are located on chromosomes",general,chunk_605,"Question: Are genetically modified organisms (GMOs) the only organisms with genes?
Answer: No. Living or once living things contain genes, whether they are genetically modified or not. �Gene� is the root word for genetics. Genes are located on chromosomes"
How can i store beans safely?,"Clean and dry the beans: Remove any debris, dirt or broken beans. Then, spread them out on a clean, dry surface, like a tarp or a concrete floor, to dry. Make sure they are completely dry before storing them.",general,chunk_606,"Question: How can i store beans safely?
Answer: Clean and dry the beans: Remove any debris, dirt or broken beans. Then, spread them out on a clean, dry surface, like a tarp or a concrete floor, to dry. Make sure they are completely dry before storing them."
what does S. exempta larvae feeds on?,Poaceae,general,chunk_607,"Question: what does S. exempta larvae feeds on?
Answer: Poaceae"
what are ponnies?,"Ponies are small breeds of horses that, because of their size, appear much smaller when fully grown than larger breeds of horses",general,chunk_608,"Question: what are ponnies?
Answer: Ponies are small breeds of horses that, because of their size, appear much smaller when fully grown than larger breeds of horses"
what is the importance of agriculture.," It creates jobs, helps our economy and provides our basic necessities",general,chunk_609,"Question: what is the importance of agriculture.
Answer:  It creates jobs, helps our economy and provides our basic necessities"
how were the primitive milking machine used?,used hollow wheat stems inserted in the teats to milk cows,general,chunk_610,"Question: how were the primitive milking machine used?
Answer: used hollow wheat stems inserted in the teats to milk cows"
what median age of farmers in the US,57.5 years,general,chunk_611,"Question: what median age of farmers in the US
Answer: 57.5 years"
how effective is hand-pulling as way of controlling Couch grass.,it can be effective in small gardens or in areas where couch grass is not too widespread,general,chunk_612,"Question: how effective is hand-pulling as way of controlling Couch grass.
Answer: it can be effective in small gardens or in areas where couch grass is not too widespread"
What is the scientific name of the pathogen responsible for powdery mildew in chilli plants?,The pathogen responsible for powdery mildew in chilli plants is Leveillula taurica.,general,chunk_613,"Question: What is the scientific name of the pathogen responsible for powdery mildew in chilli plants?
Answer: The pathogen responsible for powdery mildew in chilli plants is Leveillula taurica."
why there is an increase of skin cancer among farmers, an increased exposure of UV rays as well as environmental elements,general,chunk_614,"Question: why there is an increase of skin cancer among farmers
Answer:  an increased exposure of UV rays as well as environmental elements"
How does FAO defines agricultural automation.,"FAO defines agricultural automation as the use of machinery and equipment in agricultural operations to improve their diagnosis, decision-making or performing, reducing the drudgery of agricultural work and/or improving the timeliness, and potentially the precision, of agricultural operations.",general,chunk_615,"Question: How does FAO defines agricultural automation.
Answer: FAO defines agricultural automation as the use of machinery and equipment in agricultural operations to improve their diagnosis, decision-making or performing, reducing the drudgery of agricultural work and/or improving the timeliness, and potentially the precision, of agricultural operations."
Is the primary focus of the USDA agricultural programs?,"7% of the total USDA budget. Rural development, research, food safety, marketing and regulatory, and departmental management accounts for 6% of the budget",general,chunk_616,"Question: Is the primary focus of the USDA agricultural programs?
Answer: 7% of the total USDA budget. Rural development, research, food safety, marketing and regulatory, and departmental management accounts for 6% of the budget"
Do cows cause global warming? ,cattle production is not a top contributor to greenhouse gasses,general,chunk_617,"Question: Do cows cause global warming? 
Answer: cattle production is not a top contributor to greenhouse gasses"
How can I determine when mangoes are ripe and ready for picking?,"Ripe mangoes typically show color changes, a slight softness when gently pressed, and emit a fruity aroma near the stem end. Different mango varieties may have specific color indicators indicating ripeness.",general,chunk_618,"Question: How can I determine when mangoes are ripe and ready for picking?
Answer: Ripe mangoes typically show color changes, a slight softness when gently pressed, and emit a fruity aroma near the stem end. Different mango varieties may have specific color indicators indicating ripeness."
name the four stages of the lifecycle.," Eggs, Larvae, Pupae and Adult",general,chunk_619,"Question: name the four stages of the lifecycle.
Answer:  Eggs, Larvae, Pupae and Adult"
what is the estimated number of eggs a cassava green mite can lay?,50 eggs in her lifetime,general,chunk_620,"Question: what is the estimated number of eggs a cassava green mite can lay?
Answer: 50 eggs in her lifetime"
how many chambers does a cow has,four chambers,general,chunk_621,"Question: how many chambers does a cow has
Answer: four chambers"
Name one breed of a horse,ponies,general,chunk_622,"Question: Name one breed of a horse
Answer: ponies"
What is a silo?,"silos are used to store silage, which is animal feed",general,chunk_623,"Question: What is a silo?
Answer: silos are used to store silage, which is animal feed"
What are the symptoms of smut in onions and garlic?,"Smut in onions and garlic presents as black smut sori at the base of the leaves and leaf surface. After rupturing, a black powdery mass is observed.",general,chunk_624,"Question: What are the symptoms of smut in onions and garlic?
Answer: Smut in onions and garlic presents as black smut sori at the base of the leaves and leaf surface. After rupturing, a black powdery mass is observed."
How can I market bananas effectively?,"Effective marketing of bananas involves identifying target markets, ensuring consistent quality, establishing relationships with buyers such as retailers and wholesalers, and exploring value-added options like organic or fair-trade certification.",general,chunk_625,"Question: How can I market bananas effectively?
Answer: Effective marketing of bananas involves identifying target markets, ensuring consistent quality, establishing relationships with buyers such as retailers and wholesalers, and exploring value-added options like organic or fair-trade certification."
what is Aquaculture,production of fish for human consumption,general,chunk_626,"Question: what is Aquaculture
Answer: production of fish for human consumption"
what is GMO in full.,Genetically modified organisms,general,chunk_627,"Question: what is GMO in full.
Answer: Genetically modified organisms"
what is a major source of greenhouse gas emissions,Animal husbandry,general,chunk_628,"Question: what is a major source of greenhouse gas emissions
Answer: Animal husbandry"
how many farms were there in United States in 1935,6.8 million farms in the United States,general,chunk_629,"Question: how many farms were there in United States in 1935
Answer: 6.8 million farms in the United States"
what is hay,"(dried grasses) to feed livestock (horses, cattle, sheep) during the winter when they cannot feed in green pastures",general,chunk_630,"Question: what is hay
Answer: (dried grasses) to feed livestock (horses, cattle, sheep) during the winter when they cannot feed in green pastures"
"what is RFID in full
",Radio frequency identification,general,chunk_631,"Question: what is RFID in full

Answer: Radio frequency identification"
how can you tell a cassava plant is mature.,"The leaves of mature cassava plants begin to yellow and fall off, and the lower stems of the plant become woody.",general,chunk_632,"Question: how can you tell a cassava plant is mature.
Answer: The leaves of mature cassava plants begin to yellow and fall off, and the lower stems of the plant become woody."
"Apart from sun drying, what other method can I use to dry cassava?","Solar driers are an effective alternative to sun drying for drying cassava, ensuring uniform drying and minimizing spoilage.",general,chunk_633,"Question: Apart from sun drying, what other method can I use to dry cassava?
Answer: Solar driers are an effective alternative to sun drying for drying cassava, ensuring uniform drying and minimizing spoilage."
which maize varieties are commonly available in East Africa.,"longe 1, longe 2H, longe 4, longe 5H, longe 2H.",general,chunk_634,"Question: which maize varieties are commonly available in East Africa.
Answer: longe 1, longe 2H, longe 4, longe 5H, longe 2H."
How can I enhance the profitability of my mango farm?,"Increasing the profitability of a mango farm can be achieved through diversifying products (e.g., dried mango, mango puree), adopting efficient farming techniques, and exploring value-added processing methods to create additional revenue streams.",general,chunk_635,"Question: How can I enhance the profitability of my mango farm?
Answer: Increasing the profitability of a mango farm can be achieved through diversifying products (e.g., dried mango, mango puree), adopting efficient farming techniques, and exploring value-added processing methods to create additional revenue streams."
What is the organic name for cassava.,Manihot esculenta,general,chunk_636,"Question: What is the organic name for cassava.
Answer: Manihot esculenta"
What strategies can be implemented to market apple orchard products effectively?,"Effective marketing strategies for apple orchard products include branding, attractive packaging, direct sales at farmers' markets or roadside stands, participation in community-supported agriculture (CSA) programs, and engagement in local events or festivals. Offering pick-your-own (PYO) opportunities, conducting farm tours, and utilizing social media platforms can enhance brand visibility and customer engagement.",general,chunk_637,"Question: What strategies can be implemented to market apple orchard products effectively?
Answer: Effective marketing strategies for apple orchard products include branding, attractive packaging, direct sales at farmers' markets or roadside stands, participation in community-supported agriculture (CSA) programs, and engagement in local events or festivals. Offering pick-your-own (PYO) opportunities, conducting farm tours, and utilizing social media platforms can enhance brand visibility and customer engagement."
why has maize production improved in Uganda.,the adoption of improved technologies by farmers.,general,chunk_638,"Question: why has maize production improved in Uganda.
Answer: the adoption of improved technologies by farmers."
which kind of threshing is the most common in developing countries.,Manual threshing,general,chunk_639,"Question: which kind of threshing is the most common in developing countries.
Answer: Manual threshing"
What are some sustainable farming practices that can help reduce environmental impact?,Sustainable farming practices can help,general,chunk_640,"Question: What are some sustainable farming practices that can help reduce environmental impact?
Answer: Sustainable farming practices can help"
what does poverty results in?,"inability to purchase food, safely store food or transport food from where it is grown to where it is needed.",general,chunk_641,"Question: what does poverty results in?
Answer: inability to purchase food, safely store food or transport food from where it is grown to where it is needed."
What percentage did vitamin C in fresh broccoli dropped?, 50% within one week,general,chunk_642,"Question: What percentage did vitamin C in fresh broccoli dropped?
Answer:  50% within one week"
what is the taste of fresh maize.,"Fresh maize has a sweet, juicy flavor and a soft, tender texture,",general,chunk_643,"Question: what is the taste of fresh maize.
Answer: Fresh maize has a sweet, juicy flavor and a soft, tender texture,"
what causes the green coloration in Solitaria larvae,This green coloration is due to both pigmentation and ingested plant material visible in the gut,general,chunk_644,"Question: what causes the green coloration in Solitaria larvae
Answer: This green coloration is due to both pigmentation and ingested plant material visible in the gut"
How does cassava reproduce to form new plants?,"Cassava reproduces through stem cuttings, where sections of the stem are cut and planted to grow into new cassava plants.",general,chunk_645,"Question: How does cassava reproduce to form new plants?
Answer: Cassava reproduces through stem cuttings, where sections of the stem are cut and planted to grow into new cassava plants."
"the product of consistent modification by scientists are called?
",GMOs ,general,chunk_646,"Question: the product of consistent modification by scientists are called?

Answer: GMOs "
how can distinguish female from male,Females and males can be distinguished by the number of bristles on their frenulum,general,chunk_647,"Question: how can distinguish female from male
Answer: Females and males can be distinguished by the number of bristles on their frenulum"
what is the percentage of moisture content before storage?,13.5% or less,general,chunk_648,"Question: what is the percentage of moisture content before storage?
Answer: 13.5% or less"
name two types of beans found in the garden,bush beans and pole beans,general,chunk_649,"Question: name two types of beans found in the garden
Answer: bush beans and pole beans"
What steps can I take to promote bananas effectively in the market?,"To promote bananas effectively in the market, focus on identifying target markets, maintaining high quality, building strong relationships with buyers",general,chunk_650,"Question: What steps can I take to promote bananas effectively in the market?
Answer: To promote bananas effectively in the market, focus on identifying target markets, maintaining high quality, building strong relationships with buyers"
Is uganda among the largest cassava producers in Africa?,Certainly,general,chunk_651,"Question: Is uganda among the largest cassava producers in Africa?
Answer: Certainly"
which year was maize introduced in Uganda.,1861,general,chunk_652,"Question: which year was maize introduced in Uganda.
Answer: 1861"
which vitamins helps blood cell and DNA development,B12 ,general,chunk_653,"Question: which vitamins helps blood cell and DNA development
Answer: B12 "
Describe the characteristics of the mycelium associated with Sooty mould.,"The mycelium associated with Sooty mould is septate, exhibiting a dark-colored, superficial appearance.",general,chunk_654,"Question: Describe the characteristics of the mycelium associated with Sooty mould.
Answer: The mycelium associated with Sooty mould is septate, exhibiting a dark-colored, superficial appearance."
which other can i control the buying of fake agrochemicals.,"Always check the product labels carefully to ensure that the agrochemical is registered by the relevant authorities and has the correct dosage and usage instructions. Fake products often have misspelled words, unclear labels, or no label at all.",general,chunk_655,"Question: which other can i control the buying of fake agrochemicals.
Answer: Always check the product labels carefully to ensure that the agrochemical is registered by the relevant authorities and has the correct dosage and usage instructions. Fake products often have misspelled words, unclear labels, or no label at all."
What are some common banana varieties cultivated for commercial production?,"Common banana varieties include Cavendish (e.g., Grand Naine, Dwarf Cavendish), Gros Michel, Lady Finger (also known as Pisang Raja or Musa acuminata), and Plantain (e.g., French, Horn, and Giant Horn).",general,chunk_656,"Question: What are some common banana varieties cultivated for commercial production?
Answer: Common banana varieties include Cavendish (e.g., Grand Naine, Dwarf Cavendish), Gros Michel, Lady Finger (also known as Pisang Raja or Musa acuminata), and Plantain (e.g., French, Horn, and Giant Horn)."
"How can I market sapotas effectively, especially in areas with high competition?","Effective marketing strategies for sapotas include highlighting their sweet flavor, nutritional benefits, and versatility in culinary applications. Establishing direct relationships with local markets, retailers, and consumers can also help differentiate your sapota products and attract customers.",general,chunk_657,"Question: How can I market sapotas effectively, especially in areas with high competition?
Answer: Effective marketing strategies for sapotas include highlighting their sweet flavor, nutritional benefits, and versatility in culinary applications. Establishing direct relationships with local markets, retailers, and consumers can also help differentiate your sapota products and attract customers."
"Are citrus trees self-pollinating, or do they require cross-pollination?","Citrus trees are mostly self-pollinating, but cross-pollination can increase fruit yield and quality in some varieties.",general,chunk_658,"Question: Are citrus trees self-pollinating, or do they require cross-pollination?
Answer: Citrus trees are mostly self-pollinating, but cross-pollination can increase fruit yield and quality in some varieties."
what is the characteristics of Common rust maize diseas.,"yellowing and browning of the leaves, with characteristic reddish-brown pustules on the undersides of the leaves",general,chunk_659,"Question: what is the characteristics of Common rust maize diseas.
Answer: yellowing and browning of the leaves, with characteristic reddish-brown pustules on the undersides of the leaves"
what is animal husbandry?,"is the breeding and raising of animals for meat, milk, eggs, or wool, and for work and transport.",general,chunk_660,"Question: what is animal husbandry?
Answer: is the breeding and raising of animals for meat, milk, eggs, or wool, and for work and transport."
Elaborate on the role of the DBT in Agriculture (2014) in reducing intermediaries and promoting financial inclusion.,"Direct Benefit Transfer in Agriculture ensures efficient and transparent fund transfer to farmers, reducing intermediaries and promoting financial inclusion.",general,chunk_661,"Question: Elaborate on the role of the DBT in Agriculture (2014) in reducing intermediaries and promoting financial inclusion.
Answer: Direct Benefit Transfer in Agriculture ensures efficient and transparent fund transfer to farmers, reducing intermediaries and promoting financial inclusion."
What method does cassava primarily use for reproduction?,"Cassava primarily reproduces through stem cuttings, which are used to propagate new cassava plants.",general,chunk_662,"Question: What method does cassava primarily use for reproduction?
Answer: Cassava primarily reproduces through stem cuttings, which are used to propagate new cassava plants."
what is the impact of over-fertilization.,"excessive vegetative growth, lodging, and reduced yield",general,chunk_663,"Question: what is the impact of over-fertilization.
Answer: excessive vegetative growth, lodging, and reduced yield"
Can spraying chemicals cause environmental pollution?,"Yes, spraying chemicals can lead to environmental pollution.",general,chunk_664,"Question: Can spraying chemicals cause environmental pollution?
Answer: Yes, spraying chemicals can lead to environmental pollution."
"Apart from hand weeding, what other method used to weed maize?",Machinery weeders are available for effective weed control in maize fields.,general,chunk_665,"Question: Apart from hand weeding, what other method used to weed maize?
Answer: Machinery weeders are available for effective weed control in maize fields."
what other measures can be used to control CAD?,Sanitation,general,chunk_666,"Question: what other measures can be used to control CAD?
Answer: Sanitation"
Can I eat healthy without spending a lot of money?,es. Food in the United States is very affordable,general,chunk_667,"Question: Can I eat healthy without spending a lot of money?
Answer: es. Food in the United States is very affordable"
Are we losing family farms because corporate farms are taking over American Agriculture?,America�s farms are still family farms,general,chunk_668,"Question: Are we losing family farms because corporate farms are taking over American Agriculture?
Answer: America�s farms are still family farms"
can educating farmers help improve productivity?,Educating farmers on the best practices for growing maize can help to improve their productivity and increase the yield of local maize breeds.,general,chunk_669,"Question: can educating farmers help improve productivity?
Answer: Educating farmers on the best practices for growing maize can help to improve their productivity and increase the yield of local maize breeds."
which key districts produces maize in uganda?,"Masindi, Kapchorwa, Kasese, Jinja, Kabarole and Mbale",general,chunk_670,"Question: which key districts produces maize in uganda?
Answer: Masindi, Kapchorwa, Kasese, Jinja, Kabarole and Mbale"
why is animal welfare important to ranchers?,animals that are properly cared for will be healthier and more productive,general,chunk_671,"Question: why is animal welfare important to ranchers?
Answer: animals that are properly cared for will be healthier and more productive"
name any form of Motorized mechanization in agricultural autoation.,ploughing and milking,general,chunk_672,"Question: name any form of Motorized mechanization in agricultural autoation.
Answer: ploughing and milking"
which year was Apple farming introduced in Uganda?,1999,general,chunk_673,"Question: which year was Apple farming introduced in Uganda?
Answer: 1999"
How can couch grass be effectively control from the cassava garden.,"Hand-pulling, mulching, herbicides, and tillage",general,chunk_674,"Question: How can couch grass be effectively control from the cassava garden.
Answer: Hand-pulling, mulching, herbicides, and tillage"
What are the symptoms exhibited by citrus trees affected by Scab/Verucosis?,"Scab/Verucosis in citrus trees presents a range of symptoms, including small semi-translucent dots on the underside of leaves, which later become sharply defined pustular elevations. On fruit, lesions consist of corky projections that often break into scabs, with the opposite surface showing circular depressions with pink to red centers. In later stages, leaves may become distorted, wrinkled, stunted, and deformed.",general,chunk_675,"Question: What are the symptoms exhibited by citrus trees affected by Scab/Verucosis?
Answer: Scab/Verucosis in citrus trees presents a range of symptoms, including small semi-translucent dots on the underside of leaves, which later become sharply defined pustular elevations. On fruit, lesions consist of corky projections that often break into scabs, with the opposite surface showing circular depressions with pink to red centers. In later stages, leaves may become distorted, wrinkled, stunted, and deformed."
"Apart from sun drying, which other method is used for drying maize?","Besides sun drying, maize can also be dried using tarpaulins or on cemented floors free from dust to ensure proper drying.",general,chunk_676,"Question: Apart from sun drying, which other method is used for drying maize?
Answer: Besides sun drying, maize can also be dried using tarpaulins or on cemented floors free from dust to ensure proper drying."
What marketing strategies can I use to promote my chili peppers?,"Effective marketing strategies for chili peppers include branding, packaging, direct sales at farmers' markets or local grocery stores, community-supported agriculture (CSA) programs, and online sales platforms. Offering specialty or heirloom chili varieties, promoting unique flavor profiles, and engaging with customers through cooking demonstrations or recipe sharing can also help attract buyers and build brand loyalty.",general,chunk_677,"Question: What marketing strategies can I use to promote my chili peppers?
Answer: Effective marketing strategies for chili peppers include branding, packaging, direct sales at farmers' markets or local grocery stores, community-supported agriculture (CSA) programs, and online sales platforms. Offering specialty or heirloom chili varieties, promoting unique flavor profiles, and engaging with customers through cooking demonstrations or recipe sharing can also help attract buyers and build brand loyalty."
what does  Food and Drug Administration (FDA) focuses on.,FDA focuses on both fresh and processed food products,general,chunk_678,"Question: what does  Food and Drug Administration (FDA) focuses on.
Answer: FDA focuses on both fresh and processed food products"
which year was Kawanda Composite A released.,1971,general,chunk_679,"Question: which year was Kawanda Composite A released.
Answer: 1971"
How does Farm Management Software benefit agriculture?,"Streamlines farm operations through digital tools for planning, monitoring, and analysis.",general,chunk_680,"Question: How does Farm Management Software benefit agriculture?
Answer: Streamlines farm operations through digital tools for planning, monitoring, and analysis."
"Why is thinning important for apple trees, and how should it be done?","Thinning reduces fruit load on apple trees, allowing remaining fruits to develop larger size and better quality. Thinning should be done when fruits are still small, typically a few weeks after fruit set. Hand thinning is the most common method, where excess fruits are selectively removed to achieve proper spacing and balance on the branches. Thinning helps prevent biennial bearing and improves fruiting consistency from year to year.",general,chunk_681,"Question: Why is thinning important for apple trees, and how should it be done?
Answer: Thinning reduces fruit load on apple trees, allowing remaining fruits to develop larger size and better quality. Thinning should be done when fruits are still small, typically a few weeks after fruit set. Hand thinning is the most common method, where excess fruits are selectively removed to achieve proper spacing and balance on the branches. Thinning helps prevent biennial bearing and improves fruiting consistency from year to year."
How are Sustainability Practices applied in farming?,"Adapting to eco-friendly methods, aligning with global sustainability goals",general,chunk_682,"Question: How are Sustainability Practices applied in farming?
Answer: Adapting to eco-friendly methods, aligning with global sustainability goals"
what does a hand represents in a horse?, 4 inches,general,chunk_683,"Question: what does a hand represents in a horse?
Answer:  4 inches"
"Is buying local and organic the same thing?
",No. Local is a definition based on location,general,chunk_684,"Question: Is buying local and organic the same thing?

Answer: No. Local is a definition based on location"
Detail how the DBT in Agriculture (2014) ensures efficient and transparent fund transfer to farmers.,"Direct Benefit Transfer in Agriculture ensures efficient and transparent fund transfer to farmers, reducing intermediaries and promoting financial inclusion.",general,chunk_685,"Question: Detail how the DBT in Agriculture (2014) ensures efficient and transparent fund transfer to farmers.
Answer: Direct Benefit Transfer in Agriculture ensures efficient and transparent fund transfer to farmers, reducing intermediaries and promoting financial inclusion."
What method is recommended for controlling pigweeds in the garden by farmers?,"Farmers are recommended to weed when pigweeds are young and, if necessary, spray them to effectively control their growth in the garden.",general,chunk_686,"Question: What method is recommended for controlling pigweeds in the garden by farmers?
Answer: Farmers are recommended to weed when pigweeds are young and, if necessary, spray them to effectively control their growth in the garden."
which grass species  harbor leafhoppers,"Setaria barbata (Lam.) Kunth and Brachiaria lata (Schumach) Hubbard, ",general,chunk_687,"Question: which grass species  harbor leafhoppers
Answer: Setaria barbata (Lam.) Kunth and Brachiaria lata (Schumach) Hubbard, "
name ways how farmers can manage breeding and reproduction of livestock.,"artificial insemination, natural breeding methods, and careful management of breeding cycles.",general,chunk_688,"Question: name ways how farmers can manage breeding and reproduction of livestock.
Answer: artificial insemination, natural breeding methods, and careful management of breeding cycles."
how many days does the eggs takes to hatch into larvae., two to five days,general,chunk_689,"Question: how many days does the eggs takes to hatch into larvae.
Answer:  two to five days"
Is maize growth affected by altitude?,The expert will reachout to help,general,chunk_690,"Question: Is maize growth affected by altitude?
Answer: The expert will reachout to help"
"As a farmer, how can I control pigweeds in the garden?",Weed when pigweeds are young and spray them if necessary to effectively control their growth in the garden.,general,chunk_691,"Question: As a farmer, how can I control pigweeds in the garden?
Answer: Weed when pigweeds are young and spray them if necessary to effectively control their growth in the garden."
Who invented the earliest milking machines?,the ancient Egyptians,general,chunk_692,"Question: Who invented the earliest milking machines?
Answer: the ancient Egyptians"
which population is vulnerable  in agriculture.,Ages 0�6,general,chunk_693,"Question: which population is vulnerable  in agriculture.
Answer: Ages 0�6"
What is the nature of the mycelium of the pathogen responsible for Scab in Apple trees?,The mycelium of the pathogen causing Scab in Apple trees is internal.,general,chunk_694,"Question: What is the nature of the mycelium of the pathogen responsible for Scab in Apple trees?
Answer: The mycelium of the pathogen causing Scab in Apple trees is internal."
which districts in Uganda produce maize.," Kapchorwa, Iganga, Masindi, Mbale, Mubende, Kasese, Kamuli, Jinja And Kabarole districts.",general,chunk_695,"Question: which districts in Uganda produce maize.
Answer:  Kapchorwa, Iganga, Masindi, Mbale, Mubende, Kasese, Kamuli, Jinja And Kabarole districts."
how long does TZECOMP 3 takes to mature., 90 days,general,chunk_696,"Question: how long does TZECOMP 3 takes to mature.
Answer:  90 days"
what is the botanical name for Cassava green mite.,Mononychellus tanajoa,general,chunk_697,"Question: what is the botanical name for Cassava green mite.
Answer: Mononychellus tanajoa"
state the difference between fresh and dry maize in terms of glycemic index.,"Fresh maize has a higher glycemic index than dry maize, which means it can cause a more rapid increase in blood sugar levels. Dry maize, on the other hand, has a lower glycemic index and is a better choice for people with diabetes or those watching their blood sugar levels.",general,chunk_698,"Question: state the difference between fresh and dry maize in terms of glycemic index.
Answer: Fresh maize has a higher glycemic index than dry maize, which means it can cause a more rapid increase in blood sugar levels. Dry maize, on the other hand, has a lower glycemic index and is a better choice for people with diabetes or those watching their blood sugar levels."
name any  veterinary care that should be given to livestock,routine check-ups and vaccinations,general,chunk_699,"Question: name any  veterinary care that should be given to livestock
Answer: routine check-ups and vaccinations"
What is AI Smart Farming?,Leveraging artificial intelligence for optimized farming processes,general,chunk_700,"Question: What is AI Smart Farming?
Answer: Leveraging artificial intelligence for optimized farming processes"
Do hailstorms affect the productivity of cassava stem cuttings?,"Yes, hailstorms can damage cassava stem cuttings, resulting in reduced vigor and yield potential, thus lowering productivity.",general,chunk_701,"Question: Do hailstorms affect the productivity of cassava stem cuttings?
Answer: Yes, hailstorms can damage cassava stem cuttings, resulting in reduced vigor and yield potential, thus lowering productivity."
which continents are cassava  referred to as an important source of food and income for millions of people.,"Africa, Asia, and Latin America",general,chunk_702,"Question: which continents are cassava  referred to as an important source of food and income for millions of people.
Answer: Africa, Asia, and Latin America"
what is Couch grass?,is a persistent weed that can be difficult to control in cassava gardens,general,chunk_703,"Question: what is Couch grass?
Answer: is a persistent weed that can be difficult to control in cassava gardens"
What is the pathogen responsible for Downy Mildew?,The pathogen responsible for Downy Mildew is Peronospora destructor.,general,chunk_704,"Question: What is the pathogen responsible for Downy Mildew?
Answer: The pathogen responsible for Downy Mildew is Peronospora destructor."
name other way of controlling couch grass.,Hand weeding,general,chunk_705,"Question: name other way of controlling couch grass.
Answer: Hand weeding"
what is the other name of Couch grass.,Bermuda grass,general,chunk_706,"Question: what is the other name of Couch grass.
Answer: Bermuda grass"
where is Intensive farming practiced.,mainly in developed countries,general,chunk_707,"Question: where is Intensive farming practiced.
Answer: mainly in developed countries"
Provide information about Crofarm's role in the agricultural sector and its contribution to farm-to-business transactions.,"Crofarm, a leading Agritech company in India, plays a key role in the agricultural sector by facilitating farm-to-business transactions. The company is dedicated to ensuring fair deals for farmers and contributing to the efficiency of agricultural supply chains.",general,chunk_708,"Question: Provide information about Crofarm's role in the agricultural sector and its contribution to farm-to-business transactions.
Answer: Crofarm, a leading Agritech company in India, plays a key role in the agricultural sector by facilitating farm-to-business transactions. The company is dedicated to ensuring fair deals for farmers and contributing to the efficiency of agricultural supply chains."
which two countries contribute to 80 percentage of the sea food, Asia and Latin America,general,chunk_709,"Question: which two countries contribute to 80 percentage of the sea food
Answer:  Asia and Latin America"
Explain the use of AI/ML & Data Science in Agriculture.,Utilizes artificial intelligence and machine learning for data analysis and predictive modeling.,general,chunk_710,"Question: Explain the use of AI/ML & Data Science in Agriculture.
Answer: Utilizes artificial intelligence and machine learning for data analysis and predictive modeling."
"I am in eastern, central, and western Uganda, which cassava do you recommend?",NASE 14,general,chunk_711,"Question: I am in eastern, central, and western Uganda, which cassava do you recommend?
Answer: NASE 14"
do some people experience digestives issues after consuming food with preservatives.,"Some people may experience digestive issues, such as bloating, gas, and diarrhea, after consuming foods containing preservatives. This may be due to the fact that some preservatives, such as sorbic acid and benzoic acid, can irritate the lining of the digestive tract.",general,chunk_712,"Question: do some people experience digestives issues after consuming food with preservatives.
Answer: Some people may experience digestive issues, such as bloating, gas, and diarrhea, after consuming foods containing preservatives. This may be due to the fact that some preservatives, such as sorbic acid and benzoic acid, can irritate the lining of the digestive tract."
How can I effectively market bananas?,"Effective marketing of bananas involves identifying target markets, ensuring consistent quality, establishing relationships with buyers such as retailers and wholesalers, and exploring value-added options like organic or fair-trade certification to attract consumers.",general,chunk_713,"Question: How can I effectively market bananas?
Answer: Effective marketing of bananas involves identifying target markets, ensuring consistent quality, establishing relationships with buyers such as retailers and wholesalers, and exploring value-added options like organic or fair-trade certification to attract consumers."
How is the height of a horse measured?,A horse�s height is measured in hands from the ground to the withers (the area on top of a horse between its neck and back),general,chunk_714,"Question: How is the height of a horse measured?
Answer: A horse�s height is measured in hands from the ground to the withers (the area on top of a horse between its neck and back)"
when do adults emerge?,in 7 to 10 days,general,chunk_715,"Question: when do adults emerge?
Answer: in 7 to 10 days"
Cassava and maize which one makes a person stronger?,Both can depend on how much but cassava has more calories per kilogram.,general,chunk_716,"Question: Cassava and maize which one makes a person stronger?
Answer: Both can depend on how much but cassava has more calories per kilogram."
what percentage does the production of animal food produce to Green House Emission.,57%,general,chunk_717,"Question: what percentage does the production of animal food produce to Green House Emission.
Answer: 57%"
How can I improve the quality of my grapes for winemaking?,"Grape quality can be improved by careful management of the vines, such as proper pruning and trellising. Additionally, thinning the grape clusters can help ensure even ripening and improve the quality of the fruit",general,chunk_718,"Question: How can I improve the quality of my grapes for winemaking?
Answer: Grape quality can be improved by careful management of the vines, such as proper pruning and trellising. Additionally, thinning the grape clusters can help ensure even ripening and improve the quality of the fruit"
How does Data-Powered Decision-Making work in farming?,"Involves the use of data analytics to optimize farming decisions, enhancing productivity.",general,chunk_719,"Question: How does Data-Powered Decision-Making work in farming?
Answer: Involves the use of data analytics to optimize farming decisions, enhancing productivity."
Is cross-pollination necessary for mango trees?,"Cross-pollination isn't essential for mango trees as most varieties are self-pollinating. However, it can enhance fruit production and yield. Introducing plants that attract pollinators can facilitate cross-pollination and improve fruit set.",general,chunk_720,"Question: Is cross-pollination necessary for mango trees?
Answer: Cross-pollination isn't essential for mango trees as most varieties are self-pollinating. However, it can enhance fruit production and yield. Introducing plants that attract pollinators can facilitate cross-pollination and improve fruit set."
what is the right spacing for beans when plantimg?,about 2-4 inches apart,general,chunk_721,"Question: what is the right spacing for beans when plantimg?
Answer: about 2-4 inches apart"
where are the south americans beetles,South America,general,chunk_722,"Question: where are the south americans beetles
Answer: South America"
"If a farm is large, does that mean it is a corporate farm?","Just because a farm is large in number of acres, does not mean it is a corporate farm",general,chunk_723,"Question: If a farm is large, does that mean it is a corporate farm?
Answer: Just because a farm is large in number of acres, does not mean it is a corporate farm"
what is plant biotechnology,a set of techniques used to adapt plants for specific needs or opportunities,general,chunk_724,"Question: what is plant biotechnology
Answer: a set of techniques used to adapt plants for specific needs or opportunities"
How can couch grass be effectively controlled from the cassava garden.,Mulching,general,chunk_725,"Question: How can couch grass be effectively controlled from the cassava garden.
Answer: Mulching"
Some maize varieties are more adapted to greenhouse growing conditions. which one are those?,"shorter, bushier varieties",general,chunk_726,"Question: Some maize varieties are more adapted to greenhouse growing conditions. which one are those?
Answer: shorter, bushier varieties"
How do I know when mangoes are ready for picking?,"Ripe mangoes typically exhibit color changes, a gentle softness to touch, and emit a fruity aroma near the stem end. Different mango varieties may have specific indicators, such as color changes, to signal ripeness.",general,chunk_727,"Question: How do I know when mangoes are ready for picking?
Answer: Ripe mangoes typically exhibit color changes, a gentle softness to touch, and emit a fruity aroma near the stem end. Different mango varieties may have specific indicators, such as color changes, to signal ripeness."
what is the effect severe CBSD , reducing yields and making cassava roots unsuitable for consumption or processing,general,chunk_728,"Question: what is the effect severe CBSD 
Answer:  reducing yields and making cassava roots unsuitable for consumption or processing"
Tell me more about AgroStar.,"Founded in 2013 by Shardul Sheth and Sitanshu Sheth, AgroStar focuses on making agriculture more efficient and profitable. The company leverages technology to empower farmers with digital solutions and access to essential resources.",general,chunk_729,"Question: Tell me more about AgroStar.
Answer: Founded in 2013 by Shardul Sheth and Sitanshu Sheth, AgroStar focuses on making agriculture more efficient and profitable. The company leverages technology to empower farmers with digital solutions and access to essential resources."
How can I make my mango farm more profitable?,"Enhancing the profitability of a mango farm can be achieved through diversifying products (e.g., dried mango, mango puree), adopting efficient farming practices, and exploring value-added processing methods to generate additional income.",general,chunk_730,"Question: How can I make my mango farm more profitable?
Answer: Enhancing the profitability of a mango farm can be achieved through diversifying products (e.g., dried mango, mango puree), adopting efficient farming practices, and exploring value-added processing methods to generate additional income."
"What is the difference between cloning and genetic modification (GM)?
",Genetic modification and cloning are not the same. Cloning provides an exact copy. Cloned genes can only be copied in the same species. Genetic modification (genetic engineering) something scientists do to pick out a specific set of genes and place these genes in an organism where the traits would be helpful,general,chunk_731,"Question: What is the difference between cloning and genetic modification (GM)?

Answer: Genetic modification and cloning are not the same. Cloning provides an exact copy. Cloned genes can only be copied in the same species. Genetic modification (genetic engineering) something scientists do to pick out a specific set of genes and place these genes in an organism where the traits would be helpful"
name some natural enemies of termites.,certain species of fungi and nematodes,general,chunk_732,"Question: name some natural enemies of termites.
Answer: certain species of fungi and nematodes"
Name regions in which Pastoralism is practised.,"arid and semi-arid regions of Sahara, Central Asia and some parts of India.",general,chunk_733,"Question: Name regions in which Pastoralism is practised.
Answer: arid and semi-arid regions of Sahara, Central Asia and some parts of India."
"What ailment targets guava foliage, young shoots, and fruit?","Guava rust, induced by Puccinia psidii, affects guava foliage, young shoots, inflorescences, and fruit.",general,chunk_734,"Question: What ailment targets guava foliage, young shoots, and fruit?
Answer: Guava rust, induced by Puccinia psidii, affects guava foliage, young shoots, inflorescences, and fruit."
How is technology in agriculture changing?,Tractor technology is changing! Auto?steer and GPS (global positioning systems) help make farming more efficient. Tractor technology is also helping the environment. ,general,chunk_735,"Question: How is technology in agriculture changing?
Answer: Tractor technology is changing! Auto?steer and GPS (global positioning systems) help make farming more efficient. Tractor technology is also helping the environment. "
List the breeds of dairy cattle?,"Holstein, Jersey, Brown Swiss, Ayrshire, Guernsey and Milking Shorthorn",general,chunk_736,"Question: List the breeds of dairy cattle?
Answer: Holstein, Jersey, Brown Swiss, Ayrshire, Guernsey and Milking Shorthorn"
what is the approximate amount of Global agricultural production of wood.,4 billion,general,chunk_737,"Question: what is the approximate amount of Global agricultural production of wood.
Answer: 4 billion"
which other field is RFID being used?,hay,general,chunk_738,"Question: which other field is RFID being used?
Answer: hay"
what percentage o electricity does fossil fuel accounts for?, 81% of electricity,general,chunk_739,"Question: what percentage o electricity does fossil fuel accounts for?
Answer:  81% of electricity"
Tell me about Rallis India Limited.,Rallis India Limited is known for its contributions to the agricultural industry. The company is recognized for its expertise and offerings in the agricultural sector.,general,chunk_740,"Question: Tell me about Rallis India Limited.
Answer: Rallis India Limited is known for its contributions to the agricultural industry. The company is recognized for its expertise and offerings in the agricultural sector."
"Does the United States import more agricultural products than we export?
","Agriculture has a positive trade balance, which means we send out (export) more than we bring in (import)",general,chunk_741,"Question: Does the United States import more agricultural products than we export?

Answer: Agriculture has a positive trade balance, which means we send out (export) more than we bring in (import)"
how can the nutritional value of maize flour obtained after starch extraction be increased.,"it can be fortified with vitamins and minerals such as iron, folic acid, and vitamin A",general,chunk_742,"Question: how can the nutritional value of maize flour obtained after starch extraction be increased.
Answer: it can be fortified with vitamins and minerals such as iron, folic acid, and vitamin A"
Do brown cows produce chocolate milk?,No,general,chunk_743,"Question: Do brown cows produce chocolate milk?
Answer: No"
Which U.S. states are the biggest farm states?,California ,general,chunk_744,"Question: Which U.S. states are the biggest farm states?
Answer: California "
Why do cows stand around in fields eating all day?, to produce four or more gallons of milk,general,chunk_745,"Question: Why do cows stand around in fields eating all day?
Answer:  to produce four or more gallons of milk"
how can mulching be used to prevent or control couch grass,"use a thick layer of organic mulch, such as straw or leaves, to smother the grass. This method works by blocking sunlight and preventing the grass from growing. It is important to use a thick enough layer of mulch to be effective.",general,chunk_746,"Question: how can mulching be used to prevent or control couch grass
Answer: use a thick layer of organic mulch, such as straw or leaves, to smother the grass. This method works by blocking sunlight and preventing the grass from growing. It is important to use a thick enough layer of mulch to be effective."
what is the approximate Global agricultural production,32 million tonnes of natural fibres,general,chunk_747,"Question: what is the approximate Global agricultural production
Answer: 32 million tonnes of natural fibres"
why should we have more livestock on the grazzing ground?,their movement and their waste and their relentless chomping stimulate grasses to grow,general,chunk_748,"Question: why should we have more livestock on the grazzing ground?
Answer: their movement and their waste and their relentless chomping stimulate grasses to grow"
"What are the key strategies for marketing grapes, specifically for the production of wine?","Key marketing strategies for grapes, especially for winemaking purposes, include building strong partnerships with wineries, showcasing the grapes' superior quality and distinct features, and actively participating in wine-related events and contests.",general,chunk_749,"Question: What are the key strategies for marketing grapes, specifically for the production of wine?
Answer: Key marketing strategies for grapes, especially for winemaking purposes, include building strong partnerships with wineries, showcasing the grapes' superior quality and distinct features, and actively participating in wine-related events and contests."
"How are growth regulators applied in citrus farming, and what purposes do they serve?","Growth regulators in citrus farming are applied to control fruit size, induce flowering, or manage tree vigor.",general,chunk_750,"Question: How are growth regulators applied in citrus farming, and what purposes do they serve?
Answer: Growth regulators in citrus farming are applied to control fruit size, induce flowering, or manage tree vigor."
Can stem cuttings affected by hailstorm have good yield?,"No, stem cuttings affected by hailstorms may have reduced vigor and yield, leading to lower productivity.",general,chunk_751,"Question: Can stem cuttings affected by hailstorm have good yield?
Answer: No, stem cuttings affected by hailstorms may have reduced vigor and yield, leading to lower productivity."
"Do citrus trees need cross-pollination, or can they pollinate themselves?","Citrus trees are primarily self-pollinating, although some varieties benefit from cross-pollination, which can enhance fruit yield and quality.",general,chunk_752,"Question: Do citrus trees need cross-pollination, or can they pollinate themselves?
Answer: Citrus trees are primarily self-pollinating, although some varieties benefit from cross-pollination, which can enhance fruit yield and quality."
"How can I market grapes effectively, especially for winemaking?","Effective marketing strategies for grapes include establishing relationships with wineries, highlighting the quality and unique characteristics of your grapes, and participating in wine industry events and competitions.",general,chunk_753,"Question: How can I market grapes effectively, especially for winemaking?
Answer: Effective marketing strategies for grapes include establishing relationships with wineries, highlighting the quality and unique characteristics of your grapes, and participating in wine industry events and competitions."
what is common cause of fatal agricultural injuries in developed countries., tractor rollovers,general,chunk_754,"Question: what is common cause of fatal agricultural injuries in developed countries.
Answer:  tractor rollovers"
what is the role of an inspector.,Person authorized by the regulatory body to perform the field inspection,general,chunk_755,"Question: what is the role of an inspector.
Answer: Person authorized by the regulatory body to perform the field inspection"
How can i control the buying of fake agrochemicals,"Buy from reputable suppliers: It's important to purchase agrochemicals from reputable suppliers that have a good track record and are known for selling high-quality products. You can ask for recommendations from other farmers, agricultural extension officers, or trusted agrochemical dealers.",general,chunk_756,"Question: How can i control the buying of fake agrochemicals
Answer: Buy from reputable suppliers: It's important to purchase agrochemicals from reputable suppliers that have a good track record and are known for selling high-quality products. You can ask for recommendations from other farmers, agricultural extension officers, or trusted agrochemical dealers."
Is global hunger caused by a shortage of food?,"Not necessarily. In many cases, hunger is not caused by a shortage of food",general,chunk_757,"Question: Is global hunger caused by a shortage of food?
Answer: Not necessarily. In many cases, hunger is not caused by a shortage of food"
What strategies are recommended for controlling downy mildew in grapes?,Effective strategies for controlling downy mildew in grapes include applying Bordeaux mixture at a concentration of 1% or using Metalaxyl + Mancozeb at 0.4%.,general,chunk_758,"Question: What strategies are recommended for controlling downy mildew in grapes?
Answer: Effective strategies for controlling downy mildew in grapes include applying Bordeaux mixture at a concentration of 1% or using Metalaxyl + Mancozeb at 0.4%."
what is another name for cassava whitefly.,Bemisia tabaci,general,chunk_759,"Question: what is another name for cassava whitefly.
Answer: Bemisia tabaci"
"How is powdery mildew manifested in grapevines, and what are its symptoms?","Powdery mildew in grapevines manifests as powdery growth predominantly on the upper leaf surface, along with malformation and discoloration of affected leaves, dark brown discoloration of stems, shedding of flowers, poor fruit set, shedding of affected berries, and the development of powdery growth on older berries, potentially causing skin cracking.",general,chunk_760,"Question: How is powdery mildew manifested in grapevines, and what are its symptoms?
Answer: Powdery mildew in grapevines manifests as powdery growth predominantly on the upper leaf surface, along with malformation and discoloration of affected leaves, dark brown discoloration of stems, shedding of flowers, poor fruit set, shedding of affected berries, and the development of powdery growth on older berries, potentially causing skin cracking."
which environmental condition does the Cassava green mite have.,hot and dry conditions,general,chunk_761,"Question: which environmental condition does the Cassava green mite have.
Answer: hot and dry conditions"
what can be made from  milled bean flour.,"bean cakes, bean bread, and bean porridge.",general,chunk_762,"Question: what can be made from  milled bean flour.
Answer: bean cakes, bean bread, and bean porridge."
Give more information on Stellapps.,Stellapps is a digitalized Agritech company contributing to increased efficiency and productivity in the agricultural sector through the implementation of technology.,general,chunk_763,"Question: Give more information on Stellapps.
Answer: Stellapps is a digitalized Agritech company contributing to increased efficiency and productivity in the agricultural sector through the implementation of technology."
what depth should the cassava garden be ploughed to.,at least 25 cm,general,chunk_764,"Question: what depth should the cassava garden be ploughed to.
Answer: at least 25 cm"
name any other way of storing cassava.,Use proper containers,general,chunk_765,"Question: name any other way of storing cassava.
Answer: Use proper containers"
Describe the impact of the Animal Husbandry Infrastructure Development Fund (2022) on improving livestock rearing conditions.,"This initiative aims to boost animal husbandry infrastructure, benefiting farmers by improving livestock rearing conditions and increasing income opportunities.",general,chunk_766,"Question: Describe the impact of the Animal Husbandry Infrastructure Development Fund (2022) on improving livestock rearing conditions.
Answer: This initiative aims to boost animal husbandry infrastructure, benefiting farmers by improving livestock rearing conditions and increasing income opportunities."
what food products can be made from corn meal.,"tortillas, bread, porridge, and other baked goods",general,chunk_767,"Question: what food products can be made from corn meal.
Answer: tortillas, bread, porridge, and other baked goods"
Detail the objectives and goals of the Animal Husbandry Infrastructure Development Fund introduced in 2022.,"This initiative aims to boost animal husbandry infrastructure, benefiting farmers by improving livestock rearing conditions and increasing income opportunities.",general,chunk_768,"Question: Detail the objectives and goals of the Animal Husbandry Infrastructure Development Fund introduced in 2022.
Answer: This initiative aims to boost animal husbandry infrastructure, benefiting farmers by improving livestock rearing conditions and increasing income opportunities."
what is monoculture.,one cultivar is planted on a large acreage,general,chunk_769,"Question: what is monoculture.
Answer: one cultivar is planted on a large acreage"
A large diary cows can eat up of?,150 pounds,general,chunk_770,"Question: A large diary cows can eat up of?
Answer: 150 pounds"
Describe the watering needs and irrigation frequency for chili peppers.,"Chili peppers need regular watering, particularly during dry spells and fruit development phases. It's crucial to maintain consistent soil moisture levels while avoiding waterlogging, as chili plants are susceptible to water stress. Deep, infrequent watering is preferred to encourage deep root penetration and plant resilience. Adjust the irrigation schedule based on soil moisture, weather conditions, and the growth stage of the plants to ensure optimal water uptake and utilization.",irrigation,chunk_771,"Question: Describe the watering needs and irrigation frequency for chili peppers.
Answer: Chili peppers need regular watering, particularly during dry spells and fruit development phases. It's crucial to maintain consistent soil moisture levels while avoiding waterlogging, as chili plants are susceptible to water stress. Deep, infrequent watering is preferred to encourage deep root penetration and plant resilience. Adjust the irrigation schedule based on soil moisture, weather conditions, and the growth stage of the plants to ensure optimal water uptake and utilization."
what are the different methods of irrigation?,"surface irrigation, drip irrigation, and sprinkler irrigation",irrigation,chunk_772,"Question: what are the different methods of irrigation?
Answer: surface irrigation, drip irrigation, and sprinkler irrigation"
how can farmers deal with cassava dry out through water stress management.," Adequate irrigation, especially during dry periods, can help to prevent premature drying of cassava plants.",irrigation,chunk_773,"Question: how can farmers deal with cassava dry out through water stress management.
Answer:  Adequate irrigation, especially during dry periods, can help to prevent premature drying of cassava plants."
which human activities causes drought.," over-extraction of groundwater, water pollution, and inefficient water use can exacerbate drought conditions and reduce the availability of water for agriculture, industry, and domestic use",irrigation,chunk_774,"Question: which human activities causes drought.
Answer:  over-extraction of groundwater, water pollution, and inefficient water use can exacerbate drought conditions and reduce the availability of water for agriculture, industry, and domestic use"
what is Pastoralism.,"involves managing domesticated animals. In nomadic pastoralism, herds of livestock are moved from place to place in search of pasture, fodder, and water",irrigation,chunk_775,"Question: what is Pastoralism.
Answer: involves managing domesticated animals. In nomadic pastoralism, herds of livestock are moved from place to place in search of pasture, fodder, and water"
"What's the water requirement for guava trees, and how often should I irrigate them?","Guava trees require consistent watering, particularly during the dry season and fruiting phase. Young trees demand more frequent irrigation, while mature ones can withstand periods of drought. Adjust irrigation frequency and volume according to soil moisture levels and climatic factors for effective water management and optimal tree health.",irrigation,chunk_776,"Question: What's the water requirement for guava trees, and how often should I irrigate them?
Answer: Guava trees require consistent watering, particularly during the dry season and fruiting phase. Young trees demand more frequent irrigation, while mature ones can withstand periods of drought. Adjust irrigation frequency and volume according to soil moisture levels and climatic factors for effective water management and optimal tree health."
Poor irrigation leads to?,"waterlogging, soil salinization, and other negative environmental consequences.",irrigation,chunk_777,"Question: Poor irrigation leads to?
Answer: waterlogging, soil salinization, and other negative environmental consequences."
why do livestock require a steady supply of food and water.,to maintain their health and productivity.,irrigation,chunk_778,"Question: why do livestock require a steady supply of food and water.
Answer: to maintain their health and productivity."
List the Animal Care Principles for producers,"access to food and water, health and veterinary care, appropriate environmental and living conditions, implementing science?�based husbandry practices, using proper handling practices and providing comfortable and sanitary transportation to avoid stress",irrigation,chunk_779,"Question: List the Animal Care Principles for producers
Answer: access to food and water, health and veterinary care, appropriate environmental and living conditions, implementing science?�based husbandry practices, using proper handling practices and providing comfortable and sanitary transportation to avoid stress"
How can I determine the appropriate watering regimen for guava trees to meet their moisture needs?,"To meet the moisture needs of guava trees, assess soil moisture levels regularly and adjust irrigation frequency accordingly, especially during the dry season and fruit development period. Young trees typically require more frequent watering compared to mature ones. Tailor the irrigation schedule based on soil moisture conditions and climatic factors to ensure adequate tree hydration.",irrigation,chunk_780,"Question: How can I determine the appropriate watering regimen for guava trees to meet their moisture needs?
Answer: To meet the moisture needs of guava trees, assess soil moisture levels regularly and adjust irrigation frequency accordingly, especially during the dry season and fruit development period. Young trees typically require more frequent watering compared to mature ones. Tailor the irrigation schedule based on soil moisture conditions and climatic factors to ensure adequate tree hydration."
"How much water do grapevines need, and how often should I irrigate?","Grapevines require regular irrigation, especially during the growing season and fruit development. The frequency and amount of irrigation depend on factors like soil type, climate, and stage of growth.",irrigation,chunk_781,"Question: How much water do grapevines need, and how often should I irrigate?
Answer: Grapevines require regular irrigation, especially during the growing season and fruit development. The frequency and amount of irrigation depend on factors like soil type, climate, and stage of growth."
"How should grapevines be watered, and what is the ideal irrigation schedule?","Grapevines should be irrigated regularly, especially during active growth and fruiting stages. The recommended irrigation schedule and water application method depend on variables such as soil characteristics, weather patterns, and the developmental phase of the vines.",irrigation,chunk_782,"Question: How should grapevines be watered, and what is the ideal irrigation schedule?
Answer: Grapevines should be irrigated regularly, especially during active growth and fruiting stages. The recommended irrigation schedule and water application method depend on variables such as soil characteristics, weather patterns, and the developmental phase of the vines."
Explain Drip Irrigation.,"Provides water directly to the plant roots, optimizing water usage and reducing wastage.",irrigation,chunk_783,"Question: Explain Drip Irrigation.
Answer: Provides water directly to the plant roots, optimizing water usage and reducing wastage."
What type of soil is best for growing sapota trees?,"Sapota trees prefer well-drained, sandy loam or loamy soil with good organic matter content. Soil should be fertile, with a pH range of 6.0 to 7.5. Avoid waterlogged or saline soils, as they can negatively affect root development and overall tree health.",irrigation,chunk_784,"Question: What type of soil is best for growing sapota trees?
Answer: Sapota trees prefer well-drained, sandy loam or loamy soil with good organic matter content. Soil should be fertile, with a pH range of 6.0 to 7.5. Avoid waterlogged or saline soils, as they can negatively affect root development and overall tree health."
How often and how much should I water my citrus trees?,"Citrus trees need regular watering, especially during dry periods and fruit development. They prefer deep, infrequent watering to encourage deep root growth. Adjust irrigation based on soil moisture levels and weather conditions.",irrigation,chunk_785,"Question: How often and how much should I water my citrus trees?
Answer: Citrus trees need regular watering, especially during dry periods and fruit development. They prefer deep, infrequent watering to encourage deep root growth. Adjust irrigation based on soil moisture levels and weather conditions."
"What are the water requirements for grapevines, and how often should irrigation be applied?","Grapevines necessitate consistent irrigation, particularly during the growing season and fruit maturation. The specific water requirements and frequency of irrigation application are influenced by factors like soil type, climatic conditions, and the developmental stage of the vines.",irrigation,chunk_786,"Question: What are the water requirements for grapevines, and how often should irrigation be applied?
Answer: Grapevines necessitate consistent irrigation, particularly during the growing season and fruit maturation. The specific water requirements and frequency of irrigation application are influenced by factors like soil type, climatic conditions, and the developmental stage of the vines."
how can conduct a simple test to check the authenticity of the agrochemical.,"For example, you can mix a small amount of the product with water and observe how it dissolves. Fake products often leave residues or do not dissolve properly.
",irrigation,chunk_787,"Question: how can conduct a simple test to check the authenticity of the agrochemical.
Answer: For example, you can mix a small amount of the product with water and observe how it dissolves. Fake products often leave residues or do not dissolve properly.
"
"How much water do chili peppers need, and how often should I irrigate?","Chili peppers require regular watering, especially during dry periods and fruit development stages. They prefer consistent moisture levels in the soil but are sensitive to waterlogging. Deep, infrequent watering is preferred to encourage deep root growth and prevent water stress. Irrigation frequency and amount depend on soil moisture levels, weather conditions, and plant growth stage.",irrigation,chunk_788,"Question: How much water do chili peppers need, and how often should I irrigate?
Answer: Chili peppers require regular watering, especially during dry periods and fruit development stages. They prefer consistent moisture levels in the soil but are sensitive to waterlogging. Deep, infrequent watering is preferred to encourage deep root growth and prevent water stress. Irrigation frequency and amount depend on soil moisture levels, weather conditions, and plant growth stage."
"My citrus trees are showing signs of gummosis, with gumming on the surface. What could be causing this, and what are the main pathogens responsible?","The gumming on the surface of your citrus trees indicates symptoms of gummosis, which is commonly caused by pathogens such as Phytophthora parasitica, P. palmivora, and P. citrophthora. These pathogens thrive in conditions where the tree's trunk is consistently exposed to water, like flood irrigation or waterlogged areas. They infect the citrus trees, resulting in the characteristic symptoms of gummosis that you're observing.",irrigation,chunk_789,"Question: My citrus trees are showing signs of gummosis, with gumming on the surface. What could be causing this, and what are the main pathogens responsible?
Answer: The gumming on the surface of your citrus trees indicates symptoms of gummosis, which is commonly caused by pathogens such as Phytophthora parasitica, P. palmivora, and P. citrophthora. These pathogens thrive in conditions where the tree's trunk is consistently exposed to water, like flood irrigation or waterlogged areas. They infect the citrus trees, resulting in the characteristic symptoms of gummosis that you're observing."
"How should apple trees be irrigated, and what are their water needs?","Apple trees should be irrigated regularly, especially during dry periods and fruit development stages. Deep, infrequent watering is recommended to encourage deep root growth and prevent water stress. The frequency and amount of irrigation depend on factors such as soil moisture levels, weather conditions, and tree age.",irrigation,chunk_790,"Question: How should apple trees be irrigated, and what are their water needs?
Answer: Apple trees should be irrigated regularly, especially during dry periods and fruit development stages. Deep, infrequent watering is recommended to encourage deep root growth and prevent water stress. The frequency and amount of irrigation depend on factors such as soil moisture levels, weather conditions, and tree age."
name the types of irrigation.,"flood, furrow, drip, and sprinkler irrigation",irrigation,chunk_791,"Question: name the types of irrigation.
Answer: flood, furrow, drip, and sprinkler irrigation"
what irrigation techniques can farmers use to provide water during drought.,drip or sprinkler irrigation,irrigation,chunk_792,"Question: what irrigation techniques can farmers use to provide water during drought.
Answer: drip or sprinkler irrigation"
how does high humidity causes beans pod to have water.," In regions with high humidity, moisture in the air can condense on the bean pods, causing them to appear water-filled. This is more common in areas with poor airflow or where plants are grown in dense canopies.",irrigation,chunk_793,"Question: how does high humidity causes beans pod to have water.
Answer:  In regions with high humidity, moisture in the air can condense on the bean pods, causing them to appear water-filled. This is more common in areas with poor airflow or where plants are grown in dense canopies."
how do you define Saturation in agriculture.,"This refers to the point at which the soil is completely filled with water, and all air spaces have been displaced. This can occur after a heavy rain or during periods of flooding.",irrigation,chunk_794,"Question: how do you define Saturation in agriculture.
Answer: This refers to the point at which the soil is completely filled with water, and all air spaces have been displaced. This can occur after a heavy rain or during periods of flooding."
name activities done during water management.,"irrigation scheduling, water storage, and distribution systems",irrigation,chunk_795,"Question: name activities done during water management.
Answer: irrigation scheduling, water storage, and distribution systems"
"How much water do guava trees require, and what's the recommended irrigation frequency?","Guava trees necessitate regular watering, especially during the dry season and fruit development stage. While young trees require more frequent irrigation, mature trees exhibit tolerance to drought conditions. Irrigation frequency and volume should be adjusted based on soil moisture levels and prevailing weather conditions to ensure optimal tree hydration.",irrigation,chunk_796,"Question: How much water do guava trees require, and what's the recommended irrigation frequency?
Answer: Guava trees necessitate regular watering, especially during the dry season and fruit development stage. While young trees require more frequent irrigation, mature trees exhibit tolerance to drought conditions. Irrigation frequency and volume should be adjusted based on soil moisture levels and prevailing weather conditions to ensure optimal tree hydration."
what is soil?,"Soil is a complex mixture of minerals, organic matter, water, air, and living organisms.",irrigation,chunk_797,"Question: what is soil?
Answer: Soil is a complex mixture of minerals, organic matter, water, air, and living organisms."
can waterlogging cause yellowing in beans plants?,"Beans do not tolerate waterlogging, and excess moisture can cause their roots to suffocate, leading to yellowing of the leaves.",irrigation,chunk_798,"Question: can waterlogging cause yellowing in beans plants?
Answer: Beans do not tolerate waterlogging, and excess moisture can cause their roots to suffocate, leading to yellowing of the leaves."
what water managing techniques can a farmer user to guard against drought?,mulching,irrigation,chunk_799,"Question: what water managing techniques can a farmer user to guard against drought?
Answer: mulching"
how does water regulates temperature of the soil.,"Water helps to regulate soil temperature, which can affect plant growth and development. Water has a high heat capacity, meaning it can absorb and release large amounts of heat without significant temperature changes. This can help to moderate soil temperature and prevent heat stress in plants.",irrigation,chunk_800,"Question: how does water regulates temperature of the soil.
Answer: Water helps to regulate soil temperature, which can affect plant growth and development. Water has a high heat capacity, meaning it can absorb and release large amounts of heat without significant temperature changes. This can help to moderate soil temperature and prevent heat stress in plants."
What is the focus of the Pradhanmantri Krishi Sinchayee Yojana (2016)?,"This policy focuses on enhancing water use efficiency in agriculture, ensuring sustainable water management practices for farmers.",irrigation,chunk_801,"Question: What is the focus of the Pradhanmantri Krishi Sinchayee Yojana (2016)?
Answer: This policy focuses on enhancing water use efficiency in agriculture, ensuring sustainable water management practices for farmers."
What are the objectives of the National Mission For Sustainable Agriculture (2021)?,"Focused on promoting sustainable agriculture practices, this policy aims to improve soil health, water use efficiency, and overall farm productivity.",irrigation,chunk_802,"Question: What are the objectives of the National Mission For Sustainable Agriculture (2021)?
Answer: Focused on promoting sustainable agriculture practices, this policy aims to improve soil health, water use efficiency, and overall farm productivity."
which technical allows for water status monitoring and automate water usage.,precision agriculture,irrigation,chunk_803,"Question: which technical allows for water status monitoring and automate water usage.
Answer: precision agriculture"
how does contour ploughing helps in controlling soil erosion in mountainous areas.,Contour plowing helps to create small ridges and furrows that slow down the flow of water and prevent it from carrying away soil particles.,irrigation,chunk_804,"Question: how does contour ploughing helps in controlling soil erosion in mountainous areas.
Answer: Contour plowing helps to create small ridges and furrows that slow down the flow of water and prevent it from carrying away soil particles."
what other role does water play in the soil.," Water is also needed for photosynthesis, the process by which plants use sunlight to convert carbon dioxide and water into energy in the form of glucose. Without water, plants cannot produce the energy they need for growth and reproduction.",irrigation,chunk_805,"Question: what other role does water play in the soil.
Answer:  Water is also needed for photosynthesis, the process by which plants use sunlight to convert carbon dioxide and water into energy in the form of glucose. Without water, plants cannot produce the energy they need for growth and reproduction."
what are some of the water conservation practices being done.,"reducing evaporation loss, controlling water runoff, and maintaining proper soil moisture levels",irrigation,chunk_806,"Question: what are some of the water conservation practices being done.
Answer: reducing evaporation loss, controlling water runoff, and maintaining proper soil moisture levels"
Explain the focus and objectives of the Pradhanmantri Krishi Sinchayee Yojana implemented in 2016.,"This policy focuses on enhancing water use efficiency in agriculture, ensuring sustainable water management practices for farmers.",irrigation,chunk_807,"Question: Explain the focus and objectives of the Pradhanmantri Krishi Sinchayee Yojana implemented in 2016.
Answer: This policy focuses on enhancing water use efficiency in agriculture, ensuring sustainable water management practices for farmers."
How much water and how often should I irrigate banana plants?,"Banana plants require consistent moisture, with young plants needing more frequent watering than mature ones. It's best to provide deep, infrequent irrigation to promote healthy root development and ensure optimal growth.",irrigation,chunk_808,"Question: How much water and how often should I irrigate banana plants?
Answer: Banana plants require consistent moisture, with young plants needing more frequent watering than mature ones. It's best to provide deep, infrequent irrigation to promote healthy root development and ensure optimal growth."
name any Livestock management practices.,"ensuring that the animals are provided with adequate food, water, and shelter, as well as maintaining their health through regular veterinary check-ups and vaccinations",irrigation,chunk_809,"Question: name any Livestock management practices.
Answer: ensuring that the animals are provided with adequate food, water, and shelter, as well as maintaining their health through regular veterinary check-ups and vaccinations"
"How much water do apple trees need, and how often should they be irrigated?","Apple trees require regular watering, especially during dry periods and fruit development stages. Deep, infrequent watering is preferred to encourage deep root growth and prevent water stress. Irrigation frequency and amount depend on soil moisture levels, weather conditions, and tree age.",irrigation,chunk_810,"Question: How much water do apple trees need, and how often should they be irrigated?
Answer: Apple trees require regular watering, especially during dry periods and fruit development stages. Deep, infrequent watering is preferred to encourage deep root growth and prevent water stress. Irrigation frequency and amount depend on soil moisture levels, weather conditions, and tree age."
can high temperatures cause drought?,"High temperatures can lead to increased evapotranspiration rates, which can lead to soil moisture deficit and reduced water availability for plants.",irrigation,chunk_811,"Question: can high temperatures cause drought?
Answer: High temperatures can lead to increased evapotranspiration rates, which can lead to soil moisture deficit and reduced water availability for plants."
Explain how the National Mission For Sustainable Agriculture (2021) promotes sustainable agriculture practices.,"Focused on promoting sustainable agriculture practices, this policy aims to improve soil health, water use efficiency, and overall farm productivity.",irrigation,chunk_812,"Question: Explain how the National Mission For Sustainable Agriculture (2021) promotes sustainable agriculture practices.
Answer: Focused on promoting sustainable agriculture practices, this policy aims to improve soil health, water use efficiency, and overall farm productivity."
Give one example of  natural erosion caused by water.,Grand Canyon,irrigation,chunk_813,"Question: Give one example of  natural erosion caused by water.
Answer: Grand Canyon"
how does deforestation causes drought.,"reduce the amount of water vapor that is released into the atmosphere, leading to reduced rainfall in the surrounding areas.",irrigation,chunk_814,"Question: how does deforestation causes drought.
Answer: reduce the amount of water vapor that is released into the atmosphere, leading to reduced rainfall in the surrounding areas."
What is Consumptive water use?,is the term that describes water used and not returned to the original source. ,irrigation,chunk_815,"Question: What is Consumptive water use?
Answer: is the term that describes water used and not returned to the original source. "
how can rainfall increase water quality.," improve water quality by replenishing rivers, streams, and groundwater supplies",irrigation,chunk_816,"Question: how can rainfall increase water quality.
Answer:  improve water quality by replenishing rivers, streams, and groundwater supplies"
Can beans still be planted in October this year in amolatar?,"In Amolatar, which is located in Northern Uganda, October is generally considered the end of the rainy season and the beginning of the dry season. However, with the changing climate, it is difficult to predict weather patterns accurately. It is possible to plant beans in October if there is still enough soil moisture, either from the remaining rains or from irrigation. ",irrigation,chunk_817,"Question: Can beans still be planted in October this year in amolatar?
Answer: In Amolatar, which is located in Northern Uganda, October is generally considered the end of the rainy season and the beginning of the dry season. However, with the changing climate, it is difficult to predict weather patterns accurately. It is possible to plant beans in October if there is still enough soil moisture, either from the remaining rains or from irrigation. "
name regions where irrigation is applicable.,regions with low rainfall or unreliable water sources,irrigation,chunk_818,"Question: name regions where irrigation is applicable.
Answer: regions with low rainfall or unreliable water sources"
What type of soil is best for growing sapota trees?,"Sapota trees thrive in well-drained, sandy loam or loamy soil with good organic matter content. The soil should be fertile, with a pH range of 6.0 to 7.5. It is advisable to avoid waterlogged or saline soils, as they can impede root development and adversely affect overall tree health.",irrigation,chunk_819,"Question: What type of soil is best for growing sapota trees?
Answer: Sapota trees thrive in well-drained, sandy loam or loamy soil with good organic matter content. The soil should be fertile, with a pH range of 6.0 to 7.5. It is advisable to avoid waterlogged or saline soils, as they can impede root development and adversely affect overall tree health."
in which areas are irrigation done.,areas with low rainfall or unreliable water sources.,irrigation,chunk_820,"Question: in which areas are irrigation done.
Answer: areas with low rainfall or unreliable water sources."
How much water should mango trees be given?,"Mango trees require consistent watering, especially during dry spells and flowering/fruiting stages. Young trees need more frequent irrigation compared to mature ones.",irrigation,chunk_821,"Question: How much water should mango trees be given?
Answer: Mango trees require consistent watering, especially during dry spells and flowering/fruiting stages. Young trees need more frequent irrigation compared to mature ones."
how can farmers use test kit to test soil PH.,"To use the kit, farmers can collect a soil sample from their field or garden, mix it with distilled water, and then add a few drops of the pH indicator solution. The color of the solution will then be compared to the chart, which indicates the pH level of the soil. A pH level of 7 is considered neutral, while levels below 7 indicate acidic soil and levels above 7 indicate alkaline soil.
",irrigation,chunk_822,"Question: how can farmers use test kit to test soil PH.
Answer: To use the kit, farmers can collect a soil sample from their field or garden, mix it with distilled water, and then add a few drops of the pH indicator solution. The color of the solution will then be compared to the chart, which indicates the pH level of the soil. A pH level of 7 is considered neutral, while levels below 7 indicate acidic soil and levels above 7 indicate alkaline soil.
"
"How much water do coconut palms need, and how often should they be irrigated?","Coconut palms require regular watering, especially during the establishment phase and dry periods. While mature palms are drought-tolerant, young palms benefit from supplemental irrigation to promote root growth and canopy development. Irrigation frequency and amount depend on soil moisture levels, weather conditions, and palm age, with a focus on maintaining consistent soil moisture without waterlogging.",irrigation,chunk_823,"Question: How much water do coconut palms need, and how often should they be irrigated?
Answer: Coconut palms require regular watering, especially during the establishment phase and dry periods. While mature palms are drought-tolerant, young palms benefit from supplemental irrigation to promote root growth and canopy development. Irrigation frequency and amount depend on soil moisture levels, weather conditions, and palm age, with a focus on maintaining consistent soil moisture without waterlogging."
How much water do mango trees need?,"Mango trees require regular watering, especially during dry periods and flowering/fruiting stages. Young trees need more frequent irrigation than mature ones.",irrigation,chunk_824,"Question: How much water do mango trees need?
Answer: Mango trees require regular watering, especially during dry periods and flowering/fruiting stages. Young trees need more frequent irrigation than mature ones."
What are the main pathogens responsible for causing gummosis in citrus trees?,"The main pathogens responsible for causing gummosis in citrus trees are Phytophthora parasitica, P. palmivora, and P. citrophthora. These pathogens thrive in conditions of prolonged trunk contact with water, such as flood irrigation, waterlogged areas, and heavy soils. They infect citrus trees, leading to characteristic symptoms of gummosis.",irrigation,chunk_825,"Question: What are the main pathogens responsible for causing gummosis in citrus trees?
Answer: The main pathogens responsible for causing gummosis in citrus trees are Phytophthora parasitica, P. palmivora, and P. citrophthora. These pathogens thrive in conditions of prolonged trunk contact with water, such as flood irrigation, waterlogged areas, and heavy soils. They infect citrus trees, leading to characteristic symptoms of gummosis."
What causes bean pods to develop water ?," Excessive irrigation or heavy rainfall can result in waterlogged soil, leading to the absorption of excess water by the bean plants. This excess water can accumulate in the pods, causing them to become water-filled.",irrigation,chunk_826,"Question: What causes bean pods to develop water ?
Answer:  Excessive irrigation or heavy rainfall can result in waterlogged soil, leading to the absorption of excess water by the bean plants. This excess water can accumulate in the pods, causing them to become water-filled."
Describe how the Pradhanmantri Krishi Sinchayee Yojana (2016) enhances water use efficiency in agriculture.,"This policy focuses on enhancing water use efficiency in agriculture, ensuring sustainable water management practices for farmers.",irrigation,chunk_827,"Question: Describe how the Pradhanmantri Krishi Sinchayee Yojana (2016) enhances water use efficiency in agriculture.
Answer: This policy focuses on enhancing water use efficiency in agriculture, ensuring sustainable water management practices for farmers."
Describe the objectives of the National Mission For Sustainable Agriculture introduced in 2021.,"Focused on promoting sustainable agriculture practices, this policy aims to improve soil health, water use efficiency, and overall farm productivity.",irrigation,chunk_828,"Question: Describe the objectives of the National Mission For Sustainable Agriculture introduced in 2021.
Answer: Focused on promoting sustainable agriculture practices, this policy aims to improve soil health, water use efficiency, and overall farm productivity."
"How much water do banana plants need, and how often should I irrigate them?","Banana plants need consistent moisture, with young plants requiring more frequent watering than mature ones. Deep, infrequent irrigation is preferred to encourage healthy root development.",irrigation,chunk_829,"Question: How much water do banana plants need, and how often should I irrigate them?
Answer: Banana plants need consistent moisture, with young plants requiring more frequent watering than mature ones. Deep, infrequent irrigation is preferred to encourage healthy root development."
what farming technique is used to supplement rainfall in areas of low rainfall.,irrigation ,irrigation,chunk_830,"Question: what farming technique is used to supplement rainfall in areas of low rainfall.
Answer: irrigation "
"How much water do sapota trees need, and what is the ideal irrigation schedule?","Sapota trees require regular watering, particularly during the dry season and fruit development stage. While young trees necessitate more frequent irrigation to establish root systems, mature trees can withstand drought conditions. The frequency and volume of irrigation should be adjusted based on soil moisture levels and prevailing weather conditions for optimal growth.",irrigation,chunk_831,"Question: How much water do sapota trees need, and what is the ideal irrigation schedule?
Answer: Sapota trees require regular watering, particularly during the dry season and fruit development stage. While young trees necessitate more frequent irrigation to establish root systems, mature trees can withstand drought conditions. The frequency and volume of irrigation should be adjusted based on soil moisture levels and prevailing weather conditions for optimal growth."
define field capacity?,"This refers to the maximum amount of water the soil can hold after it has been thoroughly wetted and excess water has drained away. At field capacity, there is enough water in the soil for plants to use, but excess water has drained away, leaving air spaces in the soil.",irrigation,chunk_832,"Question: define field capacity?
Answer: This refers to the maximum amount of water the soil can hold after it has been thoroughly wetted and excess water has drained away. At field capacity, there is enough water in the soil for plants to use, but excess water has drained away, leaving air spaces in the soil."
What cultural methods are good in controlling soil erosion in maize gardens especially in hilly areas of kigezi? ,"Constructing contour terraces on slopes helps to slow down the flow of water, reducing erosion. Terraces are level or slightly sloping strips of land that follow the contour lines of the hillside. They are built with raised ridges of soil and suitable vegetation to trap water and prevent soil from being washed away.",irrigation,chunk_833,"Question: What cultural methods are good in controlling soil erosion in maize gardens especially in hilly areas of kigezi? 
Answer: Constructing contour terraces on slopes helps to slow down the flow of water, reducing erosion. Terraces are level or slightly sloping strips of land that follow the contour lines of the hillside. They are built with raised ridges of soil and suitable vegetation to trap water and prevent soil from being washed away."
"What are the watering requirements for banana plants, and how should I irrigate them?","Banana plants require consistent moisture, with young plants needing more frequent watering than mature ones. It's recommended to irrigate them deeply but infrequently to support healthy root development and overall plant vigor.",irrigation,chunk_834,"Question: What are the watering requirements for banana plants, and how should I irrigate them?
Answer: Banana plants require consistent moisture, with young plants needing more frequent watering than mature ones. It's recommended to irrigate them deeply but infrequently to support healthy root development and overall plant vigor."
What is the recommended irrigation regimen for mango trees?,"Mango trees should be regularly watered, especially during dry periods and flowering/fruiting stages. Adjust the irrigation frequency based on tree age, with young trees needing more frequent watering. Ensuring proper moisture levels is crucial for optimal mango tree health and fruit production.",irrigation,chunk_835,"Question: What is the recommended irrigation regimen for mango trees?
Answer: Mango trees should be regularly watered, especially during dry periods and flowering/fruiting stages. Adjust the irrigation frequency based on tree age, with young trees needing more frequent watering. Ensuring proper moisture levels is crucial for optimal mango tree health and fruit production."
Detail the key focus areas of the National Mission For Sustainable Agriculture implemented in 2021.,"Focused on promoting sustainable agriculture practices, this policy aims to improve soil health, water use efficiency, and overall farm productivity.",irrigation,chunk_836,"Question: Detail the key focus areas of the National Mission For Sustainable Agriculture implemented in 2021.
Answer: Focused on promoting sustainable agriculture practices, this policy aims to improve soil health, water use efficiency, and overall farm productivity."
"How much water do potatoes need, and how often should I irrigate?","Potatoes require regular watering, especially during tuber formation and bulking stages. They prefer consistent moisture levels in the soil but are sensitive to waterlogging. Deep, infrequent watering is preferred to encourage deep root growth and prevent water stress. Irrigation frequency and amount depend on soil moisture levels, weather conditions, and plant growth stage.",irrigation,chunk_837,"Question: How much water do potatoes need, and how often should I irrigate?
Answer: Potatoes require regular watering, especially during tuber formation and bulking stages. They prefer consistent moisture levels in the soil but are sensitive to waterlogging. Deep, infrequent watering is preferred to encourage deep root growth and prevent water stress. Irrigation frequency and amount depend on soil moisture levels, weather conditions, and plant growth stage."
What is the water requirement for mango trees?,"Mango trees need regular watering, particularly during dry periods and when flowering or fruiting. It's essential to adjust irrigation frequency based on the tree's age, with young trees requiring more frequent watering than mature ones.",irrigation,chunk_838,"Question: What is the water requirement for mango trees?
Answer: Mango trees need regular watering, particularly during dry periods and when flowering or fruiting. It's essential to adjust irrigation frequency based on the tree's age, with young trees requiring more frequent watering than mature ones."
which tools can farmers use to monitor water patterns in order to guard against drought.,"hey can use tools such as soil moisture sensors, weather stations, and remote sensing to gather information on conditions in their fields.",irrigation,chunk_839,"Question: which tools can farmers use to monitor water patterns in order to guard against drought.
Answer: hey can use tools such as soil moisture sensors, weather stations, and remote sensing to gather information on conditions in their fields."
"How much water do guava trees need, and how often should I irrigate?","Guava trees require regular watering, especially during the dry season and fruit development stage. Young trees need more frequent irrigation, while mature trees can tolerate drought conditions. Irrigation frequency and amount depend on soil moisture levels and weather conditions.",irrigation,chunk_840,"Question: How much water do guava trees need, and how often should I irrigate?
Answer: Guava trees require regular watering, especially during the dry season and fruit development stage. Young trees need more frequent irrigation, while mature trees can tolerate drought conditions. Irrigation frequency and amount depend on soil moisture levels and weather conditions."
How frequently and how much water should I provide to my citrus trees?,"Citrus trees require regular watering, especially during dry periods and fruit development stages. Provide deep, infrequent watering to promote deep root growth. Adjust irrigation based on soil moisture levels and weather conditions to ensure optimal water uptake.",irrigation,chunk_841,"Question: How frequently and how much water should I provide to my citrus trees?
Answer: Citrus trees require regular watering, especially during dry periods and fruit development stages. Provide deep, infrequent watering to promote deep root growth. Adjust irrigation based on soil moisture levels and weather conditions to ensure optimal water uptake."
"How much water do grapevines require, and how frequently should they be irrigated?","Grapevines require regular irrigation, especially during the growing season and fruit development. The frequency and amount of irrigation depend on various factors such as soil type, climate conditions, and the stage of vine growth.",irrigation,chunk_842,"Question: How much water do grapevines require, and how frequently should they be irrigated?
Answer: Grapevines require regular irrigation, especially during the growing season and fruit development. The frequency and amount of irrigation depend on various factors such as soil type, climate conditions, and the stage of vine growth."
"How much water do chili peppers require, and how often should they be irrigated?","Chili peppers require regular watering, especially during dry periods and fruit development stages. They prefer consistent soil moisture levels but are sensitive to waterlogging. Deep, infrequent watering is preferred to encourage deep root growth and prevent water stress. Irrigation frequency and amount should be adjusted based on soil moisture levels, weather conditions, and the growth stage of the plants.",irrigation,chunk_843,"Question: How much water do chili peppers require, and how often should they be irrigated?
Answer: Chili peppers require regular watering, especially during dry periods and fruit development stages. They prefer consistent soil moisture levels but are sensitive to waterlogging. Deep, infrequent watering is preferred to encourage deep root growth and prevent water stress. Irrigation frequency and amount should be adjusted based on soil moisture levels, weather conditions, and the growth stage of the plants."
Which condition is suitable for maize plantation,"Maize grows best in warm temperatures between 20�C to 30�C, with a minimum temperature of 10�C and maximum of 35�C. It also requires consistent moisture throughout its growing cycle, which can be supported by adequate rainfall or irrigation. Excessive heat or drought can negatively affect growth and yield. Additionally, maize requires plenty of sunshine, with a minimum of 6 hours of direct sunlight per day.",irrigation,chunk_844,"Question: Which condition is suitable for maize plantation
Answer: Maize grows best in warm temperatures between 20�C to 30�C, with a minimum temperature of 10�C and maximum of 35�C. It also requires consistent moisture throughout its growing cycle, which can be supported by adequate rainfall or irrigation. Excessive heat or drought can negatively affect growth and yield. Additionally, maize requires plenty of sunshine, with a minimum of 6 hours of direct sunlight per day."
how is glue made from cassava?,"To make cassava glue, the cassava root is first peeled, washed, and grated into a pulp. The pulp is then soaked in water to release the starch, which is then separated from the fibrous material. The starch is then heated and mixed with water to create a thick, sticky paste.",irrigation,chunk_845,"Question: how is glue made from cassava?
Answer: To make cassava glue, the cassava root is first peeled, washed, and grated into a pulp. The pulp is then soaked in water to release the starch, which is then separated from the fibrous material. The starch is then heated and mixed with water to create a thick, sticky paste."
which natural water can fish grow in?,"ponds, lakes, rivers, and streams",irrigation,chunk_846,"Question: which natural water can fish grow in?
Answer: ponds, lakes, rivers, and streams"
Explain Smart Irrigation.,"Utilizes technology to deliver water efficiently based on plant needs, conserving resources.",irrigation,chunk_847,"Question: Explain Smart Irrigation.
Answer: Utilizes technology to deliver water efficiently based on plant needs, conserving resources."
how are mosquitoes controlled biologically.,"by putting Bt Bacillus thuringiensis ssp. israelensis, a bacterium that infects and kills mosquito larvae, in local water sources.",irrigation,chunk_848,"Question: how are mosquitoes controlled biologically.
Answer: by putting Bt Bacillus thuringiensis ssp. israelensis, a bacterium that infects and kills mosquito larvae, in local water sources."
Do farmers waste water?,"Water is necessary to grow plants that provide food, fiber and shelter for the world",irrigation,chunk_849,"Question: Do farmers waste water?
Answer: Water is necessary to grow plants that provide food, fiber and shelter for the world"
name the land use changes that causes drought.,"urbanization, agricultural expansion, and deforestation can alter the water cycle, leading to changes in precipitation patterns and soil moisture levels.",irrigation,chunk_850,"Question: name the land use changes that causes drought.
Answer: urbanization, agricultural expansion, and deforestation can alter the water cycle, leading to changes in precipitation patterns and soil moisture levels."
"How much water do sapota trees need, and how often should I irrigate?","Sapota trees require regular watering, especially during the dry season and fruit development stage. Young trees need more frequent irrigation, while mature trees can tolerate drought conditions. Irrigation frequency and amount depend on soil moisture levels and weather conditions.",irrigation,chunk_851,"Question: How much water do sapota trees need, and how often should I irrigate?
Answer: Sapota trees require regular watering, especially during the dry season and fruit development stage. Young trees need more frequent irrigation, while mature trees can tolerate drought conditions. Irrigation frequency and amount depend on soil moisture levels and weather conditions."
What are the potential environmental impacts of chemical spraying?,"Chemical spraying can cause environmental pollution, affecting air, water, soil, and wildlife if not properly managed.",irrigation,chunk_852,"Question: What are the potential environmental impacts of chemical spraying?
Answer: Chemical spraying can cause environmental pollution, affecting air, water, soil, and wildlife if not properly managed."
"How much water do apple trees need, and how often should I irrigate?","Apple trees require regular watering, especially during dry periods and fruit development stages. Deep, infrequent watering is preferred to encourage deep root growth and prevent water stress. Irrigation frequency and amount depend on soil moisture levels, weather conditions, and tree age.",irrigation,chunk_853,"Question: How much water do apple trees need, and how often should I irrigate?
Answer: Apple trees require regular watering, especially during dry periods and fruit development stages. Deep, infrequent watering is preferred to encourage deep root growth and prevent water stress. Irrigation frequency and amount depend on soil moisture levels, weather conditions, and tree age."
what does Eutrophication leads to?,"algal blooms and anoxia, leads to fish kills, loss of biodiversity, and renders water unfit for drinking and other industrial uses",irrigation,chunk_854,"Question: what does Eutrophication leads to?
Answer: algal blooms and anoxia, leads to fish kills, loss of biodiversity, and renders water unfit for drinking and other industrial uses"
What is the recommended watering schedule and amount for citrus trees?,"Citrus trees benefit from regular watering, particularly during dry periods and fruit development. It's best to water deeply and infrequently to encourage deep root growth. Adjust the irrigation frequency based on soil moisture and weather conditions.",irrigation,chunk_855,"Question: What is the recommended watering schedule and amount for citrus trees?
Answer: Citrus trees benefit from regular watering, particularly during dry periods and fruit development. It's best to water deeply and infrequently to encourage deep root growth. Adjust the irrigation frequency based on soil moisture and weather conditions."
"How often should I water sapota trees, and what factors should I consider for irrigation scheduling?","Sapota trees require consistent watering, particularly during the dry season and fruiting period. While young trees demand more frequent irrigation to support root growth, mature trees can endure periods of water scarcity. Adjusting irrigation frequency and volume based on soil moisture levels, weather patterns, and tree developmental stages is crucial for sustaining healthy sapota trees.",irrigation,chunk_856,"Question: How often should I water sapota trees, and what factors should I consider for irrigation scheduling?
Answer: Sapota trees require consistent watering, particularly during the dry season and fruiting period. While young trees demand more frequent irrigation to support root growth, mature trees can endure periods of water scarcity. Adjusting irrigation frequency and volume based on soil moisture levels, weather patterns, and tree developmental stages is crucial for sustaining healthy sapota trees."
name working animals that have been used to cultivate fields.,"horses, mules, oxen, water buffalo, camels, llamas, alpacas, donkeys, and dogs",irrigation,chunk_857,"Question: name working animals that have been used to cultivate fields.
Answer: horses, mules, oxen, water buffalo, camels, llamas, alpacas, donkeys, and dogs"
Detail the sustainable water management practices promoted by the Pradhanmantri Krishi Sinchayee Yojana implemented in 2016.,"This policy focuses on enhancing water use efficiency in agriculture, ensuring sustainable water management practices for farmers.",irrigation,chunk_858,"Question: Detail the sustainable water management practices promoted by the Pradhanmantri Krishi Sinchayee Yojana implemented in 2016.
Answer: This policy focuses on enhancing water use efficiency in agriculture, ensuring sustainable water management practices for farmers."
how can you control whiteflies,Whiteflies can be controlled using insecticides or by using sticky traps that attract and trap the insects.,pests,chunk_859,"Question: how can you control whiteflies
Answer: Whiteflies can be controlled using insecticides or by using sticky traps that attract and trap the insects."
why should farmers avoid areas with recent fertilizer or pesticide applications when collecting soil sample.,"These substances can alter the nutrient levels and pH of the soil, affecting the accuracy of the soil analysis.",pests,chunk_860,"Question: why should farmers avoid areas with recent fertilizer or pesticide applications when collecting soil sample.
Answer: These substances can alter the nutrient levels and pH of the soil, affecting the accuracy of the soil analysis."
when do the eggs of armyworms turn black., prior to hatching,pests,chunk_861,"Question: when do the eggs of armyworms turn black.
Answer:  prior to hatching"
what is being used to monitor to pest populations in the canopy.,Pheromone traps,pests,chunk_862,"Question: what is being used to monitor to pest populations in the canopy.
Answer: Pheromone traps"
What pesticide can i apply when beans flower.,"When beans are flowering, it is important to be careful when applying pesticides as it can harm pollinators such as bees that help in the fertilization process. If you need to apply a pesticide during this time, it is recommended to use an insecticide that is safe for bees, such as those based on Bacillus thuringiensis (Bt), spinosad, or neem oil.",pests,chunk_863,"Question: What pesticide can i apply when beans flower.
Answer: When beans are flowering, it is important to be careful when applying pesticides as it can harm pollinators such as bees that help in the fertilization process. If you need to apply a pesticide during this time, it is recommended to use an insecticide that is safe for bees, such as those based on Bacillus thuringiensis (Bt), spinosad, or neem oil."
What is the recommended approach for controlling armyworms in maize?,"The recommended approach for controlling armyworms in maize is to primarily use cultural methods, resorting to spraying only when necessary based on pest population levels.",pests,chunk_864,"Question: What is the recommended approach for controlling armyworms in maize?
Answer: The recommended approach for controlling armyworms in maize is to primarily use cultural methods, resorting to spraying only when necessary based on pest population levels."
name some control measures for cutworms.," use of insecticides, such as pyrethroids or neem oil, applied directly to the cassava plant or to the soil.",pests,chunk_865,"Question: name some control measures for cutworms.
Answer:  use of insecticides, such as pyrethroids or neem oil, applied directly to the cassava plant or to the soil."
Do mango trees need cross-pollination?,"Most mango varieties are self-pollinating, but cross-pollination by insects can increase fruit set and yield. Introducing pollinator-attracting plants can aid in this process.",pests,chunk_866,"Question: Do mango trees need cross-pollination?
Answer: Most mango varieties are self-pollinating, but cross-pollination by insects can increase fruit set and yield. Introducing pollinator-attracting plants can aid in this process."
"White flies have become resistant to pesticides, what else can farmers do eradicate them?","Integrated pest management (IPM): IPM is a holistic approach to pest management that involves a combination of techniques to control pests, including cultural, biological, and chemical methods. IPM can help to reduce the reliance on pesticides and prevent the development of pesticide resistance.",pests,chunk_867,"Question: White flies have become resistant to pesticides, what else can farmers do eradicate them?
Answer: Integrated pest management (IPM): IPM is a holistic approach to pest management that involves a combination of techniques to control pests, including cultural, biological, and chemical methods. IPM can help to reduce the reliance on pesticides and prevent the development of pesticide resistance."
what is biological pest control., is a method of controlling pests such as insects and mites by using other organisms,pests,chunk_868,"Question: what is biological pest control.
Answer:  is a method of controlling pests such as insects and mites by using other organisms"
can i use insecticides to manage cassava whitefly infestation?,but it is important to use the appropriate type and dosage to avoid damaging the cassava plants and the environment,pests,chunk_869,"Question: can i use insecticides to manage cassava whitefly infestation?
Answer: but it is important to use the appropriate type and dosage to avoid damaging the cassava plants and the environment"
how is biological pest control done?,involves the introduction of natural enemies of the pest that are bred in the laboratory and released into the environment.,pests,chunk_870,"Question: how is biological pest control done?
Answer: involves the introduction of natural enemies of the pest that are bred in the laboratory and released into the environment."
what are some of the ways of managing armyworms.,"use of insecticides, such as pyrethroids or neem oil, applied directly to the cassava plant or to the soil.",pests,chunk_871,"Question: what are some of the ways of managing armyworms.
Answer: use of insecticides, such as pyrethroids or neem oil, applied directly to the cassava plant or to the soil."
What are the ideal storage conditions for maize to prevent mold growth and insect infestation?,temperatures between 10-15�C,pests,chunk_872,"Question: What are the ideal storage conditions for maize to prevent mold growth and insect infestation?
Answer: temperatures between 10-15�C"
What is the method of spreading Sooty mould within mango orchards?,"Sooty mould spreads within mango orchards by thriving on the leaf surface, fueled by the sugary secretions of plant hoppers such as jassids, aphids, and scale insects.",pests,chunk_873,"Question: What is the method of spreading Sooty mould within mango orchards?
Answer: Sooty mould spreads within mango orchards by thriving on the leaf surface, fueled by the sugary secretions of plant hoppers such as jassids, aphids, and scale insects."
Do mango trees require cross-pollination?,"While most mango varieties are self-pollinating, cross-pollination by insects can enhance fruit set and yield. Introducing plants that attract pollinators can aid in this process.",pests,chunk_874,"Question: Do mango trees require cross-pollination?
Answer: While most mango varieties are self-pollinating, cross-pollination by insects can enhance fruit set and yield. Introducing plants that attract pollinators can aid in this process."
which pest feeds on the sap of the cassava plant.,Cassava mealybug:,pests,chunk_875,"Question: which pest feeds on the sap of the cassava plant.
Answer: Cassava mealybug:"
What are the example of bitting and chewing pest,"Caterpillars: Caterpillars are the larvae of butterflies and moths. They have strong mandibles and feed on leaves, causing defoliation. Examples include armyworms, cutworms, and corn earworms.

Beetles: Beetles have biting mouthparts and can cause damage by feeding on leaves, stems, and fruits. Examples include Colorado potato beetle, cucumber beetle, and flea beetles.",pests,chunk_876,"Question: What are the example of bitting and chewing pest
Answer: Caterpillars: Caterpillars are the larvae of butterflies and moths. They have strong mandibles and feed on leaves, causing defoliation. Examples include armyworms, cutworms, and corn earworms.

Beetles: Beetles have biting mouthparts and can cause damage by feeding on leaves, stems, and fruits. Examples include Colorado potato beetle, cucumber beetle, and flea beetles."
how can you control mealybug biologically?,introduction of natural enemies of the mealybug,pests,chunk_877,"Question: how can you control mealybug biologically?
Answer: introduction of natural enemies of the mealybug"
"For example, if the beans are infested with bean weevils or bean fly, when is it recommended to spray?","it is recommended to apply insecticides at the early stages of plant growth, when the pests are most active",pests,chunk_878,"Question: For example, if the beans are infested with bean weevils or bean fly, when is it recommended to spray?
Answer: it is recommended to apply insecticides at the early stages of plant growth, when the pests are most active"
what is the size of the armyworms laid eggs.,Their eggs are relatively small at 0.5 mm in diameter,pests,chunk_879,"Question: what is the size of the armyworms laid eggs.
Answer: Their eggs are relatively small at 0.5 mm in diameter"
whats the botanical name of african armyworm,Spodoptera exempta,pests,chunk_880,"Question: whats the botanical name of african armyworm
Answer: Spodoptera exempta"
what is a cassava whitefly," is a tiny, sap-sucking insect that feeds on the cassava plant, particularly on the underside of the leaves.",pests,chunk_881,"Question: what is a cassava whitefly
Answer:  is a tiny, sap-sucking insect that feeds on the cassava plant, particularly on the underside of the leaves."
which family does the African armyworm belongs to.,Noctuidae,pests,chunk_882,"Question: which family does the African armyworm belongs to.
Answer: Noctuidae"
What is the primary mode of transmission for Infectious chlorosis in bananas?,"The primary mode of transmission for Infectious chlorosis in bananas is through infected suckers and aphid vectors, particularly Aphis gossypii.",pests,chunk_883,"Question: What is the primary mode of transmission for Infectious chlorosis in bananas?
Answer: The primary mode of transmission for Infectious chlorosis in bananas is through infected suckers and aphid vectors, particularly Aphis gossypii."
"which control method employs the use of beneficial insects like ladybugs or lacewings, or the release of whitefly-specific parasites or predators.",Biological contro,pests,chunk_884,"Question: which control method employs the use of beneficial insects like ladybugs or lacewings, or the release of whitefly-specific parasites or predators.
Answer: Biological contro"
How does Sooty mould spread in mango orchards?,"Sooty mould spreads within mango orchards by growing on the leaf surface, fueled by the sugary secretions of plant hoppers such as jassids, aphids, and scale insects.",pests,chunk_885,"Question: How does Sooty mould spread in mango orchards?
Answer: Sooty mould spreads within mango orchards by growing on the leaf surface, fueled by the sugary secretions of plant hoppers such as jassids, aphids, and scale insects."
"What are the typical pests affecting citrus trees, and how can their populations be controlled?","Common pests affecting citrus trees include citrus psyllids, citrus leaf miners, and citrus root weevils. Population control can be achieved through cultural methods, biological agents, and chemical treatments.",pests,chunk_886,"Question: What are the typical pests affecting citrus trees, and how can their populations be controlled?
Answer: Common pests affecting citrus trees include citrus psyllids, citrus leaf miners, and citrus root weevils. Population control can be achieved through cultural methods, biological agents, and chemical treatments."
What are the signs of Sooty mould on mango trees?,"Sooty mould in mango trees manifests as dark, superficial mycelium on the leaf surface, resulting in the formation of black encrustations. This growth is fueled by sugary secretions from plant hoppers such as jassids, aphids, and scale insects.",pests,chunk_887,"Question: What are the signs of Sooty mould on mango trees?
Answer: Sooty mould in mango trees manifests as dark, superficial mycelium on the leaf surface, resulting in the formation of black encrustations. This growth is fueled by sugary secretions from plant hoppers such as jassids, aphids, and scale insects."
what are the different methods of pest management?,"biological control, cultural control, and chemical contro",pests,chunk_888,"Question: what are the different methods of pest management?
Answer: biological control, cultural control, and chemical contro"
how did the name armyworm starts.,"The larvae often exhibit marching behavior when traveling to feeding sites,",pests,chunk_889,"Question: how did the name armyworm starts.
Answer: The larvae often exhibit marching behavior when traveling to feeding sites,"
Do sapota trees require cross-pollination for fruit production?,"Most sapota varieties are self-pollinating, but cross-pollination by insects can increase fruit set and yield. However, in most cases, sapota trees can produce fruit without the need for cross-pollination.",pests,chunk_890,"Question: Do sapota trees require cross-pollination for fruit production?
Answer: Most sapota varieties are self-pollinating, but cross-pollination by insects can increase fruit set and yield. However, in most cases, sapota trees can produce fruit without the need for cross-pollination."
name examples of organophosphate insecticides that are commonly used for controlling bean pests.,chlorpyrifos and malathion.,pests,chunk_891,"Question: name examples of organophosphate insecticides that are commonly used for controlling bean pests.
Answer: chlorpyrifos and malathion."
when are the African armyworms noticed by farmers., until the caterpillars are ten days old and start exhibiting the gregaria phase.,pests,chunk_892,"Question: when are the African armyworms noticed by farmers.
Answer:  until the caterpillars are ten days old and start exhibiting the gregaria phase."
what is the use of living organism in the soil.,"Soil organisms, such as earthworms, termites, and nematodes, play a vital role in improving the soil structure. They help to break down organic matter, loosen compacted soil, and improve soil porosity, allowing air, water, and nutrients to move more freely through the soil.",pests,chunk_893,"Question: what is the use of living organism in the soil.
Answer: Soil organisms, such as earthworms, termites, and nematodes, play a vital role in improving the soil structure. They help to break down organic matter, loosen compacted soil, and improve soil porosity, allowing air, water, and nutrients to move more freely through the soil."
What approach can farmers take to pest control?,Farmers can control pests by spraying some and using resistant varieties when available.,pests,chunk_894,"Question: What approach can farmers take to pest control?
Answer: Farmers can control pests by spraying some and using resistant varieties when available."
what are the effects of termites infestations.,"the presence of mud tubes or tunnels on the plant stems or nearby soil, and the appearance of swollen or distorted stems or roots. In severe cases, the entire plant may collapse or die.",pests,chunk_895,"Question: what are the effects of termites infestations.
Answer: the presence of mud tubes or tunnels on the plant stems or nearby soil, and the appearance of swollen or distorted stems or roots. In severe cases, the entire plant may collapse or die."
how many eggs does a female African armyworm lays.,"about 1,000 eggs in her lifetime",pests,chunk_896,"Question: how many eggs does a female African armyworm lays.
Answer: about 1,000 eggs in her lifetime"
"which insecticides are effective against a wide range of insect pests, including aphids, thrips, and whiteflies.",spinosad and neem oil,pests,chunk_897,"Question: which insecticides are effective against a wide range of insect pests, including aphids, thrips, and whiteflies.
Answer: spinosad and neem oil"
"which insecticide is used to control various pests, including bean fly and aphids.",Imidacloprid,pests,chunk_898,"Question: which insecticide is used to control various pests, including bean fly and aphids.
Answer: Imidacloprid"
name two types of African armyworm outbreak.,primary and secondary,pests,chunk_899,"Question: name two types of African armyworm outbreak.
Answer: primary and secondary"
which species of armyworms are the most common.,fall armyworm ,pests,chunk_900,"Question: which species of armyworms are the most common.
Answer: fall armyworm "
what is Integrated pest management: Integrated pest management (IPM)?,"Integrated pest management (IPM) is an approach that combines several control methods to effectively manage pest populations while minimizing negative impacts on the environment. By using a combination of cultural practices, biological control methods, physical barriers, and targeted use of pesticides, farmers can effectively control termite populations while minimizing negative impacts on the environment.",pests,chunk_901,"Question: what is Integrated pest management: Integrated pest management (IPM)?
Answer: Integrated pest management (IPM) is an approach that combines several control methods to effectively manage pest populations while minimizing negative impacts on the environment. By using a combination of cultural practices, biological control methods, physical barriers, and targeted use of pesticides, farmers can effectively control termite populations while minimizing negative impacts on the environment."
How does Canker survive and spread within citrus orchards?,"Canker in citrus orchards survives and spreads through various means. The pathogen Xanthomonas campestris pv citri survives in infected leaves for up to 6 months and spreads through wind and rain splashes. Entry into the plant is facilitated by injuries caused by leaf miners, allowing the pathogen to infect citrus trees and cause characteristic symptoms of Canker.",pests,chunk_902,"Question: How does Canker survive and spread within citrus orchards?
Answer: Canker in citrus orchards survives and spreads through various means. The pathogen Xanthomonas campestris pv citri survives in infected leaves for up to 6 months and spreads through wind and rain splashes. Entry into the plant is facilitated by injuries caused by leaf miners, allowing the pathogen to infect citrus trees and cause characteristic symptoms of Canker."
name any one example of forest pest., bark beetles,pests,chunk_903,"Question: name any one example of forest pest.
Answer:  bark beetles"
What are the symptoms of common scab in potato tubers?,"Symptoms include corkiness of the tuber periderm, russette appearance 1/4 inch into the tuber surface, slight pitting on the infected tuber, and the appearance of light brown to dark brown lesions. Affected tissue may attract insects.",pests,chunk_904,"Question: What are the symptoms of common scab in potato tubers?
Answer: Symptoms include corkiness of the tuber periderm, russette appearance 1/4 inch into the tuber surface, slight pitting on the infected tuber, and the appearance of light brown to dark brown lesions. Affected tissue may attract insects."
How can i control pests locally in stored beans,"Proper cleaning and storage: Thoroughly clean the storage containers or structures before storing beans to remove any existing infestations. Use airtight containers with tight-fitting lids to prevent pest entry.

Physical methods: Handpicking and manually removing pests from the beans can be effective, especially if the infestation is limited. Use a sieve or mesh screen to sift the beans and separate any pests present.
",pests,chunk_905,"Question: How can i control pests locally in stored beans
Answer: Proper cleaning and storage: Thoroughly clean the storage containers or structures before storing beans to remove any existing infestations. Use airtight containers with tight-fitting lids to prevent pest entry.

Physical methods: Handpicking and manually removing pests from the beans can be effective, especially if the infestation is limited. Use a sieve or mesh screen to sift the beans and separate any pests present.
"
how do farmers control insects?,prevent insect damage by putting up insect traps or by bringing in beneficial insects that feed on the harmful ones that are causing a problem.,pests,chunk_906,"Question: how do farmers control insects?
Answer: prevent insect damage by putting up insect traps or by bringing in beneficial insects that feed on the harmful ones that are causing a problem."
how else can you achieve pest control.,culling,pests,chunk_907,"Question: how else can you achieve pest control.
Answer: culling"
why not fully dried maize susceptibility to mold and insect damage.,the moisture content is higher,pests,chunk_908,"Question: why not fully dried maize susceptibility to mold and insect damage.
Answer: the moisture content is higher"
what is the WHO death estimates from pesticides poisonings.," 220,000 deaths",pests,chunk_909,"Question: what is the WHO death estimates from pesticides poisonings.
Answer:  220,000 deaths"
How can mango pests be effectively controlled?,"Mango pests such as mango hoppers and fruit flies can be effectively controlled through integrated pest management (IPM) practices, which include cultural, biological, and chemical methods.",pests,chunk_910,"Question: How can mango pests be effectively controlled?
Answer: Mango pests such as mango hoppers and fruit flies can be effectively controlled through integrated pest management (IPM) practices, which include cultural, biological, and chemical methods."
what is fumigation.,"is the treatment of a structure to kill pests such as wood-boring beetles by sealing it or surrounding it with an airtight cover such as a tent, and fogging with liquid insecticide for an extended period, typically of 24�72 hours",pests,chunk_911,"Question: what is fumigation.
Answer: is the treatment of a structure to kill pests such as wood-boring beetles by sealing it or surrounding it with an airtight cover such as a tent, and fogging with liquid insecticide for an extended period, typically of 24�72 hours"
"Which pests commonly attack citrus trees, and what methods can be used to control them?","Common pests that attack citrus trees include citrus psyllids, citrus leaf miners, and citrus root weevils. Control methods include cultural practices, biological control agents, and chemical pesticides.",pests,chunk_912,"Question: Which pests commonly attack citrus trees, and what methods can be used to control them?
Answer: Common pests that attack citrus trees include citrus psyllids, citrus leaf miners, and citrus root weevils. Control methods include cultural practices, biological control agents, and chemical pesticides."
"What are some common pests that infest citrus trees, and how can they be managed?","Common pests infesting citrus trees include citrus psyllids, citrus leaf miners, and citrus root weevils. They can be managed through cultural practices, biological control, and chemical pesticides.",pests,chunk_913,"Question: What are some common pests that infest citrus trees, and how can they be managed?
Answer: Common pests infesting citrus trees include citrus psyllids, citrus leaf miners, and citrus root weevils. They can be managed through cultural practices, biological control, and chemical pesticides."
what are some of the signs of cutworms.,damaged stems and cut plants,pests,chunk_914,"Question: what are some of the signs of cutworms.
Answer: damaged stems and cut plants"
which other regions in Uganda grow apples?,"Bugisu, Bukedi and
Sebei sub regions in areas around Mt. Elgon",pests,chunk_915,"Question: which other regions in Uganda grow apples?
Answer: Bugisu, Bukedi and
Sebei sub regions in areas around Mt. Elgon"
Which chemical is best for controlling insects which destroys beans leave.,"There are several chemicals that can be effective for controlling insects that damage bean leaves. The choice of chemical will depend on the specific pest species that are causing the damage. Here are some commonly used insecticides for controlling insect pests in beans:

Pyrethroids: These are synthetic insecticides that are effective against a wide range of insect pests, including aphids, thrips, and bean fly. Examples of pyrethroids that are commonly used for controlling bean pests include cypermethrin and deltamethrin.",pests,chunk_916,"Question: Which chemical is best for controlling insects which destroys beans leave.
Answer: There are several chemicals that can be effective for controlling insects that damage bean leaves. The choice of chemical will depend on the specific pest species that are causing the damage. Here are some commonly used insecticides for controlling insect pests in beans:

Pyrethroids: These are synthetic insecticides that are effective against a wide range of insect pests, including aphids, thrips, and bean fly. Examples of pyrethroids that are commonly used for controlling bean pests include cypermethrin and deltamethrin."
Is there a specific pesticide that targets only rodents?,"No, there is no selective pesticide designed specifically for rodents.",pests,chunk_917,"Question: Is there a specific pesticide that targets only rodents?
Answer: No, there is no selective pesticide designed specifically for rodents."
what is the botanical name for cassava mealybug,Phenacoccus manihoti,pests,chunk_918,"Question: what is the botanical name for cassava mealybug
Answer: Phenacoccus manihoti"
which natural predators are used to control armyworms.,birds and parasitic wasps,pests,chunk_919,"Question: which natural predators are used to control armyworms.
Answer: birds and parasitic wasps"
which pest feeds on the underside of cassava leaves and causes yellowing and curling of the leaves,Cassava whitefly,pests,chunk_920,"Question: which pest feeds on the underside of cassava leaves and causes yellowing and curling of the leaves
Answer: Cassava whitefly"
how many eggs does the female armyworm lays per night.,100�400,pests,chunk_921,"Question: how many eggs does the female armyworm lays per night.
Answer: 100�400"
which insecticides are effective against caterpillars,Bt-based insecticides,pests,chunk_922,"Question: which insecticides are effective against caterpillars
Answer: Bt-based insecticides"
"which pest feeds on the leaves and stems of cassava, causing defoliation and reduced yield",Cassava beetle,pests,chunk_923,"Question: which pest feeds on the leaves and stems of cassava, causing defoliation and reduced yield
Answer: Cassava beetle"
"Are tomato plants self-pollinating, or do they require pollinators?","Tomato plants are primarily self-pollinating, as their flowers contain both male and female reproductive organs. However, some varieties may benefit from wind or insect pollination to improve fruit set and yield. To encourage pollination, gently shake tomato plants to release pollen, or place vibrating devices near the plants to simulate bee activity. Providing a diverse garden habitat with flowering plants can also attract pollinators to the area.",pests,chunk_924,"Question: Are tomato plants self-pollinating, or do they require pollinators?
Answer: Tomato plants are primarily self-pollinating, as their flowers contain both male and female reproductive organs. However, some varieties may benefit from wind or insect pollination to improve fruit set and yield. To encourage pollination, gently shake tomato plants to release pollen, or place vibrating devices near the plants to simulate bee activity. Providing a diverse garden habitat with flowering plants can also attract pollinators to the area."
How has farming changed in the United States?,"The growth of farming brought many laborsaving devices to 19th- and early 20th-century farm life, including reaping and threshing machines, which replaced work done by hand. Today, with modern methods of agriculture that include complex machinery, scientific breeding, and chemical pesticides, farms require far fewer workers.",pests,chunk_925,"Question: How has farming changed in the United States?
Answer: The growth of farming brought many laborsaving devices to 19th- and early 20th-century farm life, including reaping and threshing machines, which replaced work done by hand. Today, with modern methods of agriculture that include complex machinery, scientific breeding, and chemical pesticides, farms require far fewer workers."
which sugary substance is secreted by cassava  whitefly that can promote the growth of sooty mold and attract other insects to the plant.,honeydew,pests,chunk_926,"Question: which sugary substance is secreted by cassava  whitefly that can promote the growth of sooty mold and attract other insects to the plant.
Answer: honeydew"
Farmers always ask what do they do to store beans safely,"Clean the beans: Remove any debris or foreign matter from the beans, such as leaves, stones, or twigs. This can be done by hand or with a sieve.

Dry the beans: Spread the beans out on a clean, dry surface to allow them to dry completely. This will help prevent mold growth and spoilage.

Store in a cool, dry place: Beans should be stored in a cool, dry place with good air circulation, such as a pantry or a cool basement. Avoid storing them in a damp or humid environment, as this can promote mold growth.

Use airtight containers: Store beans in airtight containers such as plastic bags, glass jars or metal containers with tight lids. This will help keep out moisture and pests.

Check regularly: Check the beans regularly for signs of mold, moisture or insect infestation. If any beans appear damaged, remove them immediately to prevent further spoilage.",pests,chunk_927,"Question: Farmers always ask what do they do to store beans safely
Answer: Clean the beans: Remove any debris or foreign matter from the beans, such as leaves, stones, or twigs. This can be done by hand or with a sieve.

Dry the beans: Spread the beans out on a clean, dry surface to allow them to dry completely. This will help prevent mold growth and spoilage.

Store in a cool, dry place: Beans should be stored in a cool, dry place with good air circulation, such as a pantry or a cool basement. Avoid storing them in a damp or humid environment, as this can promote mold growth.

Use airtight containers: Store beans in airtight containers such as plastic bags, glass jars or metal containers with tight lids. This will help keep out moisture and pests.

Check regularly: Check the beans regularly for signs of mold, moisture or insect infestation. If any beans appear damaged, remove them immediately to prevent further spoilage."
How does Anthracnose spread in bananas?,Anthracnose in bananas spreads through air-borne conidia and numerous insects that frequently visit banana flowers.,pests,chunk_928,"Question: How does Anthracnose spread in bananas?
Answer: Anthracnose in bananas spreads through air-borne conidia and numerous insects that frequently visit banana flowers."
How can Sooty mould on Sapota leaves be managed effectively?,"Sooty mould on Sapota leaves can be managed effectively by spraying a 5% starch solution to remove the fungal growth. Additionally, controlling insects by spraying systemic insecticides can help prevent further infestation.",pests,chunk_929,"Question: How can Sooty mould on Sapota leaves be managed effectively?
Answer: Sooty mould on Sapota leaves can be managed effectively by spraying a 5% starch solution to remove the fungal growth. Additionally, controlling insects by spraying systemic insecticides can help prevent further infestation."
why do farmers to use chemicals,"to control weeds and insects and to produce increased amounts of vegetables, milk, or eggs",pests,chunk_930,"Question: why do farmers to use chemicals
Answer: to control weeds and insects and to produce increased amounts of vegetables, milk, or eggs"
which countries do we find african armyworm,"Tanzania, Kenya, Uganda, Ethiopia, Somalia, Malawi, Zimbabwe, Zambia, and South Africa",pests,chunk_931,"Question: which countries do we find african armyworm
Answer: Tanzania, Kenya, Uganda, Ethiopia, Somalia, Malawi, Zimbabwe, Zambia, and South Africa"
How does Anthracnose spread in bananas?,Anthracnose spreads through air-borne conidia and numerous insects that frequently visit banana flowers.,pests,chunk_932,"Question: How does Anthracnose spread in bananas?
Answer: Anthracnose spreads through air-borne conidia and numerous insects that frequently visit banana flowers."
what other methods can be used to control apple tree pests?,"using pheromone traps, applying insecticides, or using natural predators such as ladybugs",pests,chunk_933,"Question: what other methods can be used to control apple tree pests?
Answer: using pheromone traps, applying insecticides, or using natural predators such as ladybugs"
where do armyworms lay their eggs., clusters on the lower side of leaves,pests,chunk_934,"Question: where do armyworms lay their eggs.
Answer:  clusters on the lower side of leaves"
"what is cassava mealybug
",is a small sap-sucking insect that feeds on the cassava plant,pests,chunk_935,"Question: what is cassava mealybug

Answer: is a small sap-sucking insect that feeds on the cassava plant"
how does neem oil works as pesticide.," It works by disrupting the feeding and reproductive systems of insect pests. Neem oil is effective against a range of pests that attack bean leaves, including aphids, bean beetles, and whiteflies.",pests,chunk_936,"Question: how does neem oil works as pesticide.
Answer:  It works by disrupting the feeding and reproductive systems of insect pests. Neem oil is effective against a range of pests that attack bean leaves, including aphids, bean beetles, and whiteflies."
Do guava trees require cross-pollination for fruit set?,"Most guava varieties are self-pollinating, meaning they can produce fruit without requiring pollen from another tree. However, cross-pollination by insects can increase fruit set and yield. Introducing pollinator-attracting plants nearby can enhance pollination and fruit production.",pests,chunk_937,"Question: Do guava trees require cross-pollination for fruit set?
Answer: Most guava varieties are self-pollinating, meaning they can produce fruit without requiring pollen from another tree. However, cross-pollination by insects can increase fruit set and yield. Introducing pollinator-attracting plants nearby can enhance pollination and fruit production."
When was the fall armyworm first detected in Uganda?,2016,pests,chunk_938,"Question: When was the fall armyworm first detected in Uganda?
Answer: 2016"
How can a farmer control bean weevil in the store?,"Cleaning and hygiene: Before storing beans, ensure that the storage area is clean and free from debris and residues that may harbor pests. Thoroughly clean the storage containers or structures to remove any existing infestations.

Proper storage containers: Use airtight containers, such as metal or plastic bins with tight-fitting lids, to store beans. This helps prevent weevils from entering and infesting the beans. Avoid using jute bags or other porous materials that can allow pest entry.

Temperature control: Weevils thrive in warm temperatures. Keeping the storage area cool can help deter their growth and reproduction. Maintain a temperature below 15 degrees Celsius if possible.

Moisture control: Weevils require moisture to survive and reproduce. Ensure that the beans are properly dried before storage to reduce moisture content. Use moisture-absorbing substances like silica gel packets or dry ash in the storage containers to keep the environment dry.

Natural repellents: Some natural substances act as repellents to weevils. These include dried neem leaves, mint leaves, or tobacco leaves. Place small sachets of these repellents in the storage containers to deter weevils.

Freezing or heating: If feasible, beans can be subjected to extreme temperatures to eliminate weevils. Freezing the beans for a few days at temperatures below -18 degrees Celsius or heating them at temperatures above 60 degrees Celsius can kill the pests.

Regular monitoring: Regularly inspect the stored beans for signs of weevil infestation, such as holes in the beans or presence of adult weevils. If infestation is detected, separate and discard the infested beans to prevent further spread.",pests,chunk_939,"Question: How can a farmer control bean weevil in the store?
Answer: Cleaning and hygiene: Before storing beans, ensure that the storage area is clean and free from debris and residues that may harbor pests. Thoroughly clean the storage containers or structures to remove any existing infestations.

Proper storage containers: Use airtight containers, such as metal or plastic bins with tight-fitting lids, to store beans. This helps prevent weevils from entering and infesting the beans. Avoid using jute bags or other porous materials that can allow pest entry.

Temperature control: Weevils thrive in warm temperatures. Keeping the storage area cool can help deter their growth and reproduction. Maintain a temperature below 15 degrees Celsius if possible.

Moisture control: Weevils require moisture to survive and reproduce. Ensure that the beans are properly dried before storage to reduce moisture content. Use moisture-absorbing substances like silica gel packets or dry ash in the storage containers to keep the environment dry.

Natural repellents: Some natural substances act as repellents to weevils. These include dried neem leaves, mint leaves, or tobacco leaves. Place small sachets of these repellents in the storage containers to deter weevils.

Freezing or heating: If feasible, beans can be subjected to extreme temperatures to eliminate weevils. Freezing the beans for a few days at temperatures below -18 degrees Celsius or heating them at temperatures above 60 degrees Celsius can kill the pests.

Regular monitoring: Regularly inspect the stored beans for signs of weevil infestation, such as holes in the beans or presence of adult weevils. If infestation is detected, separate and discard the infested beans to prevent further spread."
What strategies can farmers use to manage pest infestations?,Farmers can manage pest infestations by spraying some pests and utilizing resistant varieties where possible.,pests,chunk_940,"Question: What strategies can farmers use to manage pest infestations?
Answer: Farmers can manage pest infestations by spraying some pests and utilizing resistant varieties where possible."
"Which pests commonly infest citrus trees, and what control measures can be used against them?","Citrus trees are often affected by pests such as citrus psyllids, aphids, scales, and mites. Effective pest management involves employing integrated pest management (IPM) strategies, incorporating cultural, biological, and chemical control methods to combat these pests.",pests,chunk_941,"Question: Which pests commonly infest citrus trees, and what control measures can be used against them?
Answer: Citrus trees are often affected by pests such as citrus psyllids, aphids, scales, and mites. Effective pest management involves employing integrated pest management (IPM) strategies, incorporating cultural, biological, and chemical control methods to combat these pests."
at what stage does the cutworms attack cassava?,during the early stages of growth,pests,chunk_942,"Question: at what stage does the cutworms attack cassava?
Answer: during the early stages of growth"
"which  social insects live in large colonies in the soil and feed on wood, plant matter, and other cellulose-containing materials.",Termites ,pests,chunk_943,"Question: which  social insects live in large colonies in the soil and feed on wood, plant matter, and other cellulose-containing materials.
Answer: Termites "
By what means does Infectious chlorosis disseminate among banana plants?,"Infectious chlorosis disseminates among banana plants primarily through infected suckers and aphid vectors, particularly Aphis gossypii.",pests,chunk_944,"Question: By what means does Infectious chlorosis disseminate among banana plants?
Answer: Infectious chlorosis disseminates among banana plants primarily through infected suckers and aphid vectors, particularly Aphis gossypii."
what are the effects of armyworm infestation.,significant defoliation and reducing the plant's ability to produce healthy tubers,pests,chunk_945,"Question: what are the effects of armyworm infestation.
Answer: significant defoliation and reducing the plant's ability to produce healthy tubers"
How can you identify Sooty mould on mango trees?,"Sooty mould on mango trees can be identified by the presence of dark, superficial mycelium on the leaf surface, leading to the formation of black encrustations. This phenomenon occurs due to sugary secretions from plant hoppers such as jassids, aphids, and scale insects.",pests,chunk_946,"Question: How can you identify Sooty mould on mango trees?
Answer: Sooty mould on mango trees can be identified by the presence of dark, superficial mycelium on the leaf surface, leading to the formation of black encrustations. This phenomenon occurs due to sugary secretions from plant hoppers such as jassids, aphids, and scale insects."
how can overuse of pesticides destroy soil nutrients?,"Pesticides can kill beneficial soil microorganisms and reduce soil biodiversity, which can lead to nutrient depletion and reduced soil fertility.",pests,chunk_947,"Question: how can overuse of pesticides destroy soil nutrients?
Answer: Pesticides can kill beneficial soil microorganisms and reduce soil biodiversity, which can lead to nutrient depletion and reduced soil fertility."
How can I control mango pests?,"Pests like mango hoppers and fruit flies can be controlled through integrated pest management (IPM) practices, including cultural, biological, and chemical methods.",pests,chunk_948,"Question: How can I control mango pests?
Answer: Pests like mango hoppers and fruit flies can be controlled through integrated pest management (IPM) practices, including cultural, biological, and chemical methods."
what is Spinosad pesticide.,"Spinosad is a natural pesticide derived from the fermentation of a soil bacterium. It is effective against a wide range of insect pests, including bean beetles, leafminers, and thrips. Spinosad works by disrupting the nervous system of insect pests, leading to paralysis and death.",pests,chunk_949,"Question: what is Spinosad pesticide.
Answer: Spinosad is a natural pesticide derived from the fermentation of a soil bacterium. It is effective against a wide range of insect pests, including bean beetles, leafminers, and thrips. Spinosad works by disrupting the nervous system of insect pests, leading to paralysis and death."
At what time should I spray armyworms in maize?,"Cultural methods should be used to control armyworms in maize, and spraying should be done when necessary according to pest population levels.",pests,chunk_950,"Question: At what time should I spray armyworms in maize?
Answer: Cultural methods should be used to control armyworms in maize, and spraying should be done when necessary according to pest population levels."
What management practices can be implemented to control Canker in citrus orchards?,"Effective management of Canker in citrus orchards involves implementing several practices. These include spraying with Streptomycin sulphate at 500-1000 ppm, Phytomycin at 2500 ppm, or Copper oxychloride at 0.2% at fortnight intervals. Additionally, controlling leaf miner infestations when young flush is produced and pruning badly infected twigs before the onset of monsoon can help reduce the incidence and severity of Canker in citrus orchards.",pests,chunk_951,"Question: What management practices can be implemented to control Canker in citrus orchards?
Answer: Effective management of Canker in citrus orchards involves implementing several practices. These include spraying with Streptomycin sulphate at 500-1000 ppm, Phytomycin at 2500 ppm, or Copper oxychloride at 0.2% at fortnight intervals. Additionally, controlling leaf miner infestations when young flush is produced and pruning badly infected twigs before the onset of monsoon can help reduce the incidence and severity of Canker in citrus orchards."
what are other pest management practices that can be used to manage mealybug infestations.,"the use of resistant varieties, maintaining proper plant nutrition and moisture levels, and minimizing weed growth around the cassava plants.",pests,chunk_952,"Question: what are other pest management practices that can be used to manage mealybug infestations.
Answer: the use of resistant varieties, maintaining proper plant nutrition and moisture levels, and minimizing weed growth around the cassava plants."
Which pests affects mostly beans?,Bean weevils,pests,chunk_953,"Question: Which pests affects mostly beans?
Answer: Bean weevils"
Can you explain how Canker survives and spreads within citrus orchards?,"Canker in citrus orchards utilizes various strategies for survival and spread. The pathogen Xanthomonas campestris pv citri can persist in infected leaves for as long as 6 months, and it spreads through wind and rain splashes. Moreover, its entry into the plant is facilitated by injuries caused by leaf miners, allowing the pathogen to infiltrate citrus trees and initiate the characteristic symptoms of Canker.",pests,chunk_954,"Question: Can you explain how Canker survives and spreads within citrus orchards?
Answer: Canker in citrus orchards utilizes various strategies for survival and spread. The pathogen Xanthomonas campestris pv citri can persist in infected leaves for as long as 6 months, and it spreads through wind and rain splashes. Moreover, its entry into the plant is facilitated by injuries caused by leaf miners, allowing the pathogen to infiltrate citrus trees and initiate the characteristic symptoms of Canker."
name any insecticides that can be used on cassava beetles.,neem oil or pyrethroids,pests,chunk_955,"Question: name any insecticides that can be used on cassava beetles.
Answer: neem oil or pyrethroids"
What is the pathogen responsible for causing Canker in citrus trees?,"Canker in citrus trees is caused by the pathogen Xanthomonas campestris pv citri. This Gram-negative, non-spore-forming, aerobic bacterium is rod-shaped, forms chains and capsules, and is motile by one polar flagellum. It survives and spreads through wind and rain splashes, surviving in infected leaves for up to 6 months. Entry into the plant is facilitated by injuries caused by leaf miners.",pests,chunk_956,"Question: What is the pathogen responsible for causing Canker in citrus trees?
Answer: Canker in citrus trees is caused by the pathogen Xanthomonas campestris pv citri. This Gram-negative, non-spore-forming, aerobic bacterium is rod-shaped, forms chains and capsules, and is motile by one polar flagellum. It survives and spreads through wind and rain splashes, surviving in infected leaves for up to 6 months. Entry into the plant is facilitated by injuries caused by leaf miners."
Do sapota trees benefit from cross-pollination for fruit set?,"While most sapota varieties are self-pollinating, cross-pollination by insects can enhance fruit set and yield. Nonetheless, many sapota trees are capable of fruiting without cross-pollination, making it an auxiliary rather than a mandatory factor for fruit set.",pests,chunk_957,"Question: Do sapota trees benefit from cross-pollination for fruit set?
Answer: While most sapota varieties are self-pollinating, cross-pollination by insects can enhance fruit set and yield. Nonetheless, many sapota trees are capable of fruiting without cross-pollination, making it an auxiliary rather than a mandatory factor for fruit set."
which critical factors are considered in ensuring healthy plant growth and high yields.,"Proper soil preparation, irrigation, and pest management ",pests,chunk_958,"Question: which critical factors are considered in ensuring healthy plant growth and high yields.
Answer: Proper soil preparation, irrigation, and pest management "
what are some of the tips on how to best use PICS bags for storing maize grains.,"Clean and dry the grains: Before storing maize grains in PICS bags, make sure that they are thoroughly cleaned and dried to a moisture content of around 12-13%. This will help prevent mold and insect growth.

Fill the bags completely: Fill the PICS bags completely with the maize grains, leaving no empty space. This will help prevent the buildup of oxygen and moisture, which can lead to spoilage and insect growth.

Seal the bags tightly: After filling the bags with maize grains, seal them tightly using the PICS bag sealer or a heat sealer. Make sure that there are no holes or leaks in the bags, as this can allow air and moisture to enter.

Store the bags in a cool and dry place: Store the PICS bags in a cool and dry place, away from direct sunlight and sources of moisture. A well-ventilated room or a grain storage facility is ideal for storing PICS bags.

Check the bags regularly: Check the PICS bags regularly for any signs of damage, such as holes or leaks, and for any signs of insect or mold growth. If any damage or signs of infestation are found, take immediate action to prevent further damage.",pests,chunk_959,"Question: what are some of the tips on how to best use PICS bags for storing maize grains.
Answer: Clean and dry the grains: Before storing maize grains in PICS bags, make sure that they are thoroughly cleaned and dried to a moisture content of around 12-13%. This will help prevent mold and insect growth.

Fill the bags completely: Fill the PICS bags completely with the maize grains, leaving no empty space. This will help prevent the buildup of oxygen and moisture, which can lead to spoilage and insect growth.

Seal the bags tightly: After filling the bags with maize grains, seal them tightly using the PICS bag sealer or a heat sealer. Make sure that there are no holes or leaks in the bags, as this can allow air and moisture to enter.

Store the bags in a cool and dry place: Store the PICS bags in a cool and dry place, away from direct sunlight and sources of moisture. A well-ventilated room or a grain storage facility is ideal for storing PICS bags.

Check the bags regularly: Check the PICS bags regularly for any signs of damage, such as holes or leaks, and for any signs of insect or mold growth. If any damage or signs of infestation are found, take immediate action to prevent further damage."
what is physical pest control.,involves trapping or killing pests such as insects and rodents,pests,chunk_960,"Question: what is physical pest control.
Answer: involves trapping or killing pests such as insects and rodents"
"What are common pests that affect citrus trees, and how can I control them?","Common citrus pests include citrus psyllids, aphids, scales, and mites. Integrated pest management (IPM) practices involving cultural, biological, and chemical control methods are used to manage them.",pests,chunk_961,"Question: What are common pests that affect citrus trees, and how can I control them?
Answer: Common citrus pests include citrus psyllids, aphids, scales, and mites. Integrated pest management (IPM) practices involving cultural, biological, and chemical control methods are used to manage them."
"which pest feed on the sap of the bean plant, causing stunting and distortion of the leaves",Bean aphids (Aphis fabae),pests,chunk_962,"Question: which pest feed on the sap of the bean plant, causing stunting and distortion of the leaves
Answer: Bean aphids (Aphis fabae)"
What is the effect of moisture on stored beans?,"Moisture is one of the key factors that affect the quality and shelf life of stored beans. Here are some of the effects of moisture on stored beans: Mold growth,Insect infestation,Sprouting,Hardening and discoloration,Nutrient loss.",pests,chunk_963,"Question: What is the effect of moisture on stored beans?
Answer: Moisture is one of the key factors that affect the quality and shelf life of stored beans. Here are some of the effects of moisture on stored beans: Mold growth,Insect infestation,Sprouting,Hardening and discoloration,Nutrient loss."
Do guava trees require cross-pollination for fruit set?,"While most guava varieties are self-pollinating and can produce fruit without external pollen, cross-pollination by insects can enhance fruit set and yield. Although not mandatory, introducing pollinator-attracting plants nearby can increase pollination efficiency and fruit production in guava orchards.",pests,chunk_964,"Question: Do guava trees require cross-pollination for fruit set?
Answer: While most guava varieties are self-pollinating and can produce fruit without external pollen, cross-pollination by insects can enhance fruit set and yield. Although not mandatory, introducing pollinator-attracting plants nearby can increase pollination efficiency and fruit production in guava orchards."
"which pest feeds on the underside of the cassava leaves, causing them to turn yellow and dry up",Cassava green mite,pests,chunk_965,"Question: which pest feeds on the underside of the cassava leaves, causing them to turn yellow and dry up
Answer: Cassava green mite"
why is forest  pests control difficult.,because it is not easy to access the canopy and monitor pest populations,pests,chunk_966,"Question: why is forest  pests control difficult.
Answer: because it is not easy to access the canopy and monitor pest populations"
How does Infectious chlorosis spread in bananas?,"Infectious chlorosis in bananas spreads through infected suckers and aphid vectors, particularly Aphis gossypii.",pests,chunk_967,"Question: How does Infectious chlorosis spread in bananas?
Answer: Infectious chlorosis in bananas spreads through infected suckers and aphid vectors, particularly Aphis gossypii."
Do we have a selective pesticide for rodents?,No.,pests,chunk_968,"Question: Do we have a selective pesticide for rodents?
Answer: No."
what is Integrated Pest Management?,"IPM is a holistic approach to pest management that emphasizes the use of multiple methods to control pests, including biological control, cultural control, and chemical control",pests,chunk_969,"Question: what is Integrated Pest Management?
Answer: IPM is a holistic approach to pest management that emphasizes the use of multiple methods to control pests, including biological control, cultural control, and chemical control"
name one chemical pesticides that can be applied to control termides.,termiticides,pests,chunk_970,"Question: name one chemical pesticides that can be applied to control termides.
Answer: termiticides"
what happens to African armyworms first after emerging from pupation,hey allow their bodies to dry off and their wings to harden before climbing trees,pests,chunk_971,"Question: what happens to African armyworms first after emerging from pupation
Answer: hey allow their bodies to dry off and their wings to harden before climbing trees"
What are some common pests that attack apple trees and how can I control them?,"codling moths, apple maggots, and aphids. To control these pests, it's important to monitor the trees regularly and take action as soon as signs of infestation are observed",pests,chunk_972,"Question: What are some common pests that attack apple trees and how can I control them?
Answer: codling moths, apple maggots, and aphids. To control these pests, it's important to monitor the trees regularly and take action as soon as signs of infestation are observed"
Name the pest control management practices.," Chemical (pesticides), biological (biocontrol), mechanical (tillage), and cultural practices are used",pests,chunk_973,"Question: Name the pest control management practices.
Answer:  Chemical (pesticides), biological (biocontrol), mechanical (tillage), and cultural practices are used"
"What are some common pests that affect citrus trees, and how can I manage them effectively?","Common citrus pests include citrus psyllids, aphids, scales, and mites. Integrated pest management (IPM) practices that combine cultural, biological, and chemical control methods can effectively manage these pests.",pests,chunk_974,"Question: What are some common pests that affect citrus trees, and how can I manage them effectively?
Answer: Common citrus pests include citrus psyllids, aphids, scales, and mites. Integrated pest management (IPM) practices that combine cultural, biological, and chemical control methods can effectively manage these pests."
How does Sooty mould proliferate in mango orchards?,"Sooty mould proliferates within mango orchards by developing on the leaf surface, sustained by the sugary secretions of plant hoppers like jassids, aphids, and scale insects.",pests,chunk_975,"Question: How does Sooty mould proliferate in mango orchards?
Answer: Sooty mould proliferates within mango orchards by developing on the leaf surface, sustained by the sugary secretions of plant hoppers like jassids, aphids, and scale insects."
When should farmers spray for armyworms in maize fields?,"Farmers should spray for armyworms in maize fields when necessary based on pest population levels, prioritizing cultural methods of control.",pests,chunk_976,"Question: When should farmers spray for armyworms in maize fields?
Answer: Farmers should spray for armyworms in maize fields when necessary based on pest population levels, prioritizing cultural methods of control."
name traditional methods that can be used to control pests in beans.,mixing wood ash or ash from cooking fires,pests,chunk_977,"Question: name traditional methods that can be used to control pests in beans.
Answer: mixing wood ash or ash from cooking fires"
Can rodent pests be effectively controlled with selective pesticides?,"No, selective pesticides for rodents are not available.",pests,chunk_978,"Question: Can rodent pests be effectively controlled with selective pesticides?
Answer: No, selective pesticides for rodents are not available."
why do we store beans in airtight containers.,"Store the beans in airtight containers, such as plastic or glass jars with tight-fitting lids. This will prevent moisture and pests from getting inside and damaging the beans.",pests,chunk_979,"Question: why do we store beans in airtight containers.
Answer: Store the beans in airtight containers, such as plastic or glass jars with tight-fitting lids. This will prevent moisture and pests from getting inside and damaging the beans."
how can sun drying helps control pest in beans.,"Expose the beans to direct sunlight for a few days, as pests are generally sensitive to heat. Spread the beans in thin layers and turn them regularly to ensure thorough drying.",pests,chunk_980,"Question: how can sun drying helps control pest in beans.
Answer: Expose the beans to direct sunlight for a few days, as pests are generally sensitive to heat. Spread the beans in thin layers and turn them regularly to ensure thorough drying."
"what conditions can accelerate the breakdown of active ingredients in pesticides, reducing their effectiveness","extreme temperatures, moisture, and sunlight",pests,chunk_981,"Question: what conditions can accelerate the breakdown of active ingredients in pesticides, reducing their effectiveness
Answer: extreme temperatures, moisture, and sunlight"
What options are available for controlling rodent pests selectively?,Selective control methods such as traps and baits are commonly used to target rodent pests without harming other organisms.,pests,chunk_982,"Question: What options are available for controlling rodent pests selectively?
Answer: Selective control methods such as traps and baits are commonly used to target rodent pests without harming other organisms."
Do we have a selective pesticide for rodents?,No,pests,chunk_983,"Question: Do we have a selective pesticide for rodents?
Answer: No"
how many bristles do female armyworms have?,females have multiple,pests,chunk_984,"Question: how many bristles do female armyworms have?
Answer: females have multiple"
name the negative impact of burning maize residues.,"burning maize residues can lead to soil erosion, loss of soil organic matter, and air pollution. Burning can also release greenhouse gases, such as carbon dioxide and methane, into the atmosphere, contributing to climate change. Additionally, burning can destroy beneficial soil organisms, such as earthworms and microbes, which can have negative impacts on soil health and fertility.",pests,chunk_985,"Question: name the negative impact of burning maize residues.
Answer: burning maize residues can lead to soil erosion, loss of soil organic matter, and air pollution. Burning can also release greenhouse gases, such as carbon dioxide and methane, into the atmosphere, contributing to climate change. Additionally, burning can destroy beneficial soil organisms, such as earthworms and microbes, which can have negative impacts on soil health and fertility."
what are Pyrethroids pesticides.,"Pyrethroids are a type of synthetic pesticide that can be effective against a range of insect pests, including bean beetles and leafhoppers. They work by attacking the nervous system of insects. Pyrethroids are available in various forms, including sprays, dusts, and granules.",pests,chunk_986,"Question: what are Pyrethroids pesticides.
Answer: Pyrethroids are a type of synthetic pesticide that can be effective against a range of insect pests, including bean beetles and leafhoppers. They work by attacking the nervous system of insects. Pyrethroids are available in various forms, including sprays, dusts, and granules."
What is the mode of transmission for Anthracnose in bananas?,The mode of transmission for Anthracnose in bananas involves air-borne conidia and numerous insects that frequently visit banana flowers.,pests,chunk_987,"Question: What is the mode of transmission for Anthracnose in bananas?
Answer: The mode of transmission for Anthracnose in bananas involves air-borne conidia and numerous insects that frequently visit banana flowers."
which region in African has the armyworm,Sahara,pests,chunk_988,"Question: which region in African has the armyworm
Answer: Sahara"
What management practices can be implemented to control Greening in citrus orchards?,"Effective management of Greening in citrus orchards involves implementing several practices. These include controlling psyllids with insecticides, using pathogen-free budwood for propagation, and applying 500 ppm tetracycline spray, requiring fortnightly application. Implementing these management practices can help reduce the incidence and spread of Greening in citrus orchards, thereby minimizing its impact on citrus production.",pests,chunk_989,"Question: What management practices can be implemented to control Greening in citrus orchards?
Answer: Effective management of Greening in citrus orchards involves implementing several practices. These include controlling psyllids with insecticides, using pathogen-free budwood for propagation, and applying 500 ppm tetracycline spray, requiring fortnightly application. Implementing these management practices can help reduce the incidence and spread of Greening in citrus orchards, thereby minimizing its impact on citrus production."
Are mango trees self-pollinating or cross-pollinating?,"Mango trees are primarily self-pollinating, but cross-pollination by insects can be beneficial in increasing fruit set and yield. Introducing pollinator-attracting plants can encourage cross-pollination and enhance the overall productivity of mango trees.",pests,chunk_990,"Question: Are mango trees self-pollinating or cross-pollinating?
Answer: Mango trees are primarily self-pollinating, but cross-pollination by insects can be beneficial in increasing fruit set and yield. Introducing pollinator-attracting plants can encourage cross-pollination and enhance the overall productivity of mango trees."
Explain the goal of the PM-KISAN Scheme launched in 2023.,"The PM-KISAN Scheme aims to provide income support to all landholding farmers across the country, enabling them to meet their agricultural needs and improve their livelihoods.",schemes,chunk_991,"Question: Explain the goal of the PM-KISAN Scheme launched in 2023.
Answer: The PM-KISAN Scheme aims to provide income support to all landholding farmers across the country, enabling them to meet their agricultural needs and improve their livelihoods."
Describe the purpose behind implementing the PM-KISAN Scheme in 2023.,"The PM-KISAN Scheme aims to provide income support to all landholding farmers across the country, enabling them to meet their agricultural needs and improve their livelihoods.",schemes,chunk_992,"Question: Describe the purpose behind implementing the PM-KISAN Scheme in 2023.
Answer: The PM-KISAN Scheme aims to provide income support to all landholding farmers across the country, enabling them to meet their agricultural needs and improve their livelihoods."
What is the aim of the PM-KISAN Scheme (2023)?,"The PM-KISAN Scheme aims to provide income support to all landholding farmers across the country, enabling them to meet their agricultural needs and improve their livelihoods.",schemes,chunk_993,"Question: What is the aim of the PM-KISAN Scheme (2023)?
Answer: The PM-KISAN Scheme aims to provide income support to all landholding farmers across the country, enabling them to meet their agricultural needs and improve their livelihoods."
Outline the objectives of the PM-KISAN Scheme introduced in 2023.,"The PM-KISAN Scheme aims to provide income support to all landholding farmers across the country, enabling them to meet their agricultural needs and improve their livelihoods.",schemes,chunk_994,"Question: Outline the objectives of the PM-KISAN Scheme introduced in 2023.
Answer: The PM-KISAN Scheme aims to provide income support to all landholding farmers across the country, enabling them to meet their agricultural needs and improve their livelihoods."
What are the symptoms of Sooty mould on Sapota leaves?,"Sooty mould on Sapota leaves is characterized by a fungal growth that slowly covers the entire leaf area, severely affecting the process of photosynthesis. This results in reduced translocation of food to the fruits, leading to a reduction in their size.",soil,chunk_995,"Question: What are the symptoms of Sooty mould on Sapota leaves?
Answer: Sooty mould on Sapota leaves is characterized by a fungal growth that slowly covers the entire leaf area, severely affecting the process of photosynthesis. This results in reduced translocation of food to the fruits, leading to a reduction in their size."
"What type of soil is beans doing well
",well-draining loamy soil,soil,chunk_996,"Question: What type of soil is beans doing well

Answer: well-draining loamy soil"
how can soil organism helps in Carbon sequestration.,"Soil organisms, such as mycorrhizal fungi, can help to sequester carbon in the soil, helping to mitigate climate change",soil,chunk_997,"Question: how can soil organism helps in Carbon sequestration.
Answer: Soil organisms, such as mycorrhizal fungi, can help to sequester carbon in the soil, helping to mitigate climate change"
Which soil types are best suited for growing bananas?,"Sandy loam or loamy soil types with a pH range of 5.5 to 7.0 are best suited for growing bananas, providing optimal conditions for growth and fruit production.",soil,chunk_998,"Question: Which soil types are best suited for growing bananas?
Answer: Sandy loam or loamy soil types with a pH range of 5.5 to 7.0 are best suited for growing bananas, providing optimal conditions for growth and fruit production."
what are principal factors of soil quality.,"soil salination, pH, microorganism balance and the prevention of soil contamination",soil,chunk_999,"Question: what are principal factors of soil quality.
Answer: soil salination, pH, microorganism balance and the prevention of soil contamination"
which substance is applied in acidic soil to balance soil PH.,lime,soil,chunk_1000,"Question: which substance is applied in acidic soil to balance soil PH.
Answer: lime"
What is the pathogen causing downy mildew in grapes?,"The pathogen responsible for downy mildew in grapes is Plasmopara viticola. It is characterized by intercellular mycelium with spherical haustoria, thin-walled and hyaline, coenocytic mycelium. Sporangiophores arise from hyphae in the sub-stomatal spaces, with thin-walled oval or lemon-shaped sporangia producing pear-shaped biflagellate zoospores and thick-walled oospores.",soil,chunk_1001,"Question: What is the pathogen causing downy mildew in grapes?
Answer: The pathogen responsible for downy mildew in grapes is Plasmopara viticola. It is characterized by intercellular mycelium with spherical haustoria, thin-walled and hyaline, coenocytic mycelium. Sporangiophores arise from hyphae in the sub-stomatal spaces, with thin-walled oval or lemon-shaped sporangia producing pear-shaped biflagellate zoospores and thick-walled oospores."
Which soil composition is best suited for citrus trees?,"Citrus trees prefer well-drained, slightly acidic soil with a pH between 6.0 and 7.5. Sandy loam or loamy soil types are recommended as they promote good aeration and root development essential for healthy citrus tree growth.",soil,chunk_1002,"Question: Which soil composition is best suited for citrus trees?
Answer: Citrus trees prefer well-drained, slightly acidic soil with a pH between 6.0 and 7.5. Sandy loam or loamy soil types are recommended as they promote good aeration and root development essential for healthy citrus tree growth."
which soil conservation techniques can be used to reduce o control soil erosion in red soil.,"contour plowing, terracing, or mulching",soil,chunk_1003,"Question: which soil conservation techniques can be used to reduce o control soil erosion in red soil.
Answer: contour plowing, terracing, or mulching"
when does the differences in appearance between the solitaria and gregaria phases become apparent.,in the third instar and remain until the last instar,soil,chunk_1004,"Question: when does the differences in appearance between the solitaria and gregaria phases become apparent.
Answer: in the third instar and remain until the last instar"
What are the characteristics of the pathogen causing common scab in potato plants?,"The pathogen causing common scab in potato plants is Streptomyces scabies. Aerial mycelium in pure culture consists of prostrate branched threads. Sporogenous hyphae are spiral in form. Conidia are produced by the formation of septa at intervals along the hyphae, which contract to form narrow isthmuses between the cells. Conidia are roughly cylindrical and hyaline. The conidia can germinate even at higher temperatures. Its growth is good in slightly alkaline medium and is checked at pH 5.2.",soil,chunk_1005,"Question: What are the characteristics of the pathogen causing common scab in potato plants?
Answer: The pathogen causing common scab in potato plants is Streptomyces scabies. Aerial mycelium in pure culture consists of prostrate branched threads. Sporogenous hyphae are spiral in form. Conidia are produced by the formation of septa at intervals along the hyphae, which contract to form narrow isthmuses between the cells. Conidia are roughly cylindrical and hyaline. The conidia can germinate even at higher temperatures. Its growth is good in slightly alkaline medium and is checked at pH 5.2."
what is the required soil PH for potatoes.,between 4.8 and 5.5,soil,chunk_1006,"Question: what is the required soil PH for potatoes.
Answer: between 4.8 and 5.5"
"What strategies can I employ to promote sapotas successfully, especially in highly competitive markets?","Successfully promoting sapotas in competitive markets requires emphasizing their delicious taste, nutritional advantages, and adaptability in various recipes. Additionally, forging direct relationships with local vendors, markets, and consumers can differentiate your sapota offerings and attract discerning customers searching for premium quality and distinctive produce.",soil,chunk_1007,"Question: What strategies can I employ to promote sapotas successfully, especially in highly competitive markets?
Answer: Successfully promoting sapotas in competitive markets requires emphasizing their delicious taste, nutritional advantages, and adaptability in various recipes. Additionally, forging direct relationships with local vendors, markets, and consumers can differentiate your sapota offerings and attract discerning customers searching for premium quality and distinctive produce."
As a farmer which method is good to prevent soil erosion?,Farmers can terrace their gardens or mulch their gardens to stop erosion effectively.,soil,chunk_1008,"Question: As a farmer which method is good to prevent soil erosion?
Answer: Farmers can terrace their gardens or mulch their gardens to stop erosion effectively."
what is the required PH for cassava growth.,pH of 5.5-6.5,soil,chunk_1009,"Question: what is the required PH for cassava growth.
Answer: pH of 5.5-6.5"
what is the importane of organic farming?,This approach seeks to minimize the use of synthetic chemicals and promote the health of the soil and the environment,soil,chunk_1010,"Question: what is the importane of organic farming?
Answer: This approach seeks to minimize the use of synthetic chemicals and promote the health of the soil and the environment"
How can powdery mildew in grapes be effectively controlled?,"Powdery mildew in grapes can be effectively controlled by spraying Inorganic sulphur at 0.25%, Chinomethionate at 0.1%, or Dinocap at 0.05%.",soil,chunk_1011,"Question: How can powdery mildew in grapes be effectively controlled?
Answer: Powdery mildew in grapes can be effectively controlled by spraying Inorganic sulphur at 0.25%, Chinomethionate at 0.1%, or Dinocap at 0.05%."
which herbicides is effective in controlling couch grass.,Glyphosate-based herbicides,soil,chunk_1012,"Question: which herbicides is effective in controlling couch grass.
Answer: Glyphosate-based herbicides"
What visual signs indicate the presence of Sooty mould on Sapota leaves?,"Visual signs of Sooty mould on Sapota leaves include the development of a dark, soot-like fungal growth covering the leaf surface, which interferes with photosynthesis and ultimately reduces the size of the fruits.",soil,chunk_1013,"Question: What visual signs indicate the presence of Sooty mould on Sapota leaves?
Answer: Visual signs of Sooty mould on Sapota leaves include the development of a dark, soot-like fungal growth covering the leaf surface, which interferes with photosynthesis and ultimately reduces the size of the fruits."
What is No-Till Farming?,"Minimizes soil disturbance, preserving its structure and reducing erosion.",soil,chunk_1014,"Question: What is No-Till Farming?
Answer: Minimizes soil disturbance, preserving its structure and reducing erosion."
What is the pathogen causing downy mildew in grapes?,"The pathogen is Plasmopara viticola. Its mycelium is intercellular with spherical haustoria, coenocytic, thin-walled, and hyaline. Sporangiophores arise from hyphae in the sub-stomatal spaces, branching at right angles to the main axis and at regular intervals. Secondary branches arise from lower branches. The sporangia are thin-walled, oval or lemon-shaped. Zoospores are pear-shaped, biflagellate, and 7–9 micrometers in size. Oospores are thick-walled.",soil,chunk_1015,"Question: What is the pathogen causing downy mildew in grapes?
Answer: The pathogen is Plasmopara viticola. Its mycelium is intercellular with spherical haustoria, coenocytic, thin-walled, and hyaline. Sporangiophores arise from hyphae in the sub-stomatal spaces, branching at right angles to the main axis and at regular intervals. Secondary branches arise from lower branches. The sporangia are thin-walled, oval or lemon-shaped. Zoospores are pear-shaped, biflagellate, and 7–9 micrometers in size. Oospores are thick-walled."
What is the significance of soil temperature in the development of damping off in chilli plants?,"Soil temperature around 20°C provides an optimal environment for the growth and spread of Pythium aphanidermatum, contributing to the occurrence of damping off in chilli plants.",soil,chunk_1016,"Question: What is the significance of soil temperature in the development of damping off in chilli plants?
Answer: Soil temperature around 20°C provides an optimal environment for the growth and spread of Pythium aphanidermatum, contributing to the occurrence of damping off in chilli plants."
how does S. exempta reduce the risk of SpexNPV,via density-dependent prophylaxis,soil,chunk_1017,"Question: how does S. exempta reduce the risk of SpexNPV
Answer: via density-dependent prophylaxis"
what chemical methods are used to control termites.,"baits, soil treatments, and wood treatments",soil,chunk_1018,"Question: what chemical methods are used to control termites.
Answer: baits, soil treatments, and wood treatments"
What pathogens are associated with Anthracnose in bananas?,"Anthracnose in bananas is caused by Gloeosporium gloeosporioides. Acervuli produce cylindrical conidiophores and hyaline, non-septate, oval to elliptical conidia.",soil,chunk_1019,"Question: What pathogens are associated with Anthracnose in bananas?
Answer: Anthracnose in bananas is caused by Gloeosporium gloeosporioides. Acervuli produce cylindrical conidiophores and hyaline, non-septate, oval to elliptical conidia."
Can spraying chemicals affect soil?,"Yes, especially uncontrolled spraying may kill non-targeted organisms, can damage soil biomass and microorganisms",soil,chunk_1020,"Question: Can spraying chemicals affect soil?
Answer: Yes, especially uncontrolled spraying may kill non-targeted organisms, can damage soil biomass and microorganisms"
What management practices can be implemented to control powdery mildew in chilli plants caused by Leveillula taurica?,Spray Wettable sulphur at 0.25% or Dinocap (Karathane) at 0.05%.,soil,chunk_1021,"Question: What management practices can be implemented to control powdery mildew in chilli plants caused by Leveillula taurica?
Answer: Spray Wettable sulphur at 0.25% or Dinocap (Karathane) at 0.05%."
How is cassava planted using single stem method.," In this method, cassava stems are planted directly into the soil at a spacing of 1-1.5 meters between rows and 0.75-1 meter between plants",soil,chunk_1022,"Question: How is cassava planted using single stem method.
Answer:  In this method, cassava stems are planted directly into the soil at a spacing of 1-1.5 meters between rows and 0.75-1 meter between plants"
Which places should be avoided when collecting soil sample,"Near buildings or infrastructure: Soil near buildings, roads, driveways, or other structures may contain contaminants such as chemicals, heavy metals, or pollutants that can affect the soil composition and fertility.
",soil,chunk_1023,"Question: Which places should be avoided when collecting soil sample
Answer: Near buildings or infrastructure: Soil near buildings, roads, driveways, or other structures may contain contaminants such as chemicals, heavy metals, or pollutants that can affect the soil composition and fertility.
"
How can powdery mildew in grapes be managed?,Spray Inorganic sulphur 0.25% or Chinomethionate 0.1% or Dinocap 0.05%.,soil,chunk_1024,"Question: How can powdery mildew in grapes be managed?
Answer: Spray Inorganic sulphur 0.25% or Chinomethionate 0.1% or Dinocap 0.05%."
"How can I effectively market guavas, particularly in competitive areas?","Effective marketing strategies for guavas involve emphasizing their nutritional benefits, unique flavor profile, and versatility in culinary applications. Establishing direct connections with local markets, retailers, and consumers can differentiate guava products and attract customers, particularly in competitive market environments.",soil,chunk_1025,"Question: How can I effectively market guavas, particularly in competitive areas?
Answer: Effective marketing strategies for guavas involve emphasizing their nutritional benefits, unique flavor profile, and versatility in culinary applications. Establishing direct connections with local markets, retailers, and consumers can differentiate guava products and attract customers, particularly in competitive market environments."
name one Glyphosate-based herbicides that can be used to control Couch grass in cassava garden.,Roundup,soil,chunk_1026,"Question: name one Glyphosate-based herbicides that can be used to control Couch grass in cassava garden.
Answer: Roundup"
What are the roles of mineral matter/particles in the soil,"The mineral particles are primary determinants of soil structure. The smaller the particle, the greater the surface area per unit volume. Bonding and aggregation is much more significant with the availability of large surface areas. Clay sized materials (when moist) impart a ""plastic"" feel to kneaded soil samples",soil,chunk_1027,"Question: What are the roles of mineral matter/particles in the soil
Answer: The mineral particles are primary determinants of soil structure. The smaller the particle, the greater the surface area per unit volume. Bonding and aggregation is much more significant with the availability of large surface areas. Clay sized materials (when moist) impart a ""plastic"" feel to kneaded soil samples"
What type of climate is best for growing garlic?,"Garlic thrives in cool to moderate climates with well-drained soil and adequate sunlight. It requires a period of cold temperatures (vernalization) to stimulate bulb formation. While garlic can tolerate a range of climates, it performs best in regions with cold winters and mild summers.",soil,chunk_1028,"Question: What type of climate is best for growing garlic?
Answer: Garlic thrives in cool to moderate climates with well-drained soil and adequate sunlight. It requires a period of cold temperatures (vernalization) to stimulate bulb formation. While garlic can tolerate a range of climates, it performs best in regions with cold winters and mild summers."
which phase in polyphenism in which the larvae raised in groups turns black.,gregaria,soil,chunk_1029,"Question: which phase in polyphenism in which the larvae raised in groups turns black.
Answer: gregaria"
Why is it that loam soil is dark in colour?,"The dark color of loam soil is due to the presence of organic matter, which is composed of decaying plant and animal material.",soil,chunk_1030,"Question: Why is it that loam soil is dark in colour?
Answer: The dark color of loam soil is due to the presence of organic matter, which is composed of decaying plant and animal material."
What steps do I need to follow to export mangoes internationally?,"Exporting mangoes internationally involves meeting quality standards, obtaining phytosanitary certificates to ensure plant health, and complying with import regulations of the destination country.",soil,chunk_1031,"Question: What steps do I need to follow to export mangoes internationally?
Answer: Exporting mangoes internationally involves meeting quality standards, obtaining phytosanitary certificates to ensure plant health, and complying with import regulations of the destination country."
What soil type is optimal for citrus tree growth?,"Citrus trees thrive in well-drained, slightly acidic soil with a pH range of 6.0 to 7.5. Sandy loam or loamy soil types are ideal, providing good aeration and facilitating root development.",soil,chunk_1032,"Question: What soil type is optimal for citrus tree growth?
Answer: Citrus trees thrive in well-drained, slightly acidic soil with a pH range of 6.0 to 7.5. Sandy loam or loamy soil types are ideal, providing good aeration and facilitating root development."
what is the impact of Intensive tillage.,"Intensive tillage can disrupt soil structure, reduce soil organic matter, and increase soil erosion, which can all lead to reduced soil fertility over time.",soil,chunk_1033,"Question: what is the impact of Intensive tillage.
Answer: Intensive tillage can disrupt soil structure, reduce soil organic matter, and increase soil erosion, which can all lead to reduced soil fertility over time."
How can local farmers determine the acidity of the soil? ,"Farmers can determine the acidity of the soil by conducting a soil pH test. There are various ways to do this, but one common method is to use a soil pH test kit, which can be purchased at agricultural supply stores or online. The kit typically includes a test tube, pH indicator solution, and a color chart.",soil,chunk_1034,"Question: How can local farmers determine the acidity of the soil? 
Answer: Farmers can determine the acidity of the soil by conducting a soil pH test. There are various ways to do this, but one common method is to use a soil pH test kit, which can be purchased at agricultural supply stores or online. The kit typically includes a test tube, pH indicator solution, and a color chart."
What kind of technology do farmers use in the field to help the environment?,"GPS (global positioning systems) is a common technology used by farmers. With GPS, farmers can track every location on the farm and know what the soil needs at that exact location",soil,chunk_1035,"Question: What kind of technology do farmers use in the field to help the environment?
Answer: GPS (global positioning systems) is a common technology used by farmers. With GPS, farmers can track every location on the farm and know what the soil needs at that exact location"
What is the mode of spread for Greening within citrus orchards?,Greening spreads within citrus orchards primarily through the transmission of infected budwood and by the psyllid vector Diaphorina citri.,soil,chunk_1036,"Question: What is the mode of spread for Greening within citrus orchards?
Answer: Greening spreads within citrus orchards primarily through the transmission of infected budwood and by the psyllid vector Diaphorina citri."
What measures should I take to export mangoes to other countries?,"To export mangoes to other countries, it's essential to meet quality standards, obtain phytosanitary certificates for plant health, and comply with the import regulations of the destination country.",soil,chunk_1037,"Question: What measures should I take to export mangoes to other countries?
Answer: To export mangoes to other countries, it's essential to meet quality standards, obtain phytosanitary certificates for plant health, and comply with the import regulations of the destination country."
what is Mulching.,"Applying a layer of organic material such as leaves, straw or grass clippings on top of the soil can help retain moisture, prevent erosion, and add organic matter to the soil as it breaks down.",soil,chunk_1038,"Question: what is Mulching.
Answer: Applying a layer of organic material such as leaves, straw or grass clippings on top of the soil can help retain moisture, prevent erosion, and add organic matter to the soil as it breaks down."
what is the soil PH for blueberries., between 4.0 and 5.0,soil,chunk_1039,"Question: what is the soil PH for blueberries.
Answer:  between 4.0 and 5.0"
how can tillage be used to control Couch grass., involves digging up the soil to a depth of at least 6 inches to disrupt the root system of the grass,soil,chunk_1040,"Question: how can tillage be used to control Couch grass.
Answer:  involves digging up the soil to a depth of at least 6 inches to disrupt the root system of the grass"
How does damping off spread and survive in tomato plants?,"The causal organisms, such as Pythium aphanidermatum, are soil inhabitants and build up in soil with available hosts. They generally have a wide host range.",soil,chunk_1041,"Question: How does damping off spread and survive in tomato plants?
Answer: The causal organisms, such as Pythium aphanidermatum, are soil inhabitants and build up in soil with available hosts. They generally have a wide host range."
Is sandy soil better than clay soil  when growing beans?, neither soil type is inherently better or worse for growing beans,soil,chunk_1042,"Question: Is sandy soil better than clay soil  when growing beans?
Answer:  neither soil type is inherently better or worse for growing beans"
"What is the optimal pH range for citrus tree growth, and how can soil pH be adjusted if necessary?",The optimal pH range for citrus tree growth is between 6.0 and 7.5. Soil pH can be adjusted by applying amendments such as lime to raise pH or elemental sulfur to lower pH.,soil,chunk_1043,"Question: What is the optimal pH range for citrus tree growth, and how can soil pH be adjusted if necessary?
Answer: The optimal pH range for citrus tree growth is between 6.0 and 7.5. Soil pH can be adjusted by applying amendments such as lime to raise pH or elemental sulfur to lower pH."
what is the importance of chlorophyll.,is necessary for photosynthesis and plant growth.,soil,chunk_1044,"Question: what is the importance of chlorophyll.
Answer: is necessary for photosynthesis and plant growth."
what is photosynthesis.,the process by which plants convert sunlight into energy for growth.,soil,chunk_1045,"Question: what is photosynthesis.
Answer: the process by which plants convert sunlight into energy for growth."
Which microorganisms are linked to Anthracnose in bananas?,"Anthracnose in bananas is linked to Gloeosporium gloeosporioides, which produces cylindrical conidiophores and hyaline, non-septate, oval to elliptical conidia.",soil,chunk_1046,"Question: Which microorganisms are linked to Anthracnose in bananas?
Answer: Anthracnose in bananas is linked to Gloeosporium gloeosporioides, which produces cylindrical conidiophores and hyaline, non-septate, oval to elliptical conidia."
What method can farmers employ to prevent soil erosion?,Terracing or mulching gardens are effective methods employed by farmers to prevent soil erosion.,soil,chunk_1047,"Question: What method can farmers employ to prevent soil erosion?
Answer: Terracing or mulching gardens are effective methods employed by farmers to prevent soil erosion."
what type of soil can cause cassava plant to die prematurely.,"soil with high salinity or acidity, can cause the plants to dry out and die prematurely",soil,chunk_1048,"Question: what type of soil can cause cassava plant to die prematurely.
Answer: soil with high salinity or acidity, can cause the plants to dry out and die prematurely"
what are the ecological requirements for cassava growth.,"warm temperatures, regular rainfall, well-drained fertile soils, full sunlight, high humidity, and grows best at lower elevations",soil,chunk_1049,"Question: what are the ecological requirements for cassava growth.
Answer: warm temperatures, regular rainfall, well-drained fertile soils, full sunlight, high humidity, and grows best at lower elevations"
How does soil moisture level affect the spread of damping off in chilli plants?,"Excess soil moisture, coupled with poor drainage, creates favorable conditions for Pythium aphanidermatum, leading to increased incidence of damping off in chilli plants.",soil,chunk_1050,"Question: How does soil moisture level affect the spread of damping off in chilli plants?
Answer: Excess soil moisture, coupled with poor drainage, creates favorable conditions for Pythium aphanidermatum, leading to increased incidence of damping off in chilli plants."
How can powdery mildew in chilli plants be effectively managed?,Powdery mildew in chilli plants can be effectively managed by spraying Wettable sulphur at 0.25% or Dinocap (Karathane) at 0.05%.,soil,chunk_1051,"Question: How can powdery mildew in chilli plants be effectively managed?
Answer: Powdery mildew in chilli plants can be effectively managed by spraying Wettable sulphur at 0.25% or Dinocap (Karathane) at 0.05%."
what is Conservation tillage.,Conservation tillage involves reducing or eliminating plowing and other tillage operations that can disturb the soil structure and reduce soil organic matter,soil,chunk_1052,"Question: what is Conservation tillage.
Answer: Conservation tillage involves reducing or eliminating plowing and other tillage operations that can disturb the soil structure and reduce soil organic matter"
name the phase in polyphenism in which the larvae raised in isolation turns green,solitaria ,soil,chunk_1053,"Question: name the phase in polyphenism in which the larvae raised in isolation turns green
Answer: solitaria "
"As a farmer, which method is good to prevent soil erosion?",Farmers can terrace their gardens or mulch their gardens to stop erosion effectively.,soil,chunk_1054,"Question: As a farmer, which method is good to prevent soil erosion?
Answer: Farmers can terrace their gardens or mulch their gardens to stop erosion effectively."
Detail the focus and objectives of the Paramparagat Krishi Vikas Yojana (PKVY) implemented in 2022.,"Geared towards promoting organic farming, PKVY seeks to enhance soil health and sustainable agriculture practices.",soil,chunk_1055,"Question: Detail the focus and objectives of the Paramparagat Krishi Vikas Yojana (PKVY) implemented in 2022.
Answer: Geared towards promoting organic farming, PKVY seeks to enhance soil health and sustainable agriculture practices."
what does the female S.exempta release to attract males.,pheromones,soil,chunk_1056,"Question: what does the female S.exempta release to attract males.
Answer: pheromones"
"How should I promote guavas effectively, particularly in markets with intense competition?","Promoting guavas effectively involves emphasizing their nutritional benefits, unique flavor profile, and culinary versatility. Establishing direct links with local markets, retailers, and consumers can differentiate guava offerings and attract attention, especially in competitive market settings where distinguishing factors are essential for success.",soil,chunk_1057,"Question: How should I promote guavas effectively, particularly in markets with intense competition?
Answer: Promoting guavas effectively involves emphasizing their nutritional benefits, unique flavor profile, and culinary versatility. Establishing direct links with local markets, retailers, and consumers can differentiate guava offerings and attract attention, especially in competitive market settings where distinguishing factors are essential for success."
why is mulching important.,"Mulching helps to suppress weed growth, retain soil moisture, and improve soil fertility",soil,chunk_1058,"Question: why is mulching important.
Answer: Mulching helps to suppress weed growth, retain soil moisture, and improve soil fertility"
what the required soil PH for beans, between 6.0 and 7.0,soil,chunk_1059,"Question: what the required soil PH for beans
Answer:  between 6.0 and 7.0"
which herbicide kills all plants except those with genetic tolerance.,Glyphosate ,soil,chunk_1060,"Question: which herbicide kills all plants except those with genetic tolerance.
Answer: Glyphosate "
what is chlorosis., a condition characterized by yellowing or pale leaves due to a lack of chlorophyll production,soil,chunk_1061,"Question: what is chlorosis.
Answer:  a condition characterized by yellowing or pale leaves due to a lack of chlorophyll production"
How effective is Copper oxychloride in controlling damping off in chilli plants?,"Copper oxychloride, when applied as a soil drench at a concentration of 0.25%, demonstrates efficacy in suppressing the growth and spread of Pythium aphanidermatum, thereby controlling damping off in chilli plants.",soil,chunk_1062,"Question: How effective is Copper oxychloride in controlling damping off in chilli plants?
Answer: Copper oxychloride, when applied as a soil drench at a concentration of 0.25%, demonstrates efficacy in suppressing the growth and spread of Pythium aphanidermatum, thereby controlling damping off in chilli plants."
What are some of biological properties of soil that soil scientists study?, microbial communities that live in the soil and the interactions between these organisms and the plants that grow in the soil.,soil,chunk_1063,"Question: What are some of biological properties of soil that soil scientists study?
Answer:  microbial communities that live in the soil and the interactions between these organisms and the plants that grow in the soil."
What strategies are recommended for managing powdery mildew in grapevines?,"Effective strategies for managing powdery mildew in grapevines include the application of Inorganic sulphur at 0.25%, Chinomethionate at 0.1%, or Dinocap at 0.05% through spraying.",soil,chunk_1064,"Question: What strategies are recommended for managing powdery mildew in grapevines?
Answer: Effective strategies for managing powdery mildew in grapevines include the application of Inorganic sulphur at 0.25%, Chinomethionate at 0.1%, or Dinocap at 0.05% through spraying."
Which chilli cultivars are commonly grown?,"Commonly grown chilli cultivars include Jalapeno, Habanero, Cayenne, Serrano, Thai Bird's Eye, and Anaheim, among others. These cultivars vary in heat intensity, flavor, and morphology, allowing growers to select based on factors such as market demand, culinary preferences, and growing conditions. Selection criteria may include climate suitability, soil type, and intended use, whether for fresh consumption or processing purposes.",soil,chunk_1065,"Question: Which chilli cultivars are commonly grown?
Answer: Commonly grown chilli cultivars include Jalapeno, Habanero, Cayenne, Serrano, Thai Bird's Eye, and Anaheim, among others. These cultivars vary in heat intensity, flavor, and morphology, allowing growers to select based on factors such as market demand, culinary preferences, and growing conditions. Selection criteria may include climate suitability, soil type, and intended use, whether for fresh consumption or processing purposes."
What is the scientific name of the pathogen responsible for damping off in chilli plants?,The scientific name of the pathogen causing damping off in chilli plants is Pythium aphanidermatum.,soil,chunk_1066,"Question: What is the scientific name of the pathogen responsible for damping off in chilli plants?
Answer: The scientific name of the pathogen causing damping off in chilli plants is Pythium aphanidermatum."
Provide details about Ninjacart.,"Ninjacart is a significant player in Indian Agritech, offering solutions to farms, shops, stores, restaurants, and exporters. The company emphasizes providing customer recommendations while minimizing waste in the agricultural supply chain.",soil,chunk_1067,"Question: Provide details about Ninjacart.
Answer: Ninjacart is a significant player in Indian Agritech, offering solutions to farms, shops, stores, restaurants, and exporters. The company emphasizes providing customer recommendations while minimizing waste in the agricultural supply chain."
Explain how Paramparagat Krishi Vikas Yojana (PKVY) aims to promote organic farming.,"Geared towards promoting organic farming, PKVY seeks to enhance soil health and sustainable agriculture practices.",soil,chunk_1068,"Question: Explain how Paramparagat Krishi Vikas Yojana (PKVY) aims to promote organic farming.
Answer: Geared towards promoting organic farming, PKVY seeks to enhance soil health and sustainable agriculture practices."
What are some of the grape varieties favored for commercial grape production?,"Grape varieties favored for commercial grape production include Cabernet Sauvignon, Chardonnay, Merlot, Pinot Noir, Sauvignon Blanc, and Syrah, among others. These varieties are selected based on their adaptability to climate, soil, and consumer preferences.",soil,chunk_1069,"Question: What are some of the grape varieties favored for commercial grape production?
Answer: Grape varieties favored for commercial grape production include Cabernet Sauvignon, Chardonnay, Merlot, Pinot Noir, Sauvignon Blanc, and Syrah, among others. These varieties are selected based on their adaptability to climate, soil, and consumer preferences."
how is mulching important in agriculture.,"Mulching helps conserve soil moisture, regulate soil temperature, and suppress weed growth.",soil,chunk_1070,"Question: how is mulching important in agriculture.
Answer: Mulching helps conserve soil moisture, regulate soil temperature, and suppress weed growth."
"How can grapes be effectively marketed, especially for the purpose of winemaking?","Effective marketing strategies for grapes, particularly for winemaking purposes, involve establishing strong connections with wineries, emphasizing the grapes' quality and unique attributes, and actively engaging in wine industry events and competitions.",soil,chunk_1071,"Question: How can grapes be effectively marketed, especially for the purpose of winemaking?
Answer: Effective marketing strategies for grapes, particularly for winemaking purposes, involve establishing strong connections with wineries, emphasizing the grapes' quality and unique attributes, and actively engaging in wine industry events and competitions."
What are the essential requirements for exporting mangoes internationally?,"Exporting mangoes internationally involves meeting quality standards, obtaining phytosanitary certificates to confirm plant health, and adhering to the import regulations of the destination country.",soil,chunk_1072,"Question: What are the essential requirements for exporting mangoes internationally?
Answer: Exporting mangoes internationally involves meeting quality standards, obtaining phytosanitary certificates to confirm plant health, and adhering to the import regulations of the destination country."
What are the requirements for exporting mangoes internationally?,"Exporting mangoes typically involves meeting quality standards, obtaining phytosanitary certificates, and complying with import regulations of the destination country.",soil,chunk_1073,"Question: What are the requirements for exporting mangoes internationally?
Answer: Exporting mangoes typically involves meeting quality standards, obtaining phytosanitary certificates, and complying with import regulations of the destination country."
How can chemical spraying impact soil health?,"Chemical spraying can negatively affect soil health by killing non-targeted organisms, damaging soil biomass, and disrupting microorganism populations.",soil,chunk_1074,"Question: How can chemical spraying impact soil health?
Answer: Chemical spraying can negatively affect soil health by killing non-targeted organisms, damaging soil biomass, and disrupting microorganism populations."
What are the uses of soil air,"oil air plays an important role in the growth and development of plants by providing oxygen for respiration and other metabolic processes. Soil air also helps to maintain the proper soil moisture levels, which are essential for plant growth. ",soil,chunk_1075,"Question: What are the uses of soil air
Answer: oil air plays an important role in the growth and development of plants by providing oxygen for respiration and other metabolic processes. Soil air also helps to maintain the proper soil moisture levels, which are essential for plant growth. "
What's the organism responsible for Powdery mildew in mango trees?,"Powdery mildew in mango trees is caused by the pathogen Oidium mangiferae, also known as Acrosporum mangiferae. This organism produces ectophytic mycelium, with short, hyaline conidiophores and single-celled barrel-shaped conidia produced in chains.",soil,chunk_1076,"Question: What's the organism responsible for Powdery mildew in mango trees?
Answer: Powdery mildew in mango trees is caused by the pathogen Oidium mangiferae, also known as Acrosporum mangiferae. This organism produces ectophytic mycelium, with short, hyaline conidiophores and single-celled barrel-shaped conidia produced in chains."
What is the focus of the Paramparagat Krishi Vikas Yojana (PKVY) (2022)?,"Geared towards promoting organic farming, PKVY seeks to enhance soil health and sustainable agriculture practices.",soil,chunk_1077,"Question: What is the focus of the Paramparagat Krishi Vikas Yojana (PKVY) (2022)?
Answer: Geared towards promoting organic farming, PKVY seeks to enhance soil health and sustainable agriculture practices."
What are the recommended chemicals for controlling powdery mildew in chilli plants?,Wettable sulphur at 0.25% or Dinocap (Karathane) at 0.05% are recommended chemicals for controlling powdery mildew in chilli plants.,soil,chunk_1078,"Question: What are the recommended chemicals for controlling powdery mildew in chilli plants?
Answer: Wettable sulphur at 0.25% or Dinocap (Karathane) at 0.05% are recommended chemicals for controlling powdery mildew in chilli plants."
"What is the ideal pH range for promoting citrus tree growth, and what methods can be used to adjust soil pH as required?",The ideal pH range for promoting citrus tree growth is generally between 6.0 and 7.5. Soil pH can be adjusted as needed by applying lime to raise pH levels or elemental sulfur to lower pH levels.,soil,chunk_1079,"Question: What is the ideal pH range for promoting citrus tree growth, and what methods can be used to adjust soil pH as required?
Answer: The ideal pH range for promoting citrus tree growth is generally between 6.0 and 7.5. Soil pH can be adjusted as needed by applying lime to raise pH levels or elemental sulfur to lower pH levels."
What grape cultivars are commonly grown for commercial purposes?,"Common grape cultivars cultivated for commercial purposes include Cabernet Sauvignon, Chardonnay, Merlot, Pinot Noir, Sauvignon Blanc, and Syrah, among others. Varietal selection is influenced by factors like climate suitability, soil characteristics, and market demand.",soil,chunk_1080,"Question: What grape cultivars are commonly grown for commercial purposes?
Answer: Common grape cultivars cultivated for commercial purposes include Cabernet Sauvignon, Chardonnay, Merlot, Pinot Noir, Sauvignon Blanc, and Syrah, among others. Varietal selection is influenced by factors like climate suitability, soil characteristics, and market demand."
why whiteflies are able to multiply and spread so quickly,"Whiteflies have a high reproductive rate, with females capable of laying hundreds of eggs during their lifetime. These eggs hatch quickly, and the nymphs develop into adults in just a few weeks, allowing populations to increase rapidly.",soil,chunk_1081,"Question: why whiteflies are able to multiply and spread so quickly
Answer: Whiteflies have a high reproductive rate, with females capable of laying hundreds of eggs during their lifetime. These eggs hatch quickly, and the nymphs develop into adults in just a few weeks, allowing populations to increase rapidly."
What are some common grape varieties grown for commercial production?,"Common grape varieties for commercial production include Cabernet Sauvignon, Chardonnay, Merlot, Pinot Noir, Sauvignon Blanc, and Syrah, among others. Varieties are chosen based on climate, soil, and market demand.",soil,chunk_1082,"Question: What are some common grape varieties grown for commercial production?
Answer: Common grape varieties for commercial production include Cabernet Sauvignon, Chardonnay, Merlot, Pinot Noir, Sauvignon Blanc, and Syrah, among others. Varieties are chosen based on climate, soil, and market demand."
What's the organism responsible for Mango malformation in mango trees?,"Mango malformation in mango trees is caused by the pathogen Fusarium moliliforme var. subglutinans. This organism produces microconidia, which are one or two-celled, oval to fusiform, and produced from polyphialides. Macroconidia are rarely produced, and when present, they are two to three-celled and falcate. Chlamydospores are not produced.",soil,chunk_1083,"Question: What's the organism responsible for Mango malformation in mango trees?
Answer: Mango malformation in mango trees is caused by the pathogen Fusarium moliliforme var. subglutinans. This organism produces microconidia, which are one or two-celled, oval to fusiform, and produced from polyphialides. Macroconidia are rarely produced, and when present, they are two to three-celled and falcate. Chlamydospores are not produced."
What are the necessary procedures for exporting mangoes to foreign markets?,"Exporting mangoes to foreign markets requires meeting quality standards, obtaining phytosanitary certificates for plant health, and adhering to the import regulations of the destination country.",soil,chunk_1084,"Question: What are the necessary procedures for exporting mangoes to foreign markets?
Answer: Exporting mangoes to foreign markets requires meeting quality standards, obtaining phytosanitary certificates for plant health, and adhering to the import regulations of the destination country."
What management practices can be implemented to control powdery mildew in chilli plants caused by Leveillula taurica?,Spray Wettable sulphur at 0.25% or Dinocap (Karathane) at 0.05% to control powdery mildew in chilli plants caused by Leveillula taurica.,soil,chunk_1085,"Question: What management practices can be implemented to control powdery mildew in chilli plants caused by Leveillula taurica?
Answer: Spray Wettable sulphur at 0.25% or Dinocap (Karathane) at 0.05% to control powdery mildew in chilli plants caused by Leveillula taurica."
which plants prefer acidic soils with a pH range between 4.5 and 6.0.,Rhododendrons and Azaleas,soil,chunk_1086,"Question: which plants prefer acidic soils with a pH range between 4.5 and 6.0.
Answer: Rhododendrons and Azaleas"
What are the side effects of preservatives on human health?,"Allergic reactions: Some people may be allergic to certain preservatives, such as sulfites, which are commonly used in dried fruits, wine, and other foods. Symptoms of an allergic reaction to preservatives can include hives, itching, swelling, difficulty breathing, and anaphylaxis, a severe and potentially life-threatening reaction.",soil,chunk_1087,"Question: What are the side effects of preservatives on human health?
Answer: Allergic reactions: Some people may be allergic to certain preservatives, such as sulfites, which are commonly used in dried fruits, wine, and other foods. Symptoms of an allergic reaction to preservatives can include hives, itching, swelling, difficulty breathing, and anaphylaxis, a severe and potentially life-threatening reaction."
What type of climate is best for growing potatoes?,"Potatoes thrive in cool to moderate climates with well-drained soil and adequate moisture. They prefer temperatures between 15°C to 20°C for optimal growth, with minimal frost risk during the growing season. While potatoes can be grown in a range of climates, they perform best in regions with cool summers and mild winters.",soil,chunk_1088,"Question: What type of climate is best for growing potatoes?
Answer: Potatoes thrive in cool to moderate climates with well-drained soil and adequate moisture. They prefer temperatures between 15°C to 20°C for optimal growth, with minimal frost risk during the growing season. While potatoes can be grown in a range of climates, they perform best in regions with cool summers and mild winters."
What type of soil is best suited for growing beans?,Beans require well-draining soils with a pH level between 6.0 and 7.5,soil,chunk_1089,"Question: What type of soil is best suited for growing beans?
Answer: Beans require well-draining soils with a pH level between 6.0 and 7.5"
What is Regenerative Farming?,"Focuses on restoring soil health, biodiversity, and overall ecosystem resilience.",soil,chunk_1090,"Question: What is Regenerative Farming?
Answer: Focuses on restoring soil health, biodiversity, and overall ecosystem resilience."
why cassava widely grown?,its ability to thrive in poor soils and withstand drought,soil,chunk_1091,"Question: why cassava widely grown?
Answer: its ability to thrive in poor soils and withstand drought"
What is the recommended pH range for soil used for growing beans?,between 6.0 and 7.5,soil,chunk_1092,"Question: What is the recommended pH range for soil used for growing beans?
Answer: between 6.0 and 7.5"
what is mulching.,covering the soil around the cassava plants with a layer of organic material such as leaves or straw.,soil,chunk_1093,"Question: what is mulching.
Answer: covering the soil around the cassava plants with a layer of organic material such as leaves or straw."
Can spraying chemicals affect soil?,"Yes, especially uncontrolled spraying may kill non-targeted organisms, can damage soil biomass and microorganisms.",soil,chunk_1094,"Question: Can spraying chemicals affect soil?
Answer: Yes, especially uncontrolled spraying may kill non-targeted organisms, can damage soil biomass and microorganisms."
What is the pathogen responsible for Gray Mould?,"The pathogen is Botrytis cinerea. The mycelium is septate and branched, initially hyaline but becoming dark in color with age. Conidiophores are branched and bear conidia at the apex. Conidia are oblong and dark, either continuous or with one septum.",soil,chunk_1095,"Question: What is the pathogen responsible for Gray Mould?
Answer: The pathogen is Botrytis cinerea. The mycelium is septate and branched, initially hyaline but becoming dark in color with age. Conidiophores are branched and bear conidia at the apex. Conidia are oblong and dark, either continuous or with one septum."
What are some common grape varieties cultivated for commercial production?,"Common grape varieties grown for commercial production include Cabernet Sauvignon, Chardonnay, Merlot, Pinot Noir, Sauvignon Blanc, and Syrah, among others. The selection of varieties is based on factors such as climate, soil type, and market demand.",soil,chunk_1096,"Question: What are some common grape varieties cultivated for commercial production?
Answer: Common grape varieties grown for commercial production include Cabernet Sauvignon, Chardonnay, Merlot, Pinot Noir, Sauvignon Blanc, and Syrah, among others. The selection of varieties is based on factors such as climate, soil type, and market demand."
How can soil erosion be effectively prevented by farmers?,Farmers can effectively prevent soil erosion by employing methods such as terracing or mulching their gardens.,soil,chunk_1097,"Question: How can soil erosion be effectively prevented by farmers?
Answer: Farmers can effectively prevent soil erosion by employing methods such as terracing or mulching their gardens."
"How can I effectively market sapotas, particularly in competitive areas?","Effective marketing strategies for sapotas involve emphasizing their sweet flavor, nutritional value, and versatility in cooking. Establishing direct connections with local markets, retailers, and consumers can also help distinguish your sapota products and appeal to customers seeking quality and freshness.",soil,chunk_1098,"Question: How can I effectively market sapotas, particularly in competitive areas?
Answer: Effective marketing strategies for sapotas involve emphasizing their sweet flavor, nutritional value, and versatility in cooking. Establishing direct connections with local markets, retailers, and consumers can also help distinguish your sapota products and appeal to customers seeking quality and freshness."
Does cassava have much sugar in it when testing?,"Yes, but not as much as sugar cane",soil,chunk_1099,"Question: Does cassava have much sugar in it when testing?
Answer: Yes, but not as much as sugar cane"
what is the minimum soil depth required for growing cassava,30 cm,soil,chunk_1100,"Question: what is the minimum soil depth required for growing cassava
Answer: 30 cm"
What's the organism responsible for Red-rust in mango trees?,"Red-rust in mango trees is caused by the pathogen Cephaleuros virescens. This organism, after a period of vegetative growth, develops its reproductive structures. Sporangia formed directly on the thallus are sessile and thick-walled with orange pigments. They are formed singly on the vegetative filaments. When the sporangia ripen, the contents are converted into Zoospores and liberated through an opening in the wall. The Zoospores are orange in color, ovoid, and swim actively by means of cilia.",soil,chunk_1101,"Question: What's the organism responsible for Red-rust in mango trees?
Answer: Red-rust in mango trees is caused by the pathogen Cephaleuros virescens. This organism, after a period of vegetative growth, develops its reproductive structures. Sporangia formed directly on the thallus are sessile and thick-walled with orange pigments. They are formed singly on the vegetative filaments. When the sporangia ripen, the contents are converted into Zoospores and liberated through an opening in the wall. The Zoospores are orange in color, ovoid, and swim actively by means of cilia."
"What causes downy mildew in grapes, and what are its characteristics?","Downy mildew in grapes is caused by the pathogen Plasmopara viticola. Its characteristics include intercellular mycelium with spherical haustoria, thin-walled and hyaline, coenocytic mycelium. Sporangiophores produce thin-walled oval or lemon-shaped sporangia, yielding pear-shaped biflagellate zoospores and thick-walled oospores.",soil,chunk_1102,"Question: What causes downy mildew in grapes, and what are its characteristics?
Answer: Downy mildew in grapes is caused by the pathogen Plasmopara viticola. Its characteristics include intercellular mycelium with spherical haustoria, thin-walled and hyaline, coenocytic mycelium. Sporangiophores produce thin-walled oval or lemon-shaped sporangia, yielding pear-shaped biflagellate zoospores and thick-walled oospores."
What type of soil is best for growing citrus trees?,"Citrus trees thrive in well-drained, slightly acidic soil with a pH range of 6.0 to 7.5. Sandy loam or loamy soil types are ideal, ensuring good aeration and root development.",soil,chunk_1103,"Question: What type of soil is best for growing citrus trees?
Answer: Citrus trees thrive in well-drained, slightly acidic soil with a pH range of 6.0 to 7.5. Sandy loam or loamy soil types are ideal, ensuring good aeration and root development."
which type of cancer are high among agricultural workers.,"Leukemia, Non?Hodgkin lymphoma and skin cancer ",soil,chunk_1104,"Question: which type of cancer are high among agricultural workers.
Answer: Leukemia, Non?Hodgkin lymphoma and skin cancer "
What management practices can be implemented to control damping off in chilli plants caused by Pythium aphanidermatum?,Soil drenching with Copper oxychloride at a concentration of 0.25% can be effective in managing damping off in chilli plants.,soil,chunk_1105,"Question: What management practices can be implemented to control damping off in chilli plants caused by Pythium aphanidermatum?
Answer: Soil drenching with Copper oxychloride at a concentration of 0.25% can be effective in managing damping off in chilli plants."
Outline the key features of the Paramparagat Krishi Vikas Yojana (PKVY) launched in 2022.,"Geared towards promoting organic farming, PKVY seeks to enhance soil health and sustainable agriculture practices.",soil,chunk_1106,"Question: Outline the key features of the Paramparagat Krishi Vikas Yojana (PKVY) launched in 2022.
Answer: Geared towards promoting organic farming, PKVY seeks to enhance soil health and sustainable agriculture practices."
What type of climate is best for growing onions?,"Onions thrive in cool to moderate climates with well-drained soil and adequate sunlight. They require temperatures between 13°C to 24°C for optimal growth and bulb development. While onions can be grown in a range of climates, they perform best in regions with long daylight hours, mild winters, and minimal humidity during the growing season.",soil,chunk_1107,"Question: What type of climate is best for growing onions?
Answer: Onions thrive in cool to moderate climates with well-drained soil and adequate sunlight. They require temperatures between 13°C to 24°C for optimal growth and bulb development. While onions can be grown in a range of climates, they perform best in regions with long daylight hours, mild winters, and minimal humidity during the growing season."
What types of supports are suitable for staking tomato plants?,"Common tomato support methods include using stakes, cages, or trellises. Staking involves driving a sturdy stake into the ground near each tomato plant and tying the main stem to the stake as it grows. Caging utilizes wire or wooden cages placed around individual plants to support their growth. Trellising involves training tomato vines onto a vertical support system, such as a fence or netting, to keep them upright and maximize space utilization.",weather,chunk_1108,"Question: What types of supports are suitable for staking tomato plants?
Answer: Common tomato support methods include using stakes, cages, or trellises. Staking involves driving a sturdy stake into the ground near each tomato plant and tying the main stem to the stake as it grows. Caging utilizes wire or wooden cages placed around individual plants to support their growth. Trellising involves training tomato vines onto a vertical support system, such as a fence or netting, to keep them upright and maximize space utilization."
"What are the primary factors driving citrus market prices, and how do growers manage market volatility?","Citrus market prices are primarily driven by factors such as supply and demand dynamics, weather-related issues, consumer preferences, and global trade policies. Growers manage market volatility by diversifying their product offerings, investing in technologies to enhance productivity and quality, engaging in forward contracts or futures trading, and maintaining close relationships with buyers to understand market trends and demand fluctuations.",weather,chunk_1109,"Question: What are the primary factors driving citrus market prices, and how do growers manage market volatility?
Answer: Citrus market prices are primarily driven by factors such as supply and demand dynamics, weather-related issues, consumer preferences, and global trade policies. Growers manage market volatility by diversifying their product offerings, investing in technologies to enhance productivity and quality, engaging in forward contracts or futures trading, and maintaining close relationships with buyers to understand market trends and demand fluctuations."
How does downy mildew spread and survive in grapevines?,"Downy mildew in grapevines spreads through sporangia carried by wind, rain, etc. Oospores are present in infected leaves, shoots, and berries, while dormant mycelium can be found in infected twigs. Optimal conditions for spread include a temperature range of 20–22°C with a relative humidity of 80–100 percent.",weather,chunk_1110,"Question: How does downy mildew spread and survive in grapevines?
Answer: Downy mildew in grapevines spreads through sporangia carried by wind, rain, etc. Oospores are present in infected leaves, shoots, and berries, while dormant mycelium can be found in infected twigs. Optimal conditions for spread include a temperature range of 20–22°C with a relative humidity of 80–100 percent."
When is the best time to plant apple trees?,"Apple trees are best planted in late winter to early spring, while they are still dormant, to allow for root establishment before the onset of the growing season. However, container-grown apple trees can be planted throughout the growing season with proper care.",weather,chunk_1111,"Question: When is the best time to plant apple trees?
Answer: Apple trees are best planted in late winter to early spring, while they are still dormant, to allow for root establishment before the onset of the growing season. However, container-grown apple trees can be planted throughout the growing season with proper care."
How does Anthracnose spread among guava orchards?,Anthracnose spreads within guava orchards through the dissemination of conidia via wind or rain.,weather,chunk_1112,"Question: How does Anthracnose spread among guava orchards?
Answer: Anthracnose spreads within guava orchards through the dissemination of conidia via wind or rain."
"How is grape juice fermented into wine, and what factors influence the fermentation process?","Fermentation converts grape juice into wine through the action of yeast, which metabolizes sugars into alcohol and carbon dioxide. Factors such as yeast selection, fermentation temperature, and duration influence the flavor profile and quality of the resulting wine.",weather,chunk_1113,"Question: How is grape juice fermented into wine, and what factors influence the fermentation process?
Answer: Fermentation converts grape juice into wine through the action of yeast, which metabolizes sugars into alcohol and carbon dioxide. Factors such as yeast selection, fermentation temperature, and duration influence the flavor profile and quality of the resulting wine."
what is the use of vitamin B6?,B6 is related to metabolism and immune function as well as brain development during pregnancy,weather,chunk_1114,"Question: what is the use of vitamin B6?
Answer: B6 is related to metabolism and immune function as well as brain development during pregnancy"
how do we prevent foodborne illness?,"cook foods to proper temperatures, use separate cutting boards for uncooked meat and ready?to?eat foods, store leftover food in shallow containers and refrigerate within two hours.",weather,chunk_1115,"Question: how do we prevent foodborne illness?
Answer: cook foods to proper temperatures, use separate cutting boards for uncooked meat and ready?to?eat foods, store leftover food in shallow containers and refrigerate within two hours."
when do primary outbreaks occurs?,"occur with relatively inconspicuous, low-density populations that can survive without frequent rainfal",weather,chunk_1116,"Question: when do primary outbreaks occurs?
Answer: occur with relatively inconspicuous, low-density populations that can survive without frequent rainfal"
which fish are grown in farms?,"salmon, catfish, rainbow trout, tilapia, and cod are grown in fish farms",weather,chunk_1117,"Question: which fish are grown in farms?
Answer: salmon, catfish, rainbow trout, tilapia, and cod are grown in fish farms"
Are beef animals consuming grain that could be used to feed humans?,lifetime ,weather,chunk_1118,"Question: Are beef animals consuming grain that could be used to feed humans?
Answer: lifetime "
How does powdery mildew spread and persist in grapevines?,"Powdery mildew in grapevines spreads through airborne conidia and dormant mycelium and conidia present in infected shoots and buds. It thrives in sultry warm conditions with dull cloudy weather, which are highly favorable for its spread and survival.",weather,chunk_1119,"Question: How does powdery mildew spread and persist in grapevines?
Answer: Powdery mildew in grapevines spreads through airborne conidia and dormant mycelium and conidia present in infected shoots and buds. It thrives in sultry warm conditions with dull cloudy weather, which are highly favorable for its spread and survival."
"How does grape juice undergo transformation into wine through fermentation, and what influences the fermentation process?","Grape juice is converted into wine via fermentation, where yeast metabolizes sugars into alcohol and carbon dioxide. Factors such as yeast selection, fermentation temperature, and duration significantly impact the resulting wine's flavor profile and overall quality.",weather,chunk_1120,"Question: How does grape juice undergo transformation into wine through fermentation, and what influences the fermentation process?
Answer: Grape juice is converted into wine via fermentation, where yeast metabolizes sugars into alcohol and carbon dioxide. Factors such as yeast selection, fermentation temperature, and duration significantly impact the resulting wine's flavor profile and overall quality."
what is the purpose of threshing .,The purpose of the threshing process is to detach the grain from the panicles,weather,chunk_1121,"Question: what is the purpose of threshing .
Answer: The purpose of the threshing process is to detach the grain from the panicles"
what is the optimal temperature and humidity in the greenhouse suitable for maize plants., maize plants require warm temperatures and high humidity for optimal growth,weather,chunk_1122,"Question: what is the optimal temperature and humidity in the greenhouse suitable for maize plants.
Answer:  maize plants require warm temperatures and high humidity for optimal growth"
Name areas where substance farming is practicied.,Monsoon Asia and South-East Asia,weather,chunk_1123,"Question: Name areas where substance farming is practicied.
Answer: Monsoon Asia and South-East Asia"
How does powdery mildew spread and survive?,It spreads through air-borne conidia and through dormant mycelium and conidia present in infected shoots and buds. Sultry warm conditions with dull cloudy weather are highly favorable for its spread and survival.,weather,chunk_1124,"Question: How does powdery mildew spread and survive?
Answer: It spreads through air-borne conidia and through dormant mycelium and conidia present in infected shoots and buds. Sultry warm conditions with dull cloudy weather are highly favorable for its spread and survival."
what is the required humidity for cassava growth.,ranging from 70% to 90%,weather,chunk_1125,"Question: what is the required humidity for cassava growth.
Answer: ranging from 70% to 90%"
name agricultural products that belong to food classes.,"cereals (grains), vegetables, fruits, cooking oils, meat, milk, eggs, and fungi",weather,chunk_1126,"Question: name agricultural products that belong to food classes.
Answer: cereals (grains), vegetables, fruits, cooking oils, meat, milk, eggs, and fungi"
why does the use of herbicides requires proper training and application.,to avoid damage to the cassava plants and the environment,weather,chunk_1127,"Question: why does the use of herbicides requires proper training and application.
Answer: to avoid damage to the cassava plants and the environment"
What is the recommended approach to pruning grapevines for maximum yield and quality?,"To ensure maximum yield and quality, grapevines should be pruned by removing old or excess growth, training the vines onto a trellis system, and thinning out clusters to enhance airflow and sun exposure. Pruning is typically carried out during the dormant season to promote healthy vine growth.",weather,chunk_1128,"Question: What is the recommended approach to pruning grapevines for maximum yield and quality?
Answer: To ensure maximum yield and quality, grapevines should be pruned by removing old or excess growth, training the vines onto a trellis system, and thinning out clusters to enhance airflow and sun exposure. Pruning is typically carried out during the dormant season to promote healthy vine growth."
How does downy mildew propagate and persist within grapevines?,"Downy mildew propagates and persists in grapevines through the dispersal of sporangia via wind, rain, etc. Oospores reside in infected leaves, shoots, and berries, with dormant mycelium present in infected twigs. Favorable conditions for its propagation include temperatures ranging from 20–22°C and relative humidity levels of 80–100 percent.",weather,chunk_1129,"Question: How does downy mildew propagate and persist within grapevines?
Answer: Downy mildew propagates and persists in grapevines through the dispersal of sporangia via wind, rain, etc. Oospores reside in infected leaves, shoots, and berries, with dormant mycelium present in infected twigs. Favorable conditions for its propagation include temperatures ranging from 20–22°C and relative humidity levels of 80–100 percent."
in which way is climate change affecting agriculture?,"changes in temperature, rainfall, and weather patterns",weather,chunk_1130,"Question: in which way is climate change affecting agriculture?
Answer: changes in temperature, rainfall, and weather patterns"
How should grapevines be pruned to ensure optimal yield and quality?,"Pruning grapevines involves removing old or excess growth, training the vines onto a trellis system, and thinning out clusters to improve airflow and sun exposure. It is typically carried out during the dormant season to promote healthy growth and maximize grape production.",weather,chunk_1131,"Question: How should grapevines be pruned to ensure optimal yield and quality?
Answer: Pruning grapevines involves removing old or excess growth, training the vines onto a trellis system, and thinning out clusters to improve airflow and sun exposure. It is typically carried out during the dormant season to promote healthy growth and maximize grape production."
How should I prune grapevines for optimal yield and quality?,"Pruning grapevines involves removing old or excess growth, training the vines onto a trellis system, and thinning out clusters to improve airflow and sun exposure. Pruning is typically done during the dormant season.",weather,chunk_1132,"Question: How should I prune grapevines for optimal yield and quality?
Answer: Pruning grapevines involves removing old or excess growth, training the vines onto a trellis system, and thinning out clusters to improve airflow and sun exposure. Pruning is typically done during the dormant season."
How many pounds of grain does it take to produce 1 pound of beef?,2.5 pounds,weather,chunk_1133,"Question: How many pounds of grain does it take to produce 1 pound of beef?
Answer: 2.5 pounds"
when do the intensity of outbreak increases.,"during the start of the wet season after a drought, which allows moths to lay eggs in areas of dense vegetation which supports the larval stage growth",weather,chunk_1134,"Question: when do the intensity of outbreak increases.
Answer: during the start of the wet season after a drought, which allows moths to lay eggs in areas of dense vegetation which supports the larval stage growth"
"What is the process by which grape juice is converted into wine through fermentation, and what factors affect this process?","Fermentation transforms grape juice into wine by yeast, which converts sugars into alcohol and carbon dioxide. Key factors influencing fermentation include yeast choice, fermentation temperature, and duration, all of which contribute to the wine's taste and quality.",weather,chunk_1135,"Question: What is the process by which grape juice is converted into wine through fermentation, and what factors affect this process?
Answer: Fermentation transforms grape juice into wine by yeast, which converts sugars into alcohol and carbon dioxide. Key factors influencing fermentation include yeast choice, fermentation temperature, and duration, all of which contribute to the wine's taste and quality."
what is the ideal storage temperature for beans?, between 10-15�C,weather,chunk_1136,"Question: what is the ideal storage temperature for beans?
Answer:  between 10-15�C"
How does Anthracnose spread within guava orchards?,Anthracnose spreads within guava orchards through the spread of conidia by wind or rain.,weather,chunk_1137,"Question: How does Anthracnose spread within guava orchards?
Answer: Anthracnose spreads within guava orchards through the spread of conidia by wind or rain."
at what stage does cassava requires about 500 to 750 mm of rainfall.,maturation stage,weather,chunk_1138,"Question: at what stage does cassava requires about 500 to 750 mm of rainfall.
Answer: maturation stage"
What is the best season for beans?,"beans prefer warm weather, plant at least a week after the last spring frost",weather,chunk_1139,"Question: What is the best season for beans?
Answer: beans prefer warm weather, plant at least a week after the last spring frost"
"How is grape juice transformed into wine through fermentation, and what factors play a role in shaping the fermentation process?","Fermentation converts grape juice into wine by yeast, which metabolizes sugars into alcohol and carbon dioxide. Factors such as yeast selection, fermentation temperature, and duration significantly influence the resulting wine's flavor characteristics and overall quality.",weather,chunk_1140,"Question: How is grape juice transformed into wine through fermentation, and what factors play a role in shaping the fermentation process?
Answer: Fermentation converts grape juice into wine by yeast, which metabolizes sugars into alcohol and carbon dioxide. Factors such as yeast selection, fermentation temperature, and duration significantly influence the resulting wine's flavor characteristics and overall quality."
define what is humdity.,Humidity refers to the amount of moisture present in the air.,weather,chunk_1141,"Question: define what is humdity.
Answer: Humidity refers to the amount of moisture present in the air."
What are the mechanisms behind the spread of Anthracnose in guava orchards?,Anthracnose disseminates within guava orchards through the distribution of conidia propelled by wind or rain.,weather,chunk_1142,"Question: What are the mechanisms behind the spread of Anthracnose in guava orchards?
Answer: Anthracnose disseminates within guava orchards through the distribution of conidia propelled by wind or rain."
what are the common causes of fatal injuries among young farm workers.,"drowning, machinery and motor accidents, including with all-terrain vehicles.",weather,chunk_1143,"Question: what are the common causes of fatal injuries among young farm workers.
Answer: drowning, machinery and motor accidents, including with all-terrain vehicles."
"During the mid to late vegetative stage, cassava requires less rainfall as it begins to store food in its roots. what is it?",about 750 to 1000 mm of rainfall.,weather,chunk_1144,"Question: During the mid to late vegetative stage, cassava requires less rainfall as it begins to store food in its roots. what is it?
Answer: about 750 to 1000 mm of rainfall."
is Acholi Sub-region affected by drought?,"he Acholi sub-region, which comprises of the districts of Agago, Amuru, Gulu, Kitgum, Lamwo, Nwoya, and Pader, is another area affected by drought in Uganda. The region is located in the northern part of Uganda and is characterized by a semi-arid to sub-humid climate.",weather,chunk_1145,"Question: is Acholi Sub-region affected by drought?
Answer: he Acholi sub-region, which comprises of the districts of Agago, Amuru, Gulu, Kitgum, Lamwo, Nwoya, and Pader, is another area affected by drought in Uganda. The region is located in the northern part of Uganda and is characterized by a semi-arid to sub-humid climate."
what other factors make whitefly to multiply faster.,"Whiteflies have a relatively short life cycle, with adults living for only a few weeks. This means that multiple generations can occur within a growing season, allowing populations to increase rapidly.
",weather,chunk_1146,"Question: what other factors make whitefly to multiply faster.
Answer: Whiteflies have a relatively short life cycle, with adults living for only a few weeks. This means that multiple generations can occur within a growing season, allowing populations to increase rapidly.
"
how do the moths migrate?,"migration is based on winds brought by the Intertropical Convergence Zone, which move northwards or southwards depending on the season",weather,chunk_1147,"Question: how do the moths migrate?
Answer: migration is based on winds brought by the Intertropical Convergence Zone, which move northwards or southwards depending on the season"
what is the best time to plant maize,You need to plant your maize at the onset of the rains either in March or in August to Septembe,weather,chunk_1148,"Question: what is the best time to plant maize
Answer: You need to plant your maize at the onset of the rains either in March or in August to Septembe"
How does powdery mildew propagate and endure within grapevines?,"Powdery mildew propagates and persists in grapevines through the dissemination of airborne conidia and the presence of dormant mycelium and conidia in infected shoots and buds. It favors sultry warm conditions with dull cloudy weather, which facilitate its propagation and survival.",weather,chunk_1149,"Question: How does powdery mildew propagate and endure within grapevines?
Answer: Powdery mildew propagates and persists in grapevines through the dissemination of airborne conidia and the presence of dormant mycelium and conidia in infected shoots and buds. It favors sultry warm conditions with dull cloudy weather, which facilitate its propagation and survival."
How does downy mildew spread and survive?,"It spreads through sporangia by wind, rain, etc. Oospores are present in infected leaves, shoots, and berries. Dormant mycelium can be found in infected twigs. Optimum temperature for spread is 20–22°C with a relative humidity of 80–100 percent.",weather,chunk_1150,"Question: How does downy mildew spread and survive?
Answer: It spreads through sporangia by wind, rain, etc. Oospores are present in infected leaves, shoots, and berries. Dormant mycelium can be found in infected twigs. Optimum temperature for spread is 20–22°C with a relative humidity of 80–100 percent."
